garlic;2712
soy sauce;2404
ginger;2351
sesame oil;2032
salt;1818
water;1572
sugar;1558
corn starch;1526
green onion;1227
vegetable oil;1150
scallion;1006
oil;905
egg;893
rice vinegar;832
chicken breast;705
carrot;689
wine;669
white pepper;651
black pepper;618
oyster sauce;605
onion;586
chinese five spice powder;548
light soy sauce;545
sesame seed;522
pepper;510
hoisin sauce;504
red pepper;496
brown sugar;479
honey;478
pork;458
peanut oil;449
dark soy sauce;439
flour;425
chicken stock;338
olive oil;337
shrimp;327
low sodium soy sauce;321
kosher salt;321
canola oil;319
chicken;305
cilantro;293
chicken broth;290
rice;290
red bell pepper;278
spring onion;274
peanut;268
sherry;267
rice wine;236
red chili pepper;235
chili oil;221
sriracha;220
mushroom;219
water chestnut;211
sauce;203
chinese rice wine;202
ginger root;193
szechwan peppercorn;191
white sugar;191
shiitake mushroom;190
cabbage;189
chicken thigh;184
bok choy;176
star anise;176
ketchup;170
egg whit;169
cornstarch;167
snow pea;158
garlic powder;157
butter;155
beansprout;153
white rice;150
napa cabbage;150
sodium soy sauce;150
shiitake;148
shallot;143
beef;140
fish sauce;139
broccoli;138
black vinegar;136
broccoli floret;135
wonton wrapper;132
sea salt;129
white vinegar;128
celery;122
pea;121
orange juice;120
powder;114
chili sauce;114
bamboo shoot;113
dark sesame oil;112
green bell pepper;111
noodl;111
cucumber;109
cilantro leaf;108
soda;105
lemon juice;101
almond;101
yellow onion;99
mirin;99
boneless chicken breast;98
wrapper;97
pork belly;93
vegetabl;92
firm;92
low sodium chicken broth;91
chili paste;91
chili;90
vinegar;89
corn flour;88
flank steak;86
coriander;86
chinese cabbage;84
pork tenderloin;83
lime juice;82
green bean;81
purple onion;81
chili pepper;80
garlic chili sauce;80
chicken wing;77
sake;76
milk;76
conimex wok olie;76
lime;73
orange;72
brown rice;68
tomato;66
gai lan;65
green pepper;64
sugar pea;63
cashew nut;63
zucchini;63
extra firm;62
rice noodl;61
cinnamon stick;61
black bean;58
chinese sausage;58
chinese egg noodl;57
coconut oil;56
spinach;55
sweet chili sauce;55
tamari soy sauce;54
leek;54
bean paste;54
apple cider vinegar;53
marinade;53
red wine vinegar;53
white sesame seed;53
chinese noodl;52
sodium chicken broth;52
meat;51
jasmine rice;50
cayenne pepper;50
bell pepper;50
dark brown sugar;50
tomato paste;49
lemon;49
egg noodl;49
worcestershire sauce;49
corn;48
paprika;48
spice;47
chiv;47
ramen noodl;47
vegetable broth;46
green cabbage;46
chili powder;45
rice wine vinegar;45
boneless chicken thigh;43
chow mein noodl;43
vanilla;43
long grain rice;42
egg yolk;41
coconut milk;40
red chile pepper;40
jalapeno chily;40
cashew;40
white wine;40
panko breadcrumb;39
asparagu;39
potato starch;39
pineapple;39
curry powder;39
balsamic vinegar;39
clove;39
white onion;38
bay leaf;38
orange zest;37
chile paste;37
red cabbage;36
yeast;35
caster sugar;35
pineapple chunk;35
rice flour;35
mung bean sprout;35
onion powder;34
peanut butter;34
mandarin orang;34
romaine lettuce;34
black bean sauce;34
mustard;34
chinese chiv;33
mayonnaise;33
pineapple juice;33
bean sprout;33
pork shoulder;32
cauliflower;32
cumin;32
green chily;32
lettuce;32
cinnamon;32
mint;31
teriyaki sauce;31
green part;31
black sesame seed;30
spaghetti;30
potato;30
tomato ketchup;30
eggplant;30
iceberg lettuce;30
black peppercorn;29
green;29
cider vinegar;29
wood ear mushroom;29
yellow bell pepper;29
fry vegetable blend;29
conimex chinese eiermie;28
free soy sauce;28
instant yeast;28
ham;28
rib;27
fennel seed;27
prawn;27
turkey;27
vegetable stock;27
low sodium chicken stock;27
plain flour;27
thai chile;27
chile;27
bean curd;27
lemongras;27
green pea;27
creamy peanut butter;27
thai basil;26
chili bean paste;26
leaf;26
pork loin;26
garlic salt;26
bacon;26
chicken drumstick;26
button mushroom;26
red food;25
beef broth;25
bean;25
sirloin steak;25
conimex ketjap mani;25
sichuan peppercorn;25
parsley;25
short rib;24
stock;24
white wine vinegar;24
lettuce leaf;24
coconut amino;24
shiitake mushroom cap;24
beef stock;24
chinkiang vinegar;24
ton wrapper;24
radish;23
rock sugar;23
sichuan pepper;23
celery rib;23
black mushroom;23
maple syrup;23
turmeric;22
plum sauce;22
kecap mani;22
edamame;22
lemon zest;22
clov;21
fry sauce;21
sweet soy sauce;21
fish;20
basil;20
spic;20
rice vermicelli;20
walnut;20
capsicum;20
chinese rice vinegar;20
chinese eggplant;20
orange marmalade;20
conimex wok noedel;20
pork chop;20
steak;20
five spice powder;19
molass;19
bean sauce;19
chicken thigh fillet;19
lo mein noodl;19
avocado;19
seed;19
sesame paste;19
chicken finger;19
gingerroot;19
round steak;19
slaw;19
corn oil;19
sambal ulek;19
plum;18
cream cheese;18
whole chicken;18
soba noodl;18
beef sirloin;18
coconut;18
daikon;18
garlic paste;18
fat;18
basmati rice;17
gyoza wrapper;17
red capsicum;17
pork rib;17
canola;17
cilantro sprig;17
glutinous rice flour;17
cremini mushroom;17
tahini;17
udon;17
chili garlic paste;17
garlic chiv;17
roast peanut;17
neutral oil;17
tomato sauce;17
cake flour;17
orange peel;17
basil leaf;17
boneless chicken;16
lengthway;16
cayenne;16
starch;16
lard;16
butter lettuce;16
sweet onion;16
salad;16
chicken meat;16
bread crumb;16
boneless pork shoulder;16
agave nectar;16
crosswise;16
mint leaf;16
broth;16
dijon mustard;16
regular soy sauce;15
tapioca starch;15
gluten free tamari;15
dough;15
choy sum;15
dat;15
juice;15
doubanjiang;15
corn kernel;15
bawang goreng;15
red onion;15
less sodium chicken broth;15
thyme;15
chicken breast fillet;15
pork sparerib;15
chili bean sauce;14
tapioca flour;14
pork butt;14
linguine;14
spinach leaf;14
asian sesame oil;14
black rice vinegar;14
length;14
quinoa;14
ginger paste;14
heavy cream;14
dumpling;14
scallion green;14
kale;14
crimini mushroom;13
silken;13
soup powder;13
coconut sugar;13
spice powder;13
chile garl sauc;13
chile pepper;13
chinese mustard;13
chile sauce;13
boneless pork loin;13
rice paper;13
cherry tomato;13
soy;13
cream;13
sesame;13
sparerib;13
tomato pur e;12
sour sauce;12
duck;12
dill;12
brussels sprout;12
pepper sauce;12
savoy cabbage;12
sweet potato;12
char siu;12
yellow pepper;12
white button mushroom;12
salmon fillet;12
mustard green;12
chinese wheat noodl;12
nutmeg;12
boneless pork chop;11
spare rib;11
asian fish sauce;11
glutinous rice;11
english cucumber;11
paste;11
veggy;11
broccoli slaw;11
wide rice noodl;11
dashi;11
panko;11
bread flour;11
peppercorn;11
red chili;11
pak choi;11
organic sugar;11
chicken bouillon;11
haricots vert;11
oyster mushroom;11
rotisserie chicken;11
top sirloin steak;11
kimchi;10
buttermilk;10
msg;10
arrowroot powder;10
japanese eggplant;10
jicama;10
bean thread;10
chestnut;10
lemon gras;10
potato flour;10
sherry vinegar;10
broccolini;10
parmesan cheese;10
bird chile;10
arbol;10
sunflower oil;10
wonton;10
whole milk;10
squid;10
white pepper powder;10
cumin seed;10
soup;10
raw honey;10
char siu sauce;10
whole star anise;10
maltose;10
scallop;10
pork fillet;10
chile bean paste;10
chicken leg;10
skin;10
confectioners sugar;9
chicken tenderloin;9
orange bell pepper;9
white rice vinegar;9
white mushroom;9
gluten;9
pasta;9
reduced sodium soy sauce;9
meat bon;9
liquid;9
sweet corn;9
gochujang base;9
red bean paste;9
conimex gebakken uitj;9
tea;9
crabmeat;9
vodka;9
coriander seed;9
arrowroot;9
chinese celery;9
gyoza;9
navel orang;9
turnip;9
herb;9
short grain rice;9
red wine;9
ponzu;9
barbecue sauce;9
chilli paste;9
black fungu;9
mango;9
vermicelli noodl;9
goji berry;8
blue band vloeibaar iedere dag;8
vegetable;8
gammon steak;8
beer;8
essence;8
pinenut;8
rice stick;8
dark soy;8
stalks celery;8
asian eggplant;8
lotus root;8
fillet;8
cabbage leaf;8
sour;8
nappa cabbage;8
floret;8
cane sugar;8
flour tortilla;8
conimex ketjap asin;8
homemade chicken stock;8
curry;8
seedless cucumber;8
oregano;8
duck breast;8
black tea leaf;8
raw cashew;8
flat leaf parsley;8
orange juice concentrate;8
tangerine;8
bia;8
roll;8
sweet rice;8
flower;8
straw mushroom;8
serrano chile;8
rice stick noodl;8
low salt chicken broth;8
pumpkin;8
ginger juice;8
pork loin chop;8
groundnut oil;8
crab;8
dark leafy green;7
pork stock;7
asian chili sauce;7
sugar substitute;7
raw sugar;7
bread;7
serrano pepper;7
cream style corn;7
chicken leg quarter;7
mushroom cap;7
whitefish fillet;7
diagonal;7
pancake;7
salad oil;7
safflower oil;7
red chili powder;7
bud;7
coleslaw;7
vermicelli;7
palm sugar;7
napa cabbage leaf;7
wrap;7
stevia;7
drummett;7
chop;7
old ginger;7
chicken fillet;7
soba;7
yakisoba noodl;7
sherry wine;7
head napa cabbage;7
pork bon;7
glass noodl;7
thigh;7
white cabbage;7
tabasco pepper sauce;7
sweet pepper;7
enokitake;7
almond flour;7
rump steak;7
kikkoman soy sauce;7
safflower;6
head;6
black bean garlic sauce;6
shrimp paste;6
seitan;6
glaze;6
nori;6
mi;6
chilli bean sauce;6
oyster;6
tiger prawn;6
natural peanut butter;6
chicken bon;6
vegetarian oyster sauce;6
chenpi;6
sausag;6
garam masala;6
chili garlic sauce;6
brandy;6
maggi;6
chinese parsley;6
angel hair;6
ice;6
tea bag;6
syrup;6
conimex sambal badjak;6
romaine lettuce leaf;6
fresno chil;6
apple juice;6
lobster;6
loin pork roast;6
arrowroot starch;6
chicken breast tender;6
clear honey;6
konbu;6
plum tomato;6
fish fillet;6
beef tenderloin;6
chestnut mushroom;6
ramp;6
sea bas;6
cheese;6
salad green;6
chunky peanut butter;6
firm silken;6
boston lettuce;6
garlic puree;6
peach;6
minut;6
celery leaf;6
sticky rice;6
yellow bean sauce;6
red curry paste;6
apricot;6
lite soy sauce;6
portabello mushroom;6
salmon;6
pea pod;6
yellow chiv;6
almond butter;6
lime zest;5
bamie;5
whole wheat spaghetti;5
chicken bouillon granul;5
asparagus spear;5
whole black peppercorn;5
red rice vinegar;5
red chilly;5
conimex seroendeng;5
shell;5
chinese sesame paste;5
mustard powder;5
gelatin;5
lotus leaf;5
custard powder;5
beef steak;5
mian;5
pea shoot;5
thai fish sauce;5
rice cak;5
minute rice;5
oxtail;5
grain;5
watercres;5
inch;5
sprout;5
iceberg;5
bittersweet chocolate;5
beef brisket;5
jumbo shrimp;5
plain yogurt;5
low sodium beef broth;5
inch piece ginger;5
conimex sambal;5
rosemary;5
cap;5
sweet rice flour;5
sirloin;5
pandanus leaf;5
japanese soy sauce;5
orange rind;5
lower sodium soy sauce;5
knife;5
boneless beef chuck roast;5
sweet paprika;5
lump crab meat;5
low sodium fat free chicken broth;5
end;5
groundnut;5
sweet bean sauce;5
filet;5
xanthan gum;5
reduced sodium chicken broth;5
avocado oil;5
coriander powder;5
rice bran oil;5
chicken part;5
beet;5
jasmine;5
gluten free hoisin sauce;5
runny honey;5
sea scallop;5
appl;5
organic chicken;5
white peppercorn;5
coconut flour;5
work;4
anise seed;4
soya bean;4
coconut vinegar;4
chilli bean paste;4
ice water;4
mushroom soy sauce;4
bone in chicken breast;4
meatball;4
wonton noodl;4
bourbon whiskey;4
hokkien noodl;4
pineapple ring;4
club soda;4
tapioca;4
pine nut;4
turbinado;4
light corn syrup;4
ghee;4
orang;4
pear;4
pork shoulder butt;4
chinese chili paste;4
nonstick;4
asian noodl;4
chicken feet;4
ginger pur e;4
celery stalk;4
bean curd stick;4
chickpea;4
kaffir lime leaf;4
beef shank;4
sunflower seed;4
madras curry powder;4
white part;4
nut;4
brown basmati rice;4
lemon peel;4
sambal chile paste;4
box grater;4
sweet bean paste;4
pork sausag;4
asian market;4
duck drumstick;4
gari;4
low sodium vegetable broth;4
pickl;4
segment;4
butterscotch chip;4
gai choy;4
kikkoman hoisin sauce;4
chinese plum sauce;4
soybean sprout;4
cassia cinnamon;4
lumpia wrapper;4
fat free chicken broth;4
sodium vegetable broth;4
soy milk;4
crab meat;4
section;4
mung bean noodl;4
pork fat;4
coconut cream;4
liquid amino;4
cornflour;4
asian chile paste;4
allspice;4
sodium beef broth;4
oriental sesame oil;4
shoyu;4
wheat;4
sweet pea;4
shichimi togarashi;4
halibut;4
splenda;4
bbq sauce;4
chunk;4
szechuan peppercorn;4
cranberry;4
root ginger;4
skirt steak;4
sage;4
cake;4
bun;4
serrano chily;4
bone in skin on chicken thigh;4
tail;4
maida flour;4
curry leaf;3
fennel;3
cauliflower floret;3
anchovy;3
pork neck;3
ramen;3
pork meat;3
black forest ham;3
sichuanese chili paste;3
liquid smoke;3
bicarbonate;3
cardamom;3
broccoli rabe;3
chinese pea pod;3
shanghai noodl;3
asian;3
wheat starch;3
onion top;3
korean chile;3
caster;3
paneer;3
sesame chili oil;3
medium grain rice;3
chinese turnip;3
whole wheat flour;3
conimex boemboe ajam paniki;3
lap cheong;3
lamb;3
julienne cut carrot;3
chicken cutlet;3
room temperature;3
chicken wingett;3
cornmeal;3
celery seed;3
sushi rice;3
pig feet;3
spanish onion;3
shell on shrimp;3
asian grocer;3
garnish;3
thai chili;3
champagne vinegar;3
chicken carcas;3
wasabi paste;3
caper;3
whole star anise pod;3
biscuit;3
robust point;3
bone in pork chop;3
green garlic;3
bamboo leaf;3
italian;3
popcorn chicken;3
pork rind;3
red potato;3
old bay;3
pearl river bridge brand;3
fat firm;3
top sirloin;3
semi sweet chocolate morsel;3
spring roll;3
free range egg;3
conimex woksaus zoete soja;3
peanut sauce;3
schmaltz;3
seafood;3
shallots scallion;3
vinaigrette;3
light soy;3
chilli powder;3
alkaline water;3
cooky;3
g pork belly;3
dashi kombu;3
zucchini noodl;3
conimex boemboe babi ketjap;3
sour cream;3
brown rice syrup;3
potato starch flour;3
petite pea;3
free egg;3
baguette;3
tangerine juice;3
root vegetabl;3
tip;3
cocoa powder;3
clementine juice;3
mein;3
teriyaki marinade;3
bun flour;3
bone broth;3
gram;3
roma tomato;3
matchstick;3
handful;3
equal sweetener;3
conimex kruidenmix voor bahmi;3
green peppercorn;3
head iceberg lettuce;3
pumpkin pur e;3
burger bun;3
thick cut bacon;3
pork skin;3
ginger sliver;3
piece;3
pods star anise;3
horseradish;3
abc kecap mani;3
red chil;3
sweet rice wine;3
snow pea pod;3
romaine lettuce heart;3
steamer;3
weight;3
spring;3
brown rice vinegar;3
puff;3
scotch bonnet chile;3
brown mushroom;3
leaves napa cabbage;3
raisin;3
tea leaf;3
smithfield ham;3
piece ginger;3
roe;3
chinese ham;3
celery stick;3
kiwi;3
malt vinegar;3
chocolate;3
stalk;3
mushroom broth;3
tilapia fillet;3
chef s knife;3
varnish clam;3
butter oil;3
chinese spice;3
black tea;3
nam pla;3
instant rice;3
galangal;3
banana;3
fruit;3
white bread;3
conimex oestersau;3
macadamia nut;3
sesame seed oil;3
tilapia;3
creole;3
mushroom sauce;3
yam;3
beef consomme;3
table salt;3
tamarind paste;3
conimex mie nestj;3
wine vinegar;3
cheddar cheese;3
turkey breast;3
tangerine zest;3
shanghai bok choy;3
lemon pepper;3
lamb chop;3
tomato passata;3
persian cucumber;3
matchstick cut carrot;3
conimex mihoen;3
golden syrup;3
duck sauce;3
head cabbage;3
spring onion green;3
red chile;3
shrimp tail;3
base;3
egg substitute;3
japanese mountain yam;3
recipe;3
bunch scallion;3
tender;2
chinese spinach;2
siracha sauce;2
himalayan salt;2
pork mince;2
roll cut;2
white rice flour;2
conimex sojasau;2
prawn cracker;2
dark rum;2
food;2
free range chicken breast;2
argo corn starch;2
white radish;2
choice;2
lemon rind;2
tangerine peel;2
boneless boston butt pork roast;2
substitute hoisin sauce;2
young ginger;2
boneless sirloin steak;2
sliver;2
duck fat;2
boneless chicken breast meat;2
thyme leaf;2
ginger piece;2
string bean;2
nut oil;2
natural goodnes;2
bitter gourd;2
whole peppercorn;2
low sodium stock;2
sardin;2
veal;2
fatback;2
japanese rice vinegar;2
roast;2
direction;2
ahi;2
tapioca pearl;2
anaheim chile;2
oatmeal;2
furikake;2
progresso chicken broth;2
mizkan oigatsuo tsuyu soup base;2
broccoli crown;2
bamboo;2
grain rice;2
shanghai style noodl;2
nuoc mam;2
roast duck meat;2
zest;2
sweet sherry;2
raw cane sugar;2
forest mushroom;2
rooster;2
conimex woksaus knoflook koriander;2
fish ball;2
thai jasmine rice;2
reduced sodium tamari sauce;2
chinese cinnamon;2
greek yogurt;2
extra light olive oil;2
conimex geraspte koko;2
size onion;2
perrins worcestershire sauce;2
onion salt;2
sticks imitation crab meat;2
low fat milk;2
red kidney bean;2
mung bean vermicelli;2
dungeness crab;2
sweet mini bell;2
beef gravy;2
pecan;2
beefsteak tomato;2
fish paste;2
golden raisin;2
conimex atjar tjampoer;2
pineapple tidbit;2
golden caster sugar;2
venison;2
blue crab;2
thumb ginger;2
green curry paste;2
vegetable stock powder;2
almond milk;2
brown rice flour;2
spaghetti noodl;2
cm;2
white fish;2
whole straw mushroom;2
crispy chow mein noodl;2
pork sirloin roast;2
diamond cut;2
whole sichuan peppercorn;2
cod fillet;2
japanese turnip;2
catsup;2
cereal;2
sweet marsala wine;2
beef tendon;2
conimex boemboe nasi goreng;2
marmite;2
head broccoli;2
oyster flavor sauc;2
oriental flavor ramen noodle soup;2
equal parts water;2
ml;2
portobello cap;2
cracker;2
eggroll wrapper;2
yolk;2
crisco;2
crisp;2
store bought low sodium beef broth;2
raw almond;2
scallions shallot;2
american cheese;2
pomegranate juice;2
sweet chili;2
reduced fat firm;2
low sodium;2
whiskey;2
free chicken broth;2
poultry;2
corn tortilla;2
pig;2
ml chicken stock water;2
yellow summer squash;2
crab claw;2
voor tjap tjoy;2
white rice wine;2
kung pao sauce;2
boston lettuce leaf;2
russet potato;2
jalapeno pepper;2
chuck;2
headnote;2
bibb lettuce;2
red chily;2
taro;2
veget;2
black rice;2
jackfruit;2
clementin;2
somen;2
fennel bulb;2
conimex boemboe bahmi goreng;2
gravy;2
tamarind pulp;2
fish stock;2
thicknes;2
jalape o pepper;2
arugula;2
katakuriko;2
yellow food;2
shirataki;2
temperature;2
broccoli floweret;2
calamansi juice;2
boneless country style pork rib;2
boy choy;2
strawberry;2
turkey breast cutlet;2
winter melon;2
sambal olek;2
sausage casing;2
ramen soup;2
conimex ketjap marinade;2
huy fong;2
whole water chestnut;2
applesauce;2
tuna fillet;2
plain greek yogurt;2
whitefish;2
dill sprig;2
black soy sauce;2
shiro;2
cutlet;2
fettuccine pasta;2
tamarind concentrate;2
red snapper;2
container reduced fat sour cream;2
angel hair pasta;2
tripe;2
crep;2
stalk scallion;2
bonito;2
becel keuken;2
x inch;2
chile oil;2
cilantro root;2
lamb fillet;2
soft dark brown sugar;2
sprig rosemary;2
duck liver;2
buffalo sauce;2
container vanilla low fat yogurt;2
mozzarella cheese;2
salt water;2
rhubarb;2
cres;2
tarragon sprig;2
green chili pepper;2
edamame bean;2
blue cheese;2
green tea;2
high gluten flour;2
bottom;2
yellow squash;2
egg roll;2
chinese pancak;2
salsa;2
morel;2
bow tie pasta;2
grape seed oil;2
hong kong style noodl;2
golden brown sugar;2
kikkoman oyster sauce;2
soy bean paste;2
blue band finesse voor koken;2
kewpie mayonnaise;2
sirloin tip roast;2
kale leaf;2
breadcrumb;2
sweetener;2
wheat noodl;2
yellow mustard;2
fishcake;2
sausage;2
bulb garlic;2
red radish;2
chilli sauce;2
head bok choy;2
parmesan;2
whole grain;2
green chile pepper;2
sweet potato starch;2
knob;2
coca cola;2
mortar;2
piece star anise;2
sweet red bean paste;2
kabocha squash;2
togarashi;2
conimex boemboe rendang vle;2
becel dieetolie;2
conimex mihoen speciaal;2
smooth peanut butter;2
min;2
external fat;2
organic vegetable broth;2
palmful;2
chinese duck sauce;2
hothouse cucumber;2
stalk celery;2
red vinegar;2
century egg;2
cardamom pod;2
string;2
use;2
butternut squash;2
yellow rock sugar;2
pork leg;2
chinese rock sugar;2
boneless beef sirloin steak;2
jujube;2
chicken nugget;2
ml water;2
stick;2
garlic oil;2
vanilla essence;2
caramel sauce;2
pork roast;2
bouillon;2
mussel;2
mandarin pancak;2
mustard sauce;2
anise;2
light coconut milk;2
conimex boemboe ajam bali;2
puff pastry sheet;2
cod;2
simple syrup;2
vermouth;2
oz g firm;2
ginkgo nut;2
corn syrup;2
duck egg;2
mie;2
dark beer;2
margarine;2
garlic bulb;2
sriracha sauce;2
wide egg noodl;2
beef bouillon;2
ribs celery;2
red bean;2
linguine pasta;2
homemade chicken broth;2
broccoli coleslaw;2
stalks scallion;2
conimex boemboe sajoer groenten;2
radicchio;2
swiss chard;2
drain;2
chinese bun;2
medium firm;2
top ramen;2
towel;2
light green part;2
round;2
lyche;2
inch length;2
medjool date;1
waxy potato;1
date;1
coconut taste;1
coke;1
blue band finesse voor verrijken;1
temp;1
thai chilly;1
g ginger;1
hanger steak;1
liquor;1
g pork shoulder tenderloin;1
wildflower honey;1
italian bread;1
leftover;1
chow mein stir fry noodl;1
vegan beef crumbl;1
wiener;1
round sheets rice paper;1
thousand year old egg;1
e fu noodl;1
ginseng;1
reduced fat milk;1
aspic;1
chinese wolfberry;1
light agave nectar;1
spice coating;1
cane vinegar;1
melissa;1
surimi;1
squash;1
oriental flavor ramen noodl;1
part skim mozzarella cheese;1
chicken base;1
sandwich;1
daikon radish;1
conimex woksaus teriyaki;1
light cream;1
knorr wereldgerecht griekse kofta;1
tamari tamari;1
plum wine;1
peapod;1
nian gao;1
conimex djah;1
organic cane sugar;1
rosewater;1
atjar tjampoer;1
extra sournes;1
slab bacon;1
ounce container;1
handful mint leaf;1
mizkan goma shabu;1
brisket;1
yogurt;1
shitake mushroom;1
pepperoni;1
mini pretzel twist;1
crust;1
omelette;1
cans less sodium beef broth;1
arbol chile;1
feta cheese crumbl;1
pink peppercorn;1
soybean paste;1
g;1
savory dough;1
gruy re cheese;1
flaky salt;1
yuzukosho;1
dark corn syrup;1
fragment;1
pork steak;1
in;1
scallion shallot;1
croma;1
organic pea;1
free panko breadcrumb;1
oat;1
wasabi powder;1
freez;1
vegetable broth powder;1
whole almond;1
portobello mushroom;1
licorice root;1
dark molass;1
sunflower seed butter;1
picante sauce;1
sambal oelek;1
red leaf lettuce leaf;1
muscovado sugar;1
p t;1
turkey fillet;1
regular cabbage;1
tbsp oyster sauce;1
white chicken stock;1
bamboo steamer;1
mild curry powder;1
asian chili garlic sauce;1
semi firm;1
beef top sirloin;1
boneless pork tenderloin;1
pumpkin seed;1
c gelatin stock;1
heart;1
porcini;1
chinese;1
g egg noodl;1
ros wine;1
sodium chicken stock;1
yellow wine;1
frankfurter;1
sichuan peppercorn oil;1
karo light corn syrup;1
boneless pork loin chop;1
low sodium vegetable stock;1
g pork tenderloin;1
chinese chile paste;1
ammonium bicarbonate;1
lotus seed paste;1
celeriac;1
sambal;1
dou ban jiang;1
short pasta;1
moo shu pancak;1
jumbo egg;1
light chicken stock;1
rolls japanese egg;1
g beef;1
natural juice;1
precut matchstick cut carrot;1
pre made wrapper;1
haughton honey;1
xiao bai cai bak choy;1
bouillon chicken base;1
chily;1
bone in;1
red rice;1
reducedsodium chicken broth;1
broccoli spear;1
brown mustard seed;1
shallot oil;1
barbeque sauce;1
rice pasta;1
real chicken broth;1
ml port wine;1
garlic shoot;1
habanero;1
clear runny honey;1
bakken en roerbakken;1
kikkoman lite soy sauce;1
store bought chicken stock;1
demerara sugar;1
light;1
whole bone in chicken breast;1
carrots w sugarpea;1
dandelion green;1
phyllo pastry;1
ml pint vegetable stock;1
tbsp cornstarch;1
thick piece;1
crawfish;1
leaves bok choy;1
raw shrimp;1
fishmonger;1
fuyu persimmon;1
rindless bacon;1
chocolate chip;1
palm oil;1
stir fry;1
wasabi;1
hazelnut;1
vitamin d;1
tart shell;1
gram rock sugar;1
tsp chinese rice wine;1
chicken breasts chicken thigh;1
thickener;1
cans vegetable broth;1
beni shoga;1
fusilli;1
pecorino romano cheese;1
pork sausage;1
carrot matchstick;1
microgreen;1
pumpkin flesh;1
rotini;1
conimex boemboe ajam smoor;1
asian chili powder;1
broiler fryer chicken;1
free range chicken;1
lemonade concentrate;1
g sichuan peppercorn;1
meatloaf;1
conimex kroepoek naturel;1
sourdough bread;1
dark asian sesame oil;1
pan;1
tbsps cornflour corn starch;1
imitation crabmeat;1
shitak;1
ripe mango;1
asian sauce;1
garlic olive oil;1
meaty lamb shank;1
dog;1
flat wide noodl;1
gouda;1
bunch swiss chard;1
bite size broccoli floret;1
soft corn tortilla;1
dark meat;1
lemon thyme;1
skin on;1
white rum;1
chuno sauce;1
raspberry;1
sucanat;1
ml light soy sauce;1
poppy seed;1
caraway;1
extra crunch;1
spicy asian;1
diameter;1
fry;1
voor nasi;1
chuka soba noodl;1
shrimp uncook;1
lentil;1
beef shin;1
assam;1
lot;1
oliv;1
pat;1
wheatberry;1
soybean;1
feta cheese;1
grass fed butter;1
coffee powder;1
ajinomoto;1
drumstick;1
marcona almond;1
barley;1
version;1
duck wrapper;1
neufch tel;1
rice pilaf;1
granny smith appl;1
chicken salad;1
chive bud;1
shoulder;1
japanese cucumber;1
minc;1
bami speciaal;1
cans coconut milk;1
matchstick cut english cucumber;1
boneless chicken thigh fillet;1
g char siu pork;1
strip orange zest;1
tentacl;1
capellini;1
siracha chili sauce;1
bottle chile sauce;1
dente;1
gizzard;1
fry oil;1
adzuki bean;1
char sui pork;1
bone in country style pork rib;1
piece cinnamon stick;1
meat marinade;1
yellow curry paste;1
philadelphia cream cheese;1
thai chili sauce;1
lamb leg steak;1
tart cherry;1
oven ready mallard duck;1
jalape o chile sliver;1
tarragon;1
cassia quill;1
rotisserie chicken thigh;1
vanilla bean;1
redfish fillet;1
whole shiitake mushroom;1
amarillo paste;1
chicken tender;1
milk powder;1
conimex kruidenpasta voor groene curry;1
chinese xo sauce;1
mushroom powder;1
conimex boemboe smoor vle;1
fettuccine;1
salami;1
cloud ear fungu;1
arctic char;1
cans fat free low sodium chicken broth;1
hijiki;1
pack gressingham duck mini fillet;1
yellow mustard seed;1
steel cut oatmeal;1
japanese rice;1
top;1
gm beef shin;1
store bought low sodium chicken stock;1
udon noodl;1
stick cinnamon;1
shishito chile pepper;1
scallion green onion;1
pumpkinseed;1
tsp sugar;1
fine quality soy sauce;1
gingko nut;1
leafy top;1
snow cabbage;1
pork cutlet;1
white fish fillet;1
non stick;1
country ham;1
mantou;1
kidney bean;1
lobster tail;1
tequila;1
microplane grater;1
trout;1
meal;1
rosemary sprig;1
galanga powder;1
hoagie bun;1
blend;1
chinese pan fry noodl;1
cornstarch cornflour;1
conimex boemboe sambal goreng;1
combination;1
oz;1
tortilla chip;1
bacon fat;1
chinese chilli oil;1
stir fry vegetabl;1
captain morgan rum;1
porcini mushroom;1
bok choy leaf;1
soft egg noodl;1
steak sauce;1
spring onion scallion;1
ounce piece deli ham;1
premium soy sauce;1
yellow bean paste;1
farro;1
chink;1
reduced sodium chicken bouillon granul;1
broad bean paste;1
tomato soup;1
pack;1
pastry;1
sage sprig;1
butter margarine blend;1
pith;1
violet;1
candlenut;1
aka;1
nori sheet;1
pork hock;1
backbone;1
lardon;1
brown rice spaghetti;1
bee hoon;1
leftover steak;1
mee hoon rice vermicelli;1
bunch bok choy;1
g oz chicken thigh fillet;1
whole chicken leg;1
matzo meal;1
chicken sausage;1
szechuan sauce;1
corn husk;1
natto;1
tobiko;1
homemade;1
shrimp meat;1
chow mein sauce;1
instant lemon;1
organic carrot;1
quail egg;1
cm root ginger;1
mellow chile garlic;1
pastry wrapper;1
pork loin roast;1
round potsticker wrapper;1
asparagus bean;1
asian toasted sesame oil;1
savoy cabbage leaf;1
whip;1
millet flour;1
pepperoni turkei;1
fish steak;1
beef sausage;1
peeler;1
sichuan chilli bean paste;1
peterselie;1
lime leaf;1
regular sour cream;1
orange flower water;1
cashew chop unsalt;1
red finger chile;1
spicy dish;1
guajillo chil;1
blackberry;1
scampi;1
knorr kippenbouillon;1
white flour;1
flap meat;1
olive;1
feet;1
non dairy milk;1
broad bean;1
italian parsley leaf;1
jasmine tea bag;1
bisquick;1
sediment;1
erythritol;1
light mayonnaise;1
sprigs cilantro;1
banana leaf;1
chocolate egg;1
mandarin orange juice;1
wholemeal bread;1
chinese cleaver;1
glycerin;1
bacon rasher;1
organic chicken broth;1
plain fat free yogurt;1
japanese pumpkin;1
coin;1
block;1
angle;1
flatbread;1
nama shoyu;1
rabbit;1
lemon curd;1
chinese mushroom;1
light beer;1
litre chicken stock;1
black garlic;1
fiddlehead;1
additional water;1
muscovy;1
pomegranate seed;1
taste;1
cherry;1
bit;1
chinese chile garlic sauce;1
hearty red wine;1
soft drink;1
buttery;1
wakame;1
disc;1
teabag;1
rump;1
fat creamy peanut butter;1
boneless chicken leg;1
chipotl;1
spam;1
g beansprout;1
cocktail cherry;1
grainy mustard;1
garden pea;1
prosciutto;1
black trumpet mushroom;1
vegetable peeler;1
kinchay;1
heinz chili sauce;1
popcorn kernel;1
brine;1
watermelon;1
m s candy;1
g sichuan pepper;1
wild mushroom;1
thermomix;1
commercial ponzu sauce;1
tenderizer;1
mee;1
truffl;1
plant protein;1
liters water;1
grams pork mince;1
san marzano tomato;1
quail;1
bunch gai lan;1
chinese wonton;1
eggland s best egg;1
accompaniment;1
crumb;1
g oz chicken;1
spicy mayonnaise;1
garlic sauce;1
loose black tea;1
cake pan;1
ketjap;1
chicken boullion powder;1
whole cilantro leaf;1
head chinese cabbage;1
pork etc;1
ton;1
whole red chily;1
chicken bouillon powder;1
toast;1
golden needl;1
thai kind;1
blade steak;1
plum butter;1
ounce;1
white soy sauce;1
parsley leaf;1
cabbage stalk;1
chile powder;1
knorr homestyl stock beef;1
lamb leg;1
cornish game hen;1
low sodium broth;1
szechuan style chili oil;1
bunch coriander;1
luncheon meat;1
white truffle oil;1
butter salt;1
cranberry sauce;1
red chard;1
seltzer water;1
beef tenderloin roast;1
scallopini;1
voor bahmi speciaal;1
leftover meat;1
karo;1
bunch cilantro leaf;1
chicken liver;1
sweet soy;1
sweet red pepper;1
stew beef;1
japanese style bread crumb;1
pancetta;1
firm reduced fat;1
honey dijon mustard;1
whole cashew;1
gm cellophane noodl;1
king prawn;1
waitrose;1
millet;1
mizkan ajipon ponzu;1
boneless beef shank;1
saltine cracker;1
qt;1
g chicken breast;1
green appl;1
chinese roast pork;1
v shaped cut;1
tonkatsu sauce;1
chip;1
chicken stock powder;1
nasivle;1
arbol chil;1
mung bean;1
globe eggplant;1
apple butter;1
malt sugar;1
mazola corn oil;1
by inch sheet;1
pasta dough;1
anchovy filet;1
separate grain;1
c butter;1
kimchi juice;1
kg boneless pork belly;1
green food;1
wing;1
fragrant jasmine rice;1
red birdseye chilli;1
cut up vegetabl;1
black mission;1
fat free reduced sodium chicken broth;1
arrowroot flour;1
fuji appl;1
instant chicken bouillon granul;1
pork country style rib;1
center cut loin pork chop;1
chee hou sauce;1
grain salt;1
green chil;1
streaky bacon;1
edible flower;1
root end;1
cherrystone clam;1
chinese shiitake mushroom;1
grams carrot;1
litres oil;1
deep fat;1
pcs prawn;1
kraft balsamic vinaigrette;1
spirulina powder;1
vermicelli pasta;1
whisky;1
celery salt;1
good quality soy sauce;1
calamansi;1
kirby cucumber;1
bread dough;1
mint sprig;1
brown lentil;1
red appl;1
couscou;1
sushi grade tuna;1
less sodium ham;1
boneless chicken cutlet;1
dole pineapple chunk;1
black sesame oil;1
gm beef tendon;1
mahi mahi fillet;1
freezer;1
onion soup;1
conimex kokosmelk;1
whey powder;1
fry vegetabl;1
cashew butter;1
linguini;1
heirloom carrot;1
shimeji mushroom;1
thai chil;1
cream stabilizer;1
chinese winter melon;1
regular mango;1
sirloin beef;1
octopu;1
fat free milk;1
pinches salt;1
mandarin peel;1
ginseng root;1
pork lard;1
grill;1
reduced fat peanut butter;1
evoo;1
discard;1
store bought chicken broth;1
halibut fillet;1
pork shoulder roast;1
cane juice;1
spelt flour;1
boneless center cut pork chop;1
lite sodium soy sauce;1
pink salt;1
packets instant ramen;1
conimex wok specials soja sesam;1
cointreau;1
lim;1
wide noodl;1
chicken powder;1
gow gee wrapper;1
rotisserie chicken breast;1
nectarin;1
cellophane noodle;1
sweet wheat paste;1
cornish hen;1
turkey sausage;1
cherry pepper;1
mayo;1
ginger beer;1
tostitos scoop;1
typ;1
sole fillet;1
leafy part;1
lamb rib chop;1
flounder;1
slurry;1
pearl barley;1
store bought chilli garlic sauce;1
cloud ear;1
gm;1
thai chily;1
beet green;1
flat side;1
melon;1
walnut oil;1
red pepper pod;1
orange food color;1
c;1
cole slaw;1
enoki mushroom;1
rice powder;1
mini marshmallow;1
korean chile paste;1
cherchies garlic;1
butter lettuce leaf;1
gluten free spaghetti;1
swanson chicken broth;1
boneless pork shoulder roast;1
crouton;1
black lentil;1
currant;1
conimex sambal oelek;1
york strip steak;1
splash;1
lipton recipe secrets onion soup;1
rock salt;1
conimex roerbaksaus babi pangang;1
french fri;1
boneless breast substitution ok;1
sweet potato flour;1
egg beater;1
bean chili paste;1
whole nutmeg;1
garlic pepper;1
sumac;1
tenderstem broccoli;1
cucumber salad;1
reduced fat sour cream;1
spring green onion;1
becel;1
shaojiu;1
water spinach;1
wasabi mayonnaise;1
chile puree;1
manzanilla sherry;1
green leaf lettuce;1
g pork shoulder;1
pickle juice;1
clam;1
department;1
chinese wine;1
pizza crust;1
g rock salt;1
curry paste;1
mince pork;1
rockfish;1
i;1
red leaf lettuce;1
chorizo;1
satay dip;1
whole grain mustard;1
fattier kind;1
loin;1
stalks lemon gras;1
kraft singl;1
top loin;1
tenderloin steak;1
bone in pork roast;1
sugar orange marmalade;1
giblet;1
meringue;1
tuna steak;1
kikkoman;1
yellow leek;1
red thai chil;1
salad leaf;1
major supermarket;1
mls vinegar;1
turkey thigh;1
strong black coffee;1
duck leg;1
moon;1
spicy bean paste;1
back;1
hard cheese;1
poha;1
type;1
agar;1
voor foo yong hai;1
pole;1
bertolli pastasaus bolognese;1
cinnamon powder;1
g pork fillet;1
aonori;1
soya chunk;1
grape;1
romig;1
chinese soybean paste;1
asian pear;1
yellow tomato;1
lemon verbena;1
kumquat;1
beef spine bon;1
tallow;1
madeira;1
vegetable bouillon;1
honey date;1
brown dark firmli pack sugar;1
chicken schmaltz;1
cola;1
liver;1
dashi powder;1
tahini paste;1
room temp;1
ciabatta roll;1
skinny rice noodl;1
coves garlic;1
catfish nugget;1
table;1
devein;1
pinot noir;1
ranch;1
bunch tuscan dinosaur lacinato kale;1
pot sticker;1
sandwich roll;1
apple;1
chinese rice stick noodl;1
pheasant;1
double concentrate tomato paste;1
chicken vegetable stock;1
soy vermicelli;1
almond chocolate milk;1
country bread;1
food gel;1
balsamic reduction;1
potsticker wrapper;1
bunch cilantro;1
spicy level;1
lacinato kale;1
roast breast;1
generous handful;1
lite coconut milk;1
sticks cinnamon;1
boar;1
cajun;1
coriander cilantro;1
shittake mushroom;1
size shrimp;1
red chilli;1
flat iron steak;1
tuna;1
yu choy;1
whole rockfish;1
whole kernel corn;1
c bean chinese sauce;1
heat;1
french bread;1
sweet chili sau;1
equal size;1
bay scallop;1
chinese leaf;1
soy nut;1
yakisoba sauce;1
pea tendril;1
brown ale;1
karashi;1
yellow corn;1
hoisin;1
chinese dark black vinegar;1
curry pancak;1
country style pork rib;1
grenadine syrup;1
apple cider;1
lump crabmeat;1
italian sausage;1
grape tomato;1
room temperature water;1
vidalia onion;1
green lentil;1
dog bun;1
chipotle pepper;1
sheet;1
semolina flour;1
juniper berry;1
neck;1
coco;1
envelop;1
jumbo shell;1
mustard glaze;1
chinese barbecue sauce;1
tamari;1
cub;1
individual rib;1
lop chong;1
wish bone light italian;1
vegan butter;1
liquid margarine;1
allspice berry;1
polenta;1
mo hanh;1
c sesame seed;1
chinese chili oil;1
reduced fat mayonnaise;1
coffee;1
roast chicken;1
black salt;1
taco shell;1
g bean sprout;1
lamb shoulder;1
carrot pickle;1
broccoli stir fry;1
bok choy cabbage;1
sweet spanish paprika;1
g prawn;1
soy paste;1
keema;1
whole wheat breadcrumb;1
frisee lettuce;1
thumb size ginger;1
free blend;1
red snapper fillet;1
whole white peppercorn;1
monosodium glutamate;1
erawan;1
thumb;1
page;1
flat rice noodl;1
g lb oz beef mince;1
lamb breast;1
liquid egg substitute;1
lemon flavor instant;1
ham hock;1
sacha sauce;1
soju;1
bok choy stalk;1
asian chili garlic paste;1
calamari;1
boneless country pork rib;1
vegetabble oil;1
bean thread noodl;1
mls soy sauce;1
dark chocolate;1
own preference;1
c rice vinegar;1
egg linguine;1
burrata;1
vegan bouillon;1
hour;1
potato puree;1
navy bean;1
bundle spring onion;1
boemboe;1
green cardamom pod;1
vegetable broth stock;1
gin;1
swiss cheese;1
beef fillet;1
teriyaki sesame ginger barbecue sauce;1
chocolate cake;1
kikkoman memmi;1
py mai fun;1
dark caramel soy sauce;1
free pizza crust;1
ml cider vinegar;1
house;1
tangzhong roux;1
leg;1
food processor;1
boneless pork shoulder butt;1
acorn squash;1
wine rice wine;1
panko bread crumb;1
azuki bean;1
whit;1
chinese egg noodle nest;1
milk chocolate;1
pcs cassia bark;1
high smoke point;1
soft cheese;1
grams turnip;1
pomegranate molass;1
green chilli;1
book;1
quatre pic;1
green onion whit;1
turkey meat;1
xylitol sweetener;1
grouper;1
links chinese sausage;1
litre water;1
nonfat;1
sprig thyme;1
gm lap cheong;1
matchstick carrot;1
plantain;1
red holland bell pepper;1
knorr kazensau;1
pixian kind;1
thick soy sauce;1
strong white bread flour;1
big shiitake mushroom;1
regular sugar;1
lager beer;1
head lettuce;1
leaves iceberg lettuce;1
white cheddar cheese;1
spring green;1
garbanzo bean;1
c sugar;1
freshwater prawn;1
kasha;1
round egg noodl;1
cremini;1
hemp seed;1
thyme sprig;1
quick oat;1
rice cake nian goh noodl;1
cans crabmeat;1
inch triangl;1
damp paper towel;1
romaine heart;1
chia seed;1
turkey bacon;1
swanson chicken stock;1
de bone;1
mandarin orange segment;1
sirloin tip;1
chiffonade spinach leaf;1
general tso s sauce;1
tree ear mushroom;1
block firm;1
pastry dough;1
gremolata;1
sweet basil;1
mizkan honteri mirin;1
luo bo;1
haas avocado;1
gm ginger;1
littleneck clam;1
vietnamese chile paste;1
chive flower;1
beef roast;1
pancit canton;1
asian chile sauce;1
shallot scallion;1
jus vloeibaar;1
onion green;1
yellow chinese wine;1
gm silken;1
good soy sauce;1
thai basil leaf;1
unox gelderse rookworst;1
ginger garlic paste;1
brown bean sauce;1
whole egg;1
black cardamom pod;1
fat free reduced sodium beef broth;1
fructose;1
pats butter;1
rib roast;1
sprig;1
longan;1
red chile powder;1
less sodium beef broth;1
merluza;1
kicap mani;1
asian chile pepper sauce;1
sichuan peppercorn powder;1
conimex lao;1
conimex djintan;1
lobster meat;1
wheat berry;1
tortilla wrap;1
piece rock sugar;1
pumpkin pie spice;1
flat wide wheat noodl;1
pangasiu;1
caramel;1
tomato chutney;1
conimex woksaus hoisin;1
chinese napa cabbage;1
kind;1
serving;1
g mangetout;1
sage leaf;1
sodium tamari;1
mizuna;1
purple bell pepper;1
pork top loin chop;1
kohlrabi;1
chuck roast;1
puff pastry;1
arame;1
wheat flour;1
to pound chicken;1
relish;1
liquid stevia;1
roerbakvleesreepj;1
roast beef;1
sandwich steak meat;1
dozen;1
chinese black bean garlic sauce;1
sea bass fillet;1
knorr kerrieroomsau;1
filet mignon;1
chinese mushroom soften;1
pineappl;1
kikkoman rice vinegar;1
cardamon;1
g anise;1
mustard root;1
rosemary leaf;1
beef top sirloin steak;1
cm length;1
candy;1
red beet;1
head cauliflower;1
room temperature bar cream cheese;1
boneless thigh;1
annatto;1
yellow curry powder;1
beef rib;1
alum;1
use low sodium;1
voor babi pangang;1
waffle;1
conimex tjap tjoi;1
fish head;1
shiso;1
rib eye steak;1
less sodium soy sauce;1
nonfat beef broth;1
merlot;1
korean barbecue sauce;1
riblet;1
cumin powder;1
bunch;1
head butter lettuce;1
garlic butter;1
aleppo pepper;1
conimex javaanse pinda sat sau;1
braden vloeibaar;1
t soy sauce;1
instant chicken bouillon;1
cornflour cornstarch;1
