butter;2940
sugar;2518
salt;2361
egg;2230
vanilla;1472
flour;1409
olive oil;1316
garlic;1204
pepper;1167
milk;1133
black pepper;1050
water;983
cinnamon;845
shallot;821
heavy cream;778
onion;664
thyme;615
cream;614
kosher salt;541
egg yolk;516
french bread;474
brown sugar;472
white wine;464
bay leaf;417
egg whit;414
parsley;403
sea salt;386
lemon juice;377
maple syrup;347
nutmeg;346
whole milk;332
carrot;327
bread;303
lemon;284
dijon mustard;268
almond;266
tomato;239
vegetable oil;236
honey;229
gruyere cheese;217
parmesan cheese;214
baguette;213
confectioners sugar;209
yellow onion;201
potato;199
white sugar;197
strawberry;184
oil;175
beef broth;175
flat leaf parsley;174
cream cheese;173
thyme leaf;172
red wine;163
powder;159
vanilla bean;158
chocolate;158
bacon;149
yeast;141
chiv;139
mushroom;135
almond flour;133
chicken breast;132
mayonnaise;131
swiss cheese;130
basil;129
banana;125
worcestershire sauce;124
rosemary;122
raspberry;122
blueberry;121
garlic powder;119
tomato paste;118
cocoa powder;117
ginger;116
chicken stock;113
red pepper;113
corn starch;111
canola oil;105
thyme sprig;103
green onion;102
tarragon;101
gruy re cheese;98
chicken broth;98
appl;95
paprika;95
beef stock;94
zucchini;93
cheddar cheese;92
balsamic vinegar;91
basil leaf;90
bittersweet chocolate;89
sour cream;88
cheese;86
red wine vinegar;86
white wine vinegar;86
beef;85
mozzarella cheese;85
lemon zest;84
chicken;83
sherry;83
temperature;82
dark chocolate;82
green bean;81
puff pastry;80
pecan;79
leek;79
caper;78
russet potato;76
white pepper;76
celery;75
brandy;74
cayenne pepper;74
spinach;73
ham;72
oregano;72
challa;71
french baguette;69
caster sugar;69
red bell pepper;68
coconut oil;67
cr me fra che;65
provence;65
sweet onion;65
room temperature;64
purple onion;64
white bread;64
soy sauce;64
plain flour;63
orange juice;63
cognac;62
orange;62
bread flour;62
walnut;61
clov;61
soup;60
berry;59
cherry;59
dill;58
almond meal;56
light corn syrup;56
bread crumb;55
crosswise;55
cherry tomato;55
orange zest;54
low sodium chicken broth;54
provolone cheese;53
ice water;53
syrup;53
mussel;52
nutella;51
low fat milk;51
mustard;51
almond milk;51
pearl onion;50
cilantro;50
pea;49
cornstarch;49
leaf;49
red onion;48
red potato;48
coconut milk;47
goat cheese;47
food;46
ketchup;46
sauce;46
button mushroom;45
black peppercorn;45
coconut;45
scallion;44
yukon gold potato;43
shrimp;43
dark rum;42
peach;42
pumpkin pur e;41
chicken thigh;41
margarine;40
parsley leaf;40
asparagu;40
vegetable broth;39
pumpkin pie spice;38
cremini mushroom;38
ice;38
white chocolate;38
soda;38
vanilla bean paste;38
coffee;38
mint;38
white vinegar;37
skim milk;37
rum;37
instant yeast;37
semi sweet chocolate morsel;36
pie crust;36
rice vinegar;36
buttermilk;36
cumin;35
onion powder;35
chunk;35
sesame oil;35
granny smith appl;35
green part;35
french toast;34
cocoa;34
eggplant;34
lime juice;34
celery rib;34
lime;34
champagne;34
apricot;34
apple cider vinegar;34
dark brown sugar;33
peanut;33
french onion soup;33
whole black peppercorn;33
avocado;33
recipe;33
brioche;33
white onion;32
vegetable stock;31
italian bread;31
liqueur;31
fennel bulb;31
plum tomato;31
cucumber;31
panko breadcrumb;30
herb;30
hazelnut;30
clove;30
double cream;30
pear;30
pan;30
black oliv;30
puff pastry sheet;29
garlic salt;29
french lentil;29
table salt;28
fruit;28
croissant;28
texas toast bread;28
sherry vinegar;27
kirsch;27
boneless chicken breast;27
peanut butter;27
gin;27
mascarpone;27
anchovy fillet;27
chocolate chip;26
raisin;26
arugula;26
crusty bread;26
parmigiano reggiano cheese;26
parmesan;26
g;26
corn syrup;26
sourdough bread;26
less sodium chicken broth;25
haricots vert;25
sage;25
pancetta;25
eggnog;25
grand marnier;25
reduced fat milk;25
french fry;24
vanilla ice cream;24
cake flour;24
cranberry;24
white mushroom;24
saffron thread;24
peppercorn;23
old bread;23
french vanilla cake;23
sesame seed;23
fennel seed;23
breadcrumb;23
celery stalk;23
sweet potato;23
whole wheat bread;23
greek yogurt;23
low sodium beef broth;23
fat;23
low salt chicken broth;23
kalamata oliv;22
seed;22
french bread loav;22
wine;22
cinnamon roll;22
chervil;22
green bell pepper;22
cilantro leaf;21
parsnip;21
blackberry;21
artichoke heart;21
chili powder;21
turmeric;21
oliv;21
gruyere;21
cane sugar;20
champagne vinegar;20
cayenne;20
vegetable;20
peanut oil;20
round;20
juice;20
parsley sprig;19
fish sauce;19
inch;19
instant espresso powder;19
prosciutto;19
coconut sugar;19
sandwich bread;19
maple;19
vanilla pod;19
food gel;19
deli ham;19
xa;19
stalks celery;19
tarragon leaf;19
bourbon whiskey;19
cornmeal;19
simple syrup;18
free egg;18
agave nectar;18
artichok;18
sprigs thyme;18
yellow squash;18
creme fraiche;18
gelatin;18
pizza sauce;18
flat leaf parsley sprig;18
whole grain mustard;18
french roll;18
sel;18
allspice;18
radish;18
free milk;17
chickpea;17
mint leaf;17
salmon fillet;17
vermouth;17
blue cheese;17
pastry;17
turbinado;17
jalapeno chily;17
sprig;17
whole wheat flour;17
yolk;17
bell pepper;17
sprinkl;17
thick cut bacon;17
plain greek yogurt;16
sriracha;16
cinnamon sugar;16
white bean;16
salad green;16
crust;16
white part;16
brioche bread;16
chuck roast;16
kale;16
lettuce leaf;16
oat;16
brie cheese;16
pistachio;16
spinach leaf;16
cardamom;16
dough;16
spanish onion;16
creamer;16
corn;16
spring onion;16
cinnamon stick;16
pork;15
caramel;15
country bread;15
lemongras;15
red chili pepper;15
stick;15
lemon peel;15
pineapple;15
onion soup;15
butternut squash;15
peppermint;15
green oliv;15
caramel sauce;15
chocolate shaving;15
nonstick;15
broccoli;15
salad;15
cider vinegar;14
skin;14
apple;14
beef consomme;14
lettuce;14
white sandwich bread;14
salmon;14
golden delicious appl;14
curry powder;14
ripe tomato;14
shell;14
horseradish;14
vanilla sugar;14
crimini mushroom;14
red food;14
coriander;14
whole wheat pastry flour;14
short rib;14
bunch;14
tuna;14
egg substitute;14
saffron;14
lobster;14
nutritional yeast;14
yellow bell pepper;14
pasta;14
ice cream;13
quinoa;13
rosemary sprig;13
cake;13
graham cracker;13
egg noodl;13
dish;13
fat free milk;13
mozzarella;13
stalk celery;13
vodka;13
hoagie roll;13
stock;13
stevia;13
vegetabl;13
california bay leaf;13
green;13
light cream;13
marsala wine;13
porcini mushroom;13
italian;13
white rice;13
toast;13
sea scallop;13
red cabbage;13
milk chocolate;12
roma tomato;12
green pepper;12
white button mushroom;12
turnip;12
pinot noir;12
hamburger bun;12
apple cider;12
crouton;12
mini marshmallow;12
bulb;12
green pea;12
star anise;12
rosemary leaf;12
white cheddar cheese;12
fontina cheese;12
ni oise oliv;12
sage leaf;12
grape tomato;12
pie shell;12
yellow mustard;12
vidalia onion;12
madeira;12
roast beef;12
cool whip;12
ranch;12
whole grain bread;12
vinegar;11
meat;11
espresso powder;11
crep;11
turkey;11
vegan butter;11
plum;11
duck fat;11
romaine lettuce;11
steak;11
coriander seed;11
glaze;11
cracker;11
rib;11
espresso;11
top;11
gluten;11
bean;11
beef bouillon;11
raw sugar;11
reduced sodium chicken broth;11
pineapple juice;11
chocolate ganache;11
orange liqueur;11
brussels sprout;11
celery root;11
homemade;11
tomato sauce;11
whole grain dijon mustard;11
feta cheese;11
string;11
portobello mushroom;11
chocolate curl;11
broth;11
feta cheese crumbl;11
sauvignon blanc;10
french;10
gouda;10
scallop;10
white flour;10
shiitake;10
plain yogurt;10
mango;10
gruy re;10
french fri;10
wheat bread;10
sodium beef broth;10
surface;10
sausag;10
sodium soy sauce;10
low sodium soy sauce;10
low sodium beef stock;10
sweet pickle relish;10
mandarin orang;10
calvado;10
pie dough;10
pepperoni;10
custard;10
instant coffee;10
pie;10
liquid;10
mustard powder;10
end;10
chicken cutlet;10
orange peel;10
nbsp;10
green peppercorn;10
pastry cream;10
buttercream;10
broccoli floret;10
whole chicken;10
kalamata;9
oyster;9
beer;9
rack;9
pink food;9
slab bacon;9
marjoram;9
crusty french loav;9
ricotta cheese;9
burgundy wine;9
colby jack cheese;9
pecorino cheese;9
port wine;9
pernod;9
coffee creamer;9
crust pie;9
sweet cherry;9
demerara sugar;9
navy;9
turbinado sugar;9
rice;9
lavender flower;9
nut;9
use;9
cornichon;9
buckwheat flour;9
vanilla instant;9
wonton wrapper;9
ciabatta bread;9
sweet paprika;9
vinaigrette;9
whole tomato;9
orang;9
butter oil;9
oreo cooky;9
bittersweet chocolate chip;9
wheat;9
clam juice;9
chickpea flour;9
biscuit;9
salmon caviar;8
meyer lemon;8
stick butter;8
american cheese;8
ring;8
creamy peanut butter;8
spaghetti;8
italian parsley;8
head garlic;8
heirloom tomato;8
english muffin;8
lb;8
napa cabbage;8
anchovy;8
molass;8
roll;8
parmigiano reggiano;8
ganache;8
monterey jack;8
ghee;8
chocolate bar;8
twine;8
tea;8
mint sprig;8
duck leg;8
soy milk;8
walnut oil;8
juniper berry;8
chestnut;8
port;8
cardamom pod;8
pine nut;8
green chily;8
brown rice;8
chia seed;8
california;8
cocktail cherry;8
coffee bean;8
burgundy;8
shiitake mushroom;8
neutral oil;8
tomato pur e;8
apple pie;8
swiss chard;8
macaron;8
rhubarb;8
armagnac;8
asiago;8
flaxseed;8
pork chop;8
vanilla almond milk;8
corn kernel;8
cauliflower;8
lobster meat;8
cabbage;8
rib eye steak;8
pepper sauce;8
white chocolate chip;8
soft goat cheese;8
light soy sauce;8
marshmallow;8
palm sugar;8
yoghurt;7
less sodium beef broth;7
nicoise oliv;7
french vanilla ice cream;7
hard cider;7
bisquick;7
bella mushroom;7
stalk;7
leg;7
non dairy milk;7
marsala;7
portabello mushroom;7
beef brisket;7
tahini;7
sheet;7
fat free chicken broth;7
chuck;7
halibut fillet;7
choice;7
orange marmalade;7
flax seed meal;7
fig;7
lemon twist;7
almond butter;7
c;7
applesauce;7
golden raisin;7
tart appl;7
beet;7
fennel;7
beef tenderloin;7
sodium chicken broth;7
pork shoulder;7
lavender;7
pancake syrup;7
diagonal;7
gorgonzola;7
bone in chicken breast;7
cajun;7
;7
cooky;7
thigh;7
fish stock;7
crab meat;7
chicken leg;7
pumpkin;7
chocolate hazelnut;7
whole peppercorn;7
full fat coconut milk;7
dill pickl;7
flat leaf parsley leaf;7
candy can;6
wheat flour;6
work;6
watercres;6
sourdough;6
italian parsley leaf;6
clam;6
gluten free bread;6
roast;6
garnish;6
light mayonnaise;6
cashew;6
head;6
low fat sour cream;6
g caster sugar;6
rotisserie chicken;6
lard;6
kaffir lime leaf;6
crescent roll;6
maldon sea salt;6
low sodium chicken stock;6
tarragon vinegar;6
minut;6
ribs celery;6
au jus gravy;6
frangelico;6
beef stew meat;6
rouille;6
dog bun;6
peel;6
coconut cream;6
pale green part;6
chili sauce;6
lemon curd;6
navy bean;6
corn flour;6
mini chocolate chip;6
maple sugar;6
idaho potato;6
sunflower seed;6
noodl;6
cans beef broth;6
lardon;6
meyer lemon juice;6
protein powder;6
leche;6
ml milk;6
dinner roll;6
thai chile;6
beard;6
apple juice;6
graham cracker crumb;6
baton;6
bon;6
oregano leaf;6
chili;6
vanilla yogurt;6
rice wine vinegar;6
swerve sweetener;6
lime zest;6
celery leaf;6
zest;6
grainy mustard;6
green leek leaf;6
pancake;6
chocolate syrup;6
low fat mayonnaise;6
cod fillet;6
white peppercorn;6
combination;6
summer squash;6
nectarin;6
coconut flour;6
green tea powder;6
raw honey;6
good olive oil;6
amaretto;6
blood orange;6
panettone;6
boneless chicken thigh;6
cannellini bean;6
french bread baguette;6
sirloin steak;6
cheddar;6
sausage;6
g butter;5
sweetener;5
green food;5
frisee;5
pickl;5
fat milk;5
lower sodium chicken broth;5
rustic bread;5
chardonnay;5
bouquet garni;5
harissa;5
angel food cake;5
celery salt;5
canola;5
sprigs flat leaf parsley;5
custard powder;5
boneless beef roast;5
snow pea;5
goose fat;5
chambord;5
tuna steak;5
croissant dough;5
ml olive oil;5
green cabbage;5
poppy seed;5
creole;5
english cucumber;5
lemon thyme;5
almond paste;5
dark chocolate chip;5
moon;5
tart shell;5
pineapple chunk;5
marinara sauce;5
golden brown sugar;5
organic sugar;5
tea bag;5
long grain rice;5
coffee granul;5
pork loin chop;5
solid pack pumpkin;5
rib celery;5
strong flour;5
free range egg;5
yoplait;5
marzipan;5
buffalo sauce;5
bbq sauce;5
pastry shell;5
panko;5
soy;5
vanilla essence;5
whole egg;5
cauliflower floret;5
veal stock;5
cashew nut;5
cod;5
mustard seed;5
manchego cheese;5
tart;5
cornflak;5
fish;5
grainy dijon mustard;5
stick margarine;5
gluten free flour;5
kahlua;5
asparagus spear;5
whole onion;5
tip;5
galangal;5
bone;5
beansprout;5
gel;5
tabasco pepper sauce;5
romano cheese;5
cacao nib;5
black bean;5
grams butter;5
banana bread;5
iceberg lettuce;5
round steak;5
vanilla bean seed;5
instant coffee granul;5
tasty;5
round brie cheese;5
lemon rind;5
roast beef deli meat;5
cacao;5
littleneck clam;5
caster;5
light butter;5
breyers french vanilla ice cream;5
ramen noodl;5
cumin seed;5
purple potato;5
buttery;5
sandwich roll;5
handful;5
pesto;5
bread machine yeast;5
gram;5
free greek yogurt;5
pastry dough;5
wild mushroom;5
ricotta;5
grapefruit;5
chevre;5
salsa;5
on;5
marshmallow creme;5
chicken drumstick;5
beef chuck roast;5
sherry wine;5
celery seed;5
water chestnut;5
quince;5
hazelnut flour;5
barbecue sauce;5
basic crep;5
g sugar;5
orange rind;4
prosecco;4
paste;4
nbsp chunk;4
meatball;4
morel mushroom;4
chocolate chunk;4
variety;4
natural sweetener;4
ml;4
savory;4
thai basil;4
p t;4
piecrust;4
low sodium;4
crusty french bread;4
tomato juice;4
tangerine;4
garden pea;4
bouillon;4
tapioca flour;4
whit;4
dark sesame oil;4
ok;4
panko bread crumb;4
blend;4
equal sweetener;4
bacon bit;4
wholemeal bread;4
strong white bread flour;4
store bought low sodium chicken stock;4
emmenthal;4
whole milk ricotta cheese;4
sirloin;4
black cherry;4
floret;4
natural peanut butter;4
min;4
potato starch;4
jarlsberg cheese;4
whole wheat french bread;4
bun;4
beef tenderloin filet;4
cottage cheese;4
spic;4
kind;4
frond;4
black sesame seed;4
chorizo;4
mandoline slicer;4
oscar mayer bacon;4
beef bon;4
coffee liqueur;4
free beef broth;4
blueberry syrup;4
corn oil;4
orzo;4
fettucine;4
nonfat milk;4
kitchen bouquet;4
coconut vinegar;4
sunflower oil;4
candy;4
york strip steak;4
light cream cheese;4
merlot;4
dijon style mustard;4
fennel frond;4
strong black coffee;4
cassi;4
non stick;4
pepper jack;4
rutabaga;4
anchovy paste;4
root;4
free blend;4
boneless leg;4
reduced fat mayonnaise;4
thread;4
seedless cucumber;4
erythritol;4
sour cherry;4
recipe pate brisee;4
strawberry syrup;4
anise;4
fine quality bittersweet chocolate;4
lavender bud;4
orange juice concentrate;4
pita chip;4
apple butter;4
grain sea salt;4
bowl;4
angostura bitter;4
boneless pork shoulder;4
bok choy;4
part skim mozzarella cheese;4
earth balance buttery;4
challah;4
hour;4
tomato puree;4
chocolate sauce;4
grams sugar;4
ounce bottles clam juice;4
great northern bean;4
orange flower water;4
chipotl;4
low fat cream cheese;4
half moon;4
prawn;4
store bought;4
chip;4
elderflower liqueur;4
hoisin sauce;4
tabasco;4
py;4
dark chocolate cocoa powder;4
green appl;4
white bread flour;4
cheese curd;4
morel;4
whole almond;4
au ju;4
lentil;4
muscovado sugar;4
sake;4
chicken demi glace;4
bosc pear;4
dog;4
beef tenderloin steak;4
jarlsberg;4
lobster tail;4
raw cashew;4
cereal;4
crabmeat;4
bundle;4
watermelon;4
low fat vanilla yogurt;4
yellow food;4
free chicken broth;4
gala appl;4
fridge;4
rind;4
pork tenderloin;4
ramekin;4
sauerkraut;4
malt vinegar;4
low sodium vegetable broth;4
marshmallow fluff;4
arborio rice;4
cream sherry;4
french sandwich roll;4
knife;4
etc;4
kahl a;4
duxell;4
yellow cornmeal;4
garni;4
challah bread;4
canadian bacon;4
velveeta;4
tabasco sauce;4
apple pie spice;4
pink peppercorn;3
knorr homestyl stock beef;3
havarti cheese;3
dufour;3
lengthway;3
piece;3
ham hock;3
meat bon;3
french breakfast radish;3
knob;3
phyllo dough;3
vanilla powder;3
vegetable peeler;3
chile powder;3
arrowroot powder;3
watercress sprig;3
poultry;3
grapefruit juice;3
lamb;3
espresso bean;3
wheel brie cheese;3
apple brandy;3
reblochon;3
monterey jack cheese;3
homemade beef stock;3
turkey breast;3
european style butter;3
basil pesto;3
rapid rise yeast;3
monkfish;3
dill pickle;3
linguini;3
pumpkin butter;3
vegan worcestershire sauce;3
raw cacao powder;3
mousse;3
okra;3
breakfast sausag;3
moscato;3
navel orang;3
flax seed;3
whole star anise;3
instant vanilla;3
black forest ham;3
compote;3
red beet;3
sorrel;3
waffle;3
chicken liver;3
cinnamon toast crunch cereal;3
pink salt;3
blond cane sugar;3
rocket leaf;3
slider bun;3
maldon;3
brown potato;3
fish bon;3
edamame;3
ripe bartlett pear;3
mild olive oil;3
grap;3
broccolini;3
orange segment;3
spicy brown mustard;3
beef demi glace;3
free cream cheese;3
angel hair;3
ruby port;3
dog roll;3
lipton recipe secrets onion soup;3
guar gum;3
chicken wing;3
old fashioned oat;3
matcha;3
dark corn syrup;3
quail egg;3
store bought low sodium beef broth;3
garlic paste;3
multigrain bread;3
chicken part;3
meringue powder;3
safflower oil;3
comt cheese;3
taste;3
rump roast;3
chicken finger;3
pint vanilla ice cream;3
violet;3
reduced fat sour cream;3
marjoram leaf;3
creamy salad;3
plugr european style butter;3
thinli;3
pam;3
lump crabmeat;3
tomato soup;3
country style bread;3
tail;3
extra sprig;3
flour tortilla;3
extra butter;3
chianti;3
less fat cream cheese;3
box grater;3
pork belly;3
dark beer;3
whole plum tomato;3
grass fed butter;3
oyster sauce;3
chili paste;3
brown mustard seed;3
sage sprig;3
curd;3
madeira wine;3
pistachio nut;3
olive tapenade;3
bacon fat;3
lamb loin chop;3
gnocchi;3
xylitol sweetener;3
confit duck leg;3
c tes du rh ne;3
meringue;3
sugar pea;3
organic vegetable broth;3
balsamic reduction;3
bia;3
porter;3
green onion top;3
yukon gold;3
leaves oregano;3
cointreau;3
thick bacon;3
seedless raspberry;3
kidney bean;3
chile;3
asiago cheese;3
semolina flour;3
quatre pic;3
low sodium store bought chicken stock;3
crosswise inch;3
nice combination;3
cans cannellini bean;3
land o lakes butter;3
chow mein noodl;3
edible flower;3
brown onion;3
hothouse cucumber;3
f;3
organic cane sugar;3
vanilla almondmilk;3
confectioner s sugar;3
grappa;3
gluten free tamari;3
brown mustard;3
kraft miracle whip;3
earl grey tea bag;3
recipe flaky tart dough;3
fava bean;3
pecorino romano cheese;3
beefsteak tomato;3
flank steak;3
strawberry pur e;3
loin;3
beef roast;3
sourdough baguette;3
hazelnut meal;3
puy lentil;3
broccoli coleslaw;3
halibut;3
lima bean;3
wheel;3
grind;3
rib pork chop;3
nilla wafer;3
caraway seed;3
low fat swiss cheese;3
pickle relish;3
bartlett pear;3
tapenade;3
glucose;3
banana shallot;3
sandwich;3
whitefish;3
turkey meat;3
kosher sea salt;3
chocolate liqueur;3
burrata;3
doughnut;3
pumpkin puree;3
bechamel;3
old bay;3
bourbon;3
room temp;3
heads garlic;3
boneless beef chuck roast;3
irish whiskey;3
arrowroot flour;3
neck;3
green lentil;3
chiffonade;3
red snapper fillet;3
choux pastry;3
fat swiss cheese;3
aquafaba;3
polenta;3
waxy potato;3
beef chuck;3
xanthan gum;3
rabbit;3
rock salt;3
rigatoni;3
chervil leaf;3
low sodium vegetable stock;3
diameter;3
splash;3
horseradish sauce;3
nonstick vegetable oil;3
anchovy filet;3
direction;3
emmentaler cheese;3
thick round;3
nonfat yogurt;3
kiwi;3
reduced fat swiss cheese;3
cr me fraiche;3
pinenut;3
granny smith apple;3
burger;3
chocolate graham cracker;3
macadamia nut;3
veggy;3
vanilla protein powder;3
mirin;3
sausage link;3
broccoli slaw;3
bunch watercres;3
portobello cap;3
summer savory;3
low salt beef broth;3
regular sugar;3
kewpie mayonnaise;3
duck;3
emmental cheese;3
gm butter;3
prun;3
bar;3
cantaloupe;3
free egg substitute;3
yellow potato;3
yellow mustard seed;2
crab;2
firm ripe tomato;2
deli counter;2
pepper to xa taste;2
g cherry tomato;2
fillet;2
free butter;2
homemade beef stock homemade beef stock;2
tenderloin steak;2
french toast crunch cereal;2
philadelphia cream cheese;2
daikon;2
individual rib;2
italian sausage;2
courgette;2
solid vegetable;2
boneless salmon fillet;2
chinese five spice powder;2
seafood stock;2
ragu;2
foie gras pate;2
sweet roll;2
crisp;2
flat parsley;2
leaf parsley;2
pork sausag;2
organic chicken broth;2
lamb rib;2
chocolate chip cooky;2
cheddar cheese soup;2
head cauliflower;2
souffl mold;2
sprig fennel leaf;2
bone in center cut pork chop;2
sweet relish;2
bow tie pasta;2
sweet yellow onion;2
shrimp paste;2
toulouse sausag;2
pork rib chop;2
oat bran;2
extra light olive oil;2
brown rice flour;2
mushroom broth;2
gluten free cornstarch;2
part skim ricotta cheese;2
lucky charms cereal;2
brown sugar blend;2
strong bread flour;2
sprigs parsley;2
seedless watermelon;2
thinner cutlet;2
tablesoon;2
whole hazelnut;2
vegan margarine;2
asparagus tip;2
streusel;2
silk almond milk;2
flaky sea salt;2
flat anchovy fillet;2
beef bouillon granul;2
biscoff creamy;2
goose;2
sandwich bun;2
sweet italian sausage;2
excess fat;2
container reduced fat sour cream;2
tequila;2
celeriac;2
boneless lamb shoulder;2
adobo sauce;2
yellow cake;2
pomegranate syrup;2
con;2
vanilla bean ice cream;2
starch;2
granny smith;2
nonfat buttermilk;2
qt water;2
salt cod;2
flatbread;2
penne pasta;2
fryer chicken;2
red burgundy wine;2
yellow summer squash;2
light;2
ranch style;2
bone broth;2
snail;2
flat leaf;2
tart crust;2
light karo syrup;2
profiterol;2
jumbo shrimp;2
chocolate candy bar;2
passion fruit;2
whole wheat baguette;2
farro;2
penne rigate;2
grams maple syrup;2
chocolate milk;2
tarragon sprig;2
garlic chili sauce;2
lamb chop;2
souffl dish;2
canola mayonnaise;2
clementine juice;2
sirloin tip;2
barley;2
potato chip;2
strawberry couli;2
ritz cracker;2
pound chicken;2
instant espresso;2
asian fish sauce;2
jack daniel;2
chinese cabbage;2
chili pepper;2
italian style meatball;2
taco;2
batch;2
daisy sour cream;2
plain whole milk yogurt;2
inch sprig rosemary;2
jicama;2
butcher;2
brioche bun;2
skippy creamy peanut butter;2
chai tea;2
whole nutmeg;2
filet;2
savoy cabbage;2
bella;2
green portion;2
ripe plum tomato;2
raspberry sauce;2
red kidney bean;2
castor sugar;2
butterscotch chip;2
ripe peach;2
millet flour;2
muenster cheese;2
mascarpone cheese;2
shiitake mushroom cap;2
tamarind concentrate;2
batard;2
ciabatta roll;2
color;2
stew meat;2
fromage blanc;2
italian salad;2
skillet;2
sprout;2
chipotle pepper;2
percent;2
chile pepper;2
squash;2
duck breast;2
good brandy;2
container;2
nuoc cham;2
karo syrup;2
jalapeno pepper;2
vanilla cake;2
post;2
swanson;2
head celery;2
hearty red wine;2
poblano pepper;2
foie gra;2
whole trout;2
sticks celery;2
lite coconut milk;2
matzo;2
pint cherry tomato;2
t;2
skin on salmon fillet;2
gooseberry;2
white cheese;2
pasta sauce;2
whole kernel corn;2
homemade fish stock;2
skirt steak;2
bone in pork chop;2
piece french bread baguette;2
caramel syrup;2
elbow macaroni;2
free range egg yolk;2
portabella mushroom;2
cabernet sauvignon;2
salad oil;2
buckwheat;2
edible glitter;2
proscuitto;2
cinnamon raisin bread;2
brown mushroom;2
sorghum syrup;2
golden mushroom soup;2
whole chestnut;2
sea bas;2
additional low salt chicken broth;2
booze;2
sucanat;2
tamari soy sauce;2
yogurt;2
soba noodl;2
light swiss cheese;2
roquefort cheese;2
golden shallot;2
peanut flour;2
inch pie pan;2
celsiu;2
zucchini noodl;2
pinches paprika;2
liquid egg whit;2
dark soy sauce;2
red snapper;2
sherry wine vinegar;2
whole allspice;2
english mustard;2
bird chile;2
whole grain baguette;2
rough chop;2
anjou pear;2
coconut amino;2
chocolate wafer;2
tender;2
reinette;2
gravy;2
petite pea;2
ripe oliv;2
hash;2
chanterelle mushroom;2
carnation;2
whole milk cream;2
splenda;2
filet mignon;2
pres;2
camembert;2
sweet pepper;2
bay scallop;2
veal;2
enokitake;2
lillet blanc;2
c milk;2
spelt flour;2
juic;2
granola;2
evoo;2
kaiser roll;2
head napa cabbage;2
chocolate sandwich cooky;2
currant;2
cr me anglaise;2
shiraz;2
braeburn appl;2
manila clam;2
cod fish bon;2
flower;2
turkey kielbasa;2
free syrup;2
artificial sweetener;2
honey mustard;2
root end;2
right;2
second;2
hard salami;2
pork loin;2
spaghetti squash;2
grams water;2
buttermilk biscuit;2
white pearl onion;2
day old bread;2
organic egg;2
sweet red wine;2
accompaniment;2
semi sweet chocolate;2
old italian bread;2
length;2
bamboo shoot;2
onion salt;2
dutch process cocoa;2
salt pepper;2
chinese noodl;2
chestnut mushroom;2
homemade chicken stock;2
grenadine;2
light broth;2
marinade;2
spear;2
pizza crust;2
rye flour;2
raspberry powder;2
italian plum tomato;2
chunky peanut butter;2
bean paste;2
strawberry juice;2
black olive tapenade;2
cans cannelini bean;2
red curry paste;2
twist;2
liquid honey;2
guinness beer;2
jell o gelatin;2
whole wheat sourdough bread;2
french vinaigrette;2
reduced sodium beef broth;2
sodium swiss cheese;2
rice flour;2
brut champagne;2
good quality vanilla ice cream;2
curry leaf;2
dat;2
boneless chicken cutlet;2
container vanilla low fat yogurt;2
miniature chocolate chip;2
coriander powder;2
pomegranate juice;2
saltine cracker;2
porterhouse steak;2
milk powder;2
tb olive oil;2
horseradish mustard;2
c water;2
beef base;2
sub roll;2
duck stock;2
ooh;2
divided;2
cantal;2
hummu;2
neufch tel;2
butter cracker;2
macaroni;2
chicken breast tenderloin;2
silken;2
anise seed;2
gran marnier;2
genoa salami;2
nbsptaste;2
germ;2
chat potato;2
knorr french onion recip;2
madagascar bourbon vanilla;2
crusty baguette;2
country crock;2
oatmeal;2
whole chicken leg;2
version;2
light rum;2
towel;2
jasmine rice;2
rice vermicelli;2
mild curry powder;2
food processor;2
san marzano;2
irish cream liqueur;2
lump crab meat;2
mild vegetable oil;2
wondra flour;2
fines herb;2
light sour cream;2
good quality balsamic vinegar;2
lim;2
gallo family pinot noir;2
pit;2
filets mignon;2
shortcrust pastry;2
radicchio;2
alsatian;2
himalayan salt;2
pepperoncini;2
popcorn;2
squirt;2
ounce box raspberry;2
day old;2
chill;2
praline paste;2
lower sodium beef broth;2
white sesame seed;2
jack cheese;2
chicken breast fillet;2
casing;2
truffle oil;2
rich french toast stick;2
pith;2
mi;2
pasta shell;2
chicken bouillon;2
head romaine lettuce;2
organic butter;2
white chicken stock;2
liquer;2
medjool dat;2
reduced fat ham;2
ros wine;2
tin dish;2
key lime juice;2
saffron strand;2
vegetarian alternative;2
feta;2
anise liqueur;2
pork sausage meat;2
all butter puff pastry;2
red chili powder;2
butter lettuce;2
ciabatta;2
nonfat vanilla greek yogurt;2
bibb lettuce;2
yellow pepper;2
dozen mussel;2
boneless chuck roast;2
low fat chocolate milk;2
chicken base;2
bottle cole slaw;2
container sour cream;2
nonfat greek yogurt;2
wheat germ;2
white fish fillet;2
preference;2
light coconut milk;2
whole berry cranberry sauce;2
peasant bread;2
u celery stalk;2
can;2
low fat buttermilk;2
crusty french baguette;2
castelvetrano oliv;2
breast;2
turkey bacon;2
tin;2
blood orange juice;2
g parsley;2
coconut chip;2
portion;2
flageolet bean;2
brisket;2
pizza topping;2
sardin;2
liver pate;2
percent cacao;2
boneles;2
strong beef stock;2
raspberry puree;2
coconut syrup;2
microgreen;2
cremini;2
whole scallion;2
chili oil;2
wild rice;2
deep dish pie crust;2
tilapia;2
t butter;2
center cut beef tenderloin roast;2
fat cream cheese;2
wide egg noodl;2
basmati rice;2
aioli;2
avocado oil;2
good mayonnaise;2
yam;2
spice;2
fennel branch;2
grams cake flour;2
bread dough;2
sweet corn kernel;2
cannellini;2
jumbo lump crabmeat;2
liquid smoke;2
hand;2
whole vanilla bean;2
non fat chicken stock;2
amaretti cooky;2
cane juice;2
balsamic vinaigrette salad;2
sugar substitute;2
tapioca;2
whole mushroom;2
free white bread;2
boston lettuce;2
boneless pork chop;2
flavor;2
coleslaw;2
soymilk;2
red seedless grap;2
fillets beef tenderloin;2
garam masala;2
use vegetable stock;2
kale leaf;2
chicken salad;2
g cornflour;2
cassis liqueur;2
swis;2
asian pear;2
duck leg quarter;2
ni oise;2
jumbo egg;2
white vermouth;2
semolina;2
extra firm;2
green leaf lettuce;2
garlic sausage;2
best quality bittersweet chocolate;2
comice;2
golden caster sugar;2
chicken bouillon granul;2
nut butter;2
nbsp kitchen string;2
pole;2
pizza dough;2
maraschino cherry;2
penne;2
celery stick;2
chocolate wafer cooky;2
process cheese sauce;2
bas;2
peanut butter chip;2
lemon gras;2
pint sour cream;2
streaky bacon;1
vanilla paste;1
non dairy margarine;1
extra lemon;1
buttery cracker;1
real mayonnaise;1
spice allspice;1
lemon soup;1
free range chicken;1
sodium tamari;1
whole lemon;1
cupsespagnole sauce;1
g sea salt;1
light balsamic vinaigrette;1
non;1
boneless beef stew meat;1
oz gruyere cheese;1
fris e;1
duck sausag;1
dark meat;1
c apple cider;1
inch thick tuna steak;1
mountain cheese;1
vegetable shortening;1
yellow plum;1
burger topping;1
japanese bread crumb;1
orange flower honey;1
chipotle chil;1
grams button mushroom;1
pork sausage link;1
onion ring;1
mild pork garlic sausage;1
good quality brandy;1
aardappelen;1
cashew butter;1
vegan cheese;1
liverwurst;1
g chicken mince;1
gruy;1
free sour cream;1
ounce rib eye steak;1
b nh m roll;1
turkey gravy;1
whole chicken breast;1
belgian endive;1
chestnut spaetzle;1
tbsp olive oil;1
gel paste;1
veal broth;1
chestnut pastry cream;1
speck;1
dl cream;1
rinse;1
vegan;1
turkey wing;1
halloumi cheese;1
inch thick ham;1
firm ripe apricot;1
fish fillet;1
bay xa leaf;1
pear goat cheese tart;1
fisher;1
green curry paste;1
marcona almond;1
sel gri;1
organic cherry tomato;1
whole leaf;1
valley greek yogurt dip;1
spicy asian;1
lemon caramel sauce;1
sourdough bread baguette;1
honeycrisp appl;1
g celery;1
eggs yolk;1
sweet red pepper relish;1
lamb sausag;1
amaretto liqueur;1
g milk;1
coca cola;1
sauvignon vinegar;1
devein;1
sweet cherries xa;1
gratin;1
pint;1
shell bean;1
imitation crabmeat;1
eggs benedict;1
worchestire sauce;1
flat fillet anchovy;1
discard bean;1
tomato past;1
kumquat;1
quark;1
container mascarpone cheese;1
fizzy water;1
low fat american cheese;1
fresno chil;1
wellshire;1
cherry grape tomato;1
box instant french vanilla;1
handful mint leaf;1
mild paprika;1
pekin;1
soften;1
lemon yogurt;1
lemon olive oil;1
pithy membrane;1
hand blender;1
apricot nectar;1
round potato;1
white burgundy wine;1
grams honey;1
gram flour;1
no salt;1
whole wheat toast;1
big pinch;1
beluga lentil;1
section;1
lot;1
area;1
roast turkey;1
cans low sodium chicken broth;1
rib roast;1
pecorino romano;1
horseradish apple;1
dark molass;1
blueberry bagel;1
c cake flour;1
ounce veal rib chop;1
frothy;1
high smoke point;1
ahi;1
pound lobster;1
curly leaf parsley;1
leaf parsley sprig;1
prosciutto di parma;1
course salt;1
taleggio;1
cans cream style corn;1
dark sweet cherry;1
muenster;1
dill seed;1
bone in chicken part;1
rainbow trout fillet;1
candy corn;1
disk pate brisee;1
raclette cheese;1
herbs du provence;1
amount;1
french style country bread;1
good quality chicken stock;1
potato bun;1
zin;1
emmenthal cheese;1
jello;1
young gouda;1
agar agar;1
vegetable bouillon;1
cabernet savignon;1
sebago;1
castelvetrano;1
raw cane sugar;1
hake fillet;1
sesame seeds bun;1
sprigs oregano;1
sweet pea;1
wild lime leaf;1
ratatouille;1
grand;1
spring water;1
red capsicum;1
green zucchini;1
pimento;1
knox gelatine;1
string bean;1
whole cane sugar;1
pectin;1
xa teaspoon xa salt;1
headnote;1
darigold butter;1
c gruyere;1
bulb garlic;1
golden onion soup;1
perfect mustard vinaigrette;1
doughnut hol;1
butter lettuce leaf;1
sodium;1
tb tapioca flour;1
chamomile tea bag;1
kecap mani;1
arbequina;1
picholine;1
crawfish tail;1
brioche cro ton;1
pound butternut squash;1
red anjou pear;1
black ni oise type oliv;1
cornflour;1
g oyster mushroom;1
celtic salt;1
water no salt;1
lamb foreshank;1
quinoa macaroni noodl;1
ruby port wine;1
curd cottage cheese;1
dijon mustar;1
white cheddar;1
fruity pebbles cereal;1
millet;1
head boston lettuce;1
sweet marsala wine;1
mackerel fillet;1
heavy cream double cream;1
fat free beef broth;1
rice bran oil;1
pork rib;1
ruler;1
soft dinner roll;1
olive brine;1
shiitake chip;1
olive paste;1
pane casereccio;1
organic bacon;1
flat leaf sprig;1
g eggplant;1
ranch salad;1
gingerbread;1
whole pink peppercorn;1
al dente;1
microplane;1
whole carrot;1
whole boneless chicken breast;1
meaty oxtail;1
crisp crouton;1
skim;1
sweet turkey italian sausage;1
rhodes bread;1
absolut vodka;1
pound maine lobster;1
ml vegetable stock;1
sponge cake;1
tomato scrap;1
tart cherry;1
hawaiian roll;1
boneless beef rump roast;1
chicken tenderloin;1
custard sauce;1
french burgundy;1
balsamico bianco;1
hibiscu;1
liters water;1
tater tot;1
orange glaze;1
asian eggplant;1
ml balsamic vinegar;1
frontier chai tea;1
serrano;1
invert sugar;1
c beef stock;1
instant;1
jell o lemon flavor instant;1
black ni oise oliv;1
store bought marzipan;1
edible gold dust;1
field lettuce;1
blue moon beer;1
firm;1
fuji;1
spelt berry;1
grana padano;1
generous squeez;1
julienne cut lemon rind;1
paprika powder;1
cocoa solid;1
bulbs garlic;1
intense orange;1
sprig rosemary;1
x stalks celery;1
head red leaf lettuce;1
use vanilla;1
tomato confit;1
big garlic;1
white balsamic vinegar;1
black bean soup;1
bitter sweet chocolate;1
green cardamom pod;1
yellow crookneck squash;1
berger;1
yellow beet;1
loose leaf earl grey tea;1
hearty white bread;1
clover;1
gm snapper fillet;1
cup ml pilsner style beer;1
jalape o;1
asian pepper;1
bread bowl;1
raspberry fruit;1
buddy;1
lower salt chicken broth;1
polenta corn meal;1
gram butter;1
nbspgew rztraminer;1
use cornstarch;1
delicious potato;1
freekeh;1
g gruy re;1
jimmy;1
rosewater;1
valrhona;1
brand name ma zena;1
pork rind;1
mung bean sprout;1
french potato salad;1
kiwi fruit;1
sweet italian sausag;1
raspberry compote;1
pomegranate balsamic vinegar;1
golden syrup;1
classic galette;1
pepperidge farm;1
julienne cut carrot;1
plain bagel;1
bittersweet ganache;1
whole tarragon leaf;1
milliliter water;1
bunches chiv;1
cup ml coconut milk;1
tempurature;1
pasta water;1
blood orang;1
fat free greek yogurt;1
store bought chocolate hazelnut;1
orecchiette;1
boursin;1
yellow rocket;1
dorito;1
baby cut carrot;1
cabernet;1
store bought dijon mustard;1
nbsp crosswise;1
wild duck;1
blackstrap molass;1
white burgundy;1
peterselie;1
arrowroot starch;1
beef shin;1
fork;1
xa cup xa plain breadcrumb;1
tagliatelle;1
xa onion;1
brown muscavado sugar;1
sloppy joe sauce;1
shear;1
foamy;1
pecan praline ice cream;1
marzipan mushroom;1
pancetta lardon;1
flavorful cheese;1
bottle burgundy wine;1
pint raspberry;1
rich chocolate buttercream;1
good strong coffee;1
strawberry rhubarb;1
pat;1
red cherry tomato;1
beef frank;1
mixture;1
sprigs tarragon;1
red chili;1
red grapefruit section;1
haagen daz;1
barbeque sauce;1
white peach;1
lbs carrot;1
whole snapper;1
green leaf;1
packs tea;1
sprigs chive leaf;1
vanilla wafer;1
scallions shallot;1
decoration;1
grain mustard;1
eel;1
sambal;1
dill frond;1
provence oven fry;1
spice cake;1
instant onion;1
diamond shell clam;1
black mission fig;1
lucqu;1
fry noodl;1
late harvest;1
tb flat leaf parsley;1
coke;1
single crust pie;1
comice pear;1
triangl;1
spirulina powder;1
organic vegetable stock;1
turkey sausage;1
freshwater mussel;1
cabot chipotle cheddar;1
bone in skin on chicken breast;1
whole head garlic;1
espresso pastry cream;1
nondairy;1
arame;1
chobani yogurt;1
gm roquefort;1
french vanilla instant;1
crusty deli roll;1
kidney;1
kirschwasser;1
nonstick vegetable;1
light syrup;1
chocolate buttercream;1
ml veal stock;1
xa parsnip;1
white fish bon;1
blue diamond almond;1
ml madeira;1
cupboard;1
belgian beer;1
steel cut oat;1
bottle beer;1
sushi rice;1
tomatillo;1
delallo balsamic vinegar;1
white balsamic;1
green salad;1
belgian ale;1
roux;1
g carrot;1
day old country bread;1
citric;1
orange butter;1
italian pork sausage;1
bread roll;1
brownie batter;1
reduced sodium worcestershire sauce;1
sichuan peppercorn;1
romaine lettuce heart;1
flour xa;1
bordeaux;1
boursin cheese;1
tspn salt;1
scoops vanilla ice cream;1
onion melba round;1
pink lady apple;1
g parsnip;1
wood chip;1
reduced calorie margarine;1
good quality;1
sprig thyme;1
apple compote;1
bratwurst link;1
store bought mayonnaise;1
salami;1
chestnut pur e;1
container creme fraiche;1
fruit brandy;1
medium ish yukon gold potato;1
hazelnut liqueur;1
beef fillet;1
raspberry couli;1
black truffle;1
cremini mushroom cap;1
aleppo;1
pillsbury pie crust;1
low salt beef stock;1
milk chocolate candy kiss;1
breakfast sausage patty;1
high quality bittersweet chocolate;1
dozen rock shrimp;1
sun gold tomato;1
wish bone deluxe french;1
chilean sea bas;1
grit;1
tidbit;1
baker;1
ritz;1
ml xv olive oil;1
gold rum;1
butter sauce;1
sprigs basil;1
shrimp scampi;1
tough outer leaf;1
black sea bass fillet;1
palm;1
ounce bottle clam juice;1
acorn squash;1
beef xa base;1
tawny port;1
favorite bread;1
citrus fruit;1
favorite green;1
tablespoon grams sugar;1
dragon fruit;1
european style;1
savoy cabbage leaf;1
whole duck leg;1
blue sprinkl;1
piloncillo;1
guindilla pepper;1
condiment;1
chocolate morsel;1
boston lettuce leaf;1
roast peanut;1
duck foie gra;1
chuck meat;1
duck confit;1
chanterelle;1
turkish;1
portobello mushroom cap;1
green top;1
ts salt;1
strawberry pie;1
cupswinter tomato sauce;1
non alcoholic beer;1
citrus peel;1
porcini mushroom powder;1
ounce cans cannellini bean;1
recipe herb gnocchi;1
katakuriko;1
pea pod;1
cotes du rhone;1
greek yoghurt;1
percent fat;1
port wine syrup;1
kraft zesty italian;1
solid white tuna;1
mccormick seafood fry;1
maitake mushroom;1
tspn vanilla bean paste;1
dubliner cheese;1
bottom;1
pork butt;1
garlic sauce;1
double cream cheese;1
crepe batter;1
bulgur;1
foie gras mousse;1
turkey neck;1
white potato;1
pear juice;1
cookie crust;1
chive;1
cuttlefish;1
skewer;1
ml cr me fra che;1
day old country french bread;1
teriyaki sauce;1
thicknes;1
white breadcrumb;1
fontina;1
boneless beef chuck pot roast;1
porgy;1
natural cocoa;1
head fris e;1
chard;1
grams almond flour;1
halibut steak;1
dark green part;1
green fennel frond;1
teaspoon vanilla;1
french horticultural bean;1
t sugar;1
turkey giblet;1
brownie;1
cider;1
grams onion;1
cabernet sauvignon wine reduction;1
goat teleme;1
light tuna;1
soybean;1
ounce filet mignon steak;1
jones dairy farm canadian bacon;1
grams pearl onion;1
chain;1
flax egg;1
swiss gruy re cheese;1
leg quarter;1
pierre ferrand ambre cognac;1
lumpfish roe;1
organic flour;1
kabocha squash;1
luqu;1
shad roe;1
tangerine juice;1
diagonal bia;1
low fat eggnog;1
coconut juice;1
parmagiano reggiano cheese;1
haricot bean;1
portabello;1
rhubarb stalk;1
butter margarine blend;1
white meat;1
candlenut;1
pre cut chicken;1
promise buttery;1
cherry pie;1
good quality sushi grade;1
pesto genovese;1
mcintosh appl;1
crumble;1
spoonful;1
red currant;1
chicken breast tender;1
california chardonnay;1
salsa verde;1
land o lakes egg;1
ml cassis liqueur;1
jif creamy peanut butter;1
sichuan pepper;1
blintz;1
tsp salt;1
swanson beef broth;1
stale ciabatta bread;1
fettuccini pasta;1
g tarragon leaf;1
seedless apricot;1
veal stock veal stock;1
bulb fennel;1
generous handful flat leaf parsley;1
applejack;1
prepar;1
red serrano chily;1
cup g wholewheat flour;1
whole wheat hamburger bun;1
grams garlic;1
muffin;1
szechuan peppercorn;1
ml bottle champagne;1
glucose syrup;1
smallish carrot;1
creme fra che;1
longhorn cheese;1
koffie;1
chanc;1
vanilla extract xa;1
french champagne;1
thinner chicken breast cutlet;1
matzo meal;1
endive;1
hash brown;1
premium gin;1
french bean;1
fudge;1
deli roll;1
ladyfinger;1
kamut;1
simple roast chicken;1
mccormick cinnamon;1
valencia orang;1
raspberry liqueur;1
organic sour cream;1
country mustard;1
beef consume;1
teaspoons xa vanilla;1
lobster head;1
tilapia fillet;1
hero roll;1
martini;1
whole anchovy;1
heads boston lettuce;1
miniature marshmallow;1
drain;1
ham steak;1
cacao powder;1
g cheddar cheese;1
classic white sandwich bread;1
iceberg;1
key lime;1
soft cheese;1
citrus section;1
green gel food;1
hoagie bun;1
romaine lettuce leaf;1
raw spanish peanut;1
clam broth;1
mango chutney;1
kefir;1
shake n bake;1
york style;1
large grain sea salt;1
center cut bacon;1
meringue mushroom;1
crusty;1
sweet bread;1
earth balance;1
bone in skin on chicken thigh;1
peppadew pepper;1
fine grain sea salt;1
inch thick ham steak;1
bias inch;1
grams corn starch;1
fat radish;1
leftover whole berry cranberry sauce;1
whitefish fillet;1
instant lemon;1
food section;1
shred;1
gluten free oat;1
whole allspice berry;1
good milk;1
g pancetta;1
chunk light tuna;1
sour pickl;1
blue diamond honey cinnamon almond;1
whole green cardamom pod;1
gold medal flour;1
zout en witte peper;1
vine;1
caramel creme anglaise;1
ghirardelli chocolate;1
domestic mushroom;1
black eyed pea;1
raw oyster;1
fruit yogurt;1
manchego;1
nbsp inch thicknes;1
blueberry pie;1
skippi natur creami peanut butter;1
m;1
maple mint cream;1
peppermint candy can;1
cans lentil;1
t cherry juice;1
french mustard;1
pistachios recipe;1
white turnip;1
use gluten free pasta;1
chipotle;1
tri tip;1
low fat graham cracker;1
fruit juice;1
lima;1
demerara sugar xa;1
canola u or olive oil;1
whole organic chicken;1
sercial madeira;1
whole grain french bread baguette;1
meadow gold sour cream;1
chicken meat;1
savory duck fat pie crust;1
pesto couli;1
organic chicken;1
xa carrot;1
french endive;1
dark bittersweet chocolate;1
walnut ice cream;1
soy mozzarella cheese;1
acacia;1
sprigs rosemary;1
extra old cheddar cheese;1
cans less sodium beef broth;1
bagel;1
torpedo sandwich roll;1
ripe pear;1
sweet basil;1
creami tast;1
pepita;1
red orange yam;1
worcestershire;1
browny;1
chard leaf;1
meaty beef bon;1
porcini;1
brown butter;1
perciatelli;1
hogfish;1
ginger juice;1
thick baton;1
head chicory;1
bison meat;1
container oyster;1
black plum;1
good quality milk chocolate;1
bottle merlot wine;1
fat provolone cheese;1
young eggplant;1
nbsppiec;1
pancake waffle;1
high quality vegetable stock;1
lillet;1
raisin bread;1
coffee ice cream;1
base;1
sweet chili sauce;1
clover honey;1
piece center cut beef fillet;1
starchy potato;1
ml beef stock;1
additional egg yolk;1
nutter butter cooky;1
limoncello;1
clementin;1
sambal oelek;1
low sodium chicken base;1
inch thick beef crosscut shank bon;1
chicken sausage;1
remainder;1
soy flour;1
vadouvan;1
orange bell pepper;1
container reduced sodium chicken broth;1
honey dijon mustard;1
pears compote;1
saltin;1
pound duck;1
swede;1
spicy italian sausage;1
fruity olive oil;1
sea bass fillet;1
shrimp shell;1
water whisk;1
sponge cake finger;1
whole wheat english muffin;1
gluten free pasta;1
yucca;1
velveeta cheese;1
italian eggplant;1
chicken leg thigh;1
brioch;1
curry;1
light brown sugar;1
razor clam;1
g french bean;1
boneless beef shoulder roast;1
lemon thyme sprig;1
honey agave syrup;1
organic beef broth;1
herb bouquet;1
pimiento;1
dill pollen;1
serrano ham;1
lemon segment;1
butter for;1
domestic duck;1
queso fresco;1
neck clam;1
spring salad;1
pint blueberry;1
elderflower syrup;1
sprigs marjoram;1
x bone lamb rack;1
karo;1
knudsen light sour cream;1
christopher ranch;1
boneless strip steak;1
sweet cream butter;1
lavender syrup;1
bacon dripping;1
organic persian cucumber;1
red bliss potato;1
carton beef stock;1
braeburn;1
beef broth stock;1
triple cheddar cheese;1
sweet red pepper;1
tomato chutney;1
grams cornstarch;1
corn husk;1
dessert;1
favorite apple butter;1
country sausag;1
whole wheat pasta;1
collar;1
g all butter puff pastry;1
weight;1
passionfruit puree;1
steak marinade;1
vegan coffee creamer;1
whole beef tenderloin;1
smooth peanut butter;1
olive;1
rabbit leg;1
cup milk;1
vanilla bean cream;1
pacific;1
extra heat;1
white bread dough;1
white frosting;1
vegan mayonnaise;1
boneless rib eye steak;1
lemon herb vinaigrette;1
grainy;1
confit ducks leg;1
meyer;1
italian flat leaf parsley;1
cassava root flour;1
disc;1
morbier cheese;1
biscoff cooky;1
firm pear;1
bunch parsley stalk;1
baguette crouton;1
red plum;1
white chocolate curl;1
lemon glaze;1
head lettuce;1
inch thick hanger steak;1
cocoa syrup;1
sushi grade tuna;1
nbsp skin;1
cherry brandy;1
garbanzo bean;1
demi glace;1
godiva liqueur;1
chicken thigh fillet;1
quality semi sweet chocolate chip;1
artisan bread;1
dozen;1
bibb lettuce leaf;1
mature cheddar;1
bacon rasher;1
raw almond;1
one cup capacity ramequin;1
yellow oyster mushroom;1
lemon pepper;1
prociutto;1
japanese rice vinegar;1
pork country style pate;1
snail shell;1
smallish zucchini;1
raw shrimp;1
instant rice;1
cranberry sauce;1
pastry flour;1
volume;1
onion dip;1
chipolini onion;1
grams corn syrup;1
harissa sauce;1
du puy;1
or xa plain;1
wasabi mayonnaise;1
milliliter milk;1
perrins worcestershire sauce;1
bone in chicken;1
alternative;1
mild cheddar cheese;1
kalamansi;1
dipper;1
steelhead trout;1
dente;1
indulgence;1
swanson chicken broth;1
andouille sausage;1
lump meat;1
nbsp sprig;1
hangar steak;1
envelope lipton recipe secrets onion soup;1
international delight coffee creamer;1
nigella seed;1
short grain rice;1
bunch chiv;1
sweet pastry case;1
chorizo sausage;1
original ranch;1
cacao bittersweet chocolate;1
good quality olive oil;1
honey cr me anglaise;1
burger bun;1
bouquet garni bag;1
red tomato;1
medium;1
recipe tart dough;1
thai shallot;1
pepperoni turkei;1
handfuls mesclun greens salad;1
center cut pork loin chop;1
mache;1
good red wine;1
whole cumin seed;1
capocollo;1
instant flour;1
torr;1
apple syrup;1
pork butt roast;1
caesar salad;1
work surface;1
tobiko;1
alfredo sauce;1
butterscotch sauce;1
french shallot;1
deli roast beef;1
branzini;1
optioinal;1
reduced fat firm;1
low moisture part skim mozzarella cheese;1
hormel bacon;1
spatula;1
real mayonnai;1
tiny potato;1
whole wheat tortilla;1
lentils du puy;1
grate lime peel;1
sweet corn;1
good anchovy;1
shaving;1
silk vanilla dairy free yogurt alternative;1
brioche tin;1
red delicious appl;1
soft brown sugar;1
gray sea salt;1
dukkah;1
bouillon powder;1
johnny iuzzini s meringue mushroom;1
green asparagu;1
bag broccoli slaw;1
mushroom stock;1
whole pecan;1
chocolate chip cookie dough;1
mild pork sausage;1
white asparagu;1
oil oil;1
drop almond;1
lb yukon gold potato;1
slender russet potato;1
white horseradish;1
whole grain italian bread;1
framboise liqueur;1
gorgonzola cheese;1
inch thick;1
sandwich steak;1
dark muscovado sugar;1
grams egg whit;1
baguett;1
s pickle;1
separated;1
rindless cantal cheese;1
c chicken stock;1
giblet;1
kirschenliqueur;1
fish finger;1
chopped;1
pork fat;1
french vermouth;1
almond syrup;1
orange blossom honey;1
snow pea pod;1
dl droge witte wijn;1
eggs xa;1
culinary lavender;1
fruity kind;1
turkey breast deli meat;1
pecorino;1
indonesian peppercorn;1
pan dripping;1
fennel sprig;1
g zucchini;1
wondra;1
xa fryer chicken;1
bawang goreng;1
white cake;1
fresno;1
light muscovado sugar;1
golden grahams cereal;1
slaw;1
duck neck skin;1
inch puff pastry shell;1
sherry vinegar syrup;1
whole young duck;1
triple sec;1
sweet wine;1
plain low fat yogurt;1
kraft balsamic vinaigrette;1
duck breast fillet;1
linguine;1
caper berry;1
whole fruit;1
ounce yukon gold potato;1
cinnamon crep;1
cocoa butter;1
nonstick olive oil;1
pineapple tidbit;1
instant cheesecake;1
dip;1
whole milk xa;1
sweet paprika powder;1
lamb leg;1
balsamic vinaigrette;1
radicchio leaf;1
seltzer;1
whole lobster;1
tsp poppy seed;1
ravioli;1
nonfat ricotta cheese;1
white pepper powder;1
stew beef;1
thumbnail;1
red appl;1
core;1
navel orange section;1
preferenc;1
low fat greek yogurt;1
cappuccino;1
g chestnut mushroom;1
york strip boneless beef top loin steak;1
tapioca starch;1
organic tomato sauce;1
toothpick;1
ready made puff pastry;1
petal;1
strong coffee;1
favorite organic polenta;1
hemp milk;1
puff pastry shell;1
yellow zucchini;1
chocolate wafer crumb;1
chees;1
creami french;1
whole grain wheat bread;1
sourdough country bread;1
tbsp sour cream;1
milk chocolate chip;1
round roast;1
daikon radish shoot;1
dutch cocoa;1
regular turnip;1
chai concentrate;1
watercress leaf;1
suggestion;1
course sea salt;1
old el paso taco;1
tea leaf;1
chive sprig;1
fat free caramel;1
salt pork;1
lard bacon;1
cherry compote;1
eyeball;1
lemon juic;1
bran;1
chocolate stick;1
skin on almond;1
tomato bouillon;1
apricot mango papaya;1
onion cream cheese;1
real vanilla;1
ts tomato paste;1
haricot vert;1
gf rice flour blend;1
italian cheese blend;1
ounce sourdough baguette;1
french chestnut;1
cow;1
whole pear;1
cilantro lime mayonnaise;1
beaujolai;1
minute;1
couscou;1
sweet mini chocolate chip;1
elderflower;1
baileys coffee creamer;1
purple oliv;1
blue mussel;1
chihuahua cheese;1
chuck beef;1
runny honey;1
olive flavor;1
dozen egg;1
raspberry puree compote;1
wont;1
costco container;1
lamb shank;1
button onion;1
pear liqueur;1
german chocolate;1
soft margarine;1
paleo mayonnaise;1
jiffy;1
mccormick gourmet collection garlic salt;1
lamb stew meat;1
harricot vert;1
champagne vinaigrette;1
fruity pebbl;1
liquid cream;1
tenderloin;1
chamomile cr me anglaise;1
pie pastry;1
mini;1
rome;1
fat free;1
shitake mushroom cap;1
c buckwheat flour;1
tablespoons g coconut sugar;1
preservative free bacon;1
misto;1
good quality beef stock;1
green grap;1
plain water cracker;1
lime rind;1
fat creamy peanut butter;1
dark stock;1
knot;1
meatloaf;1
filet mignon medallion;1
amaranth flour;1
knockwurst;1
bowtie pasta;1
round onion;1
liquid stevia;1
prune puree;1
swiss chard leaf;1
tamarind;1
less fat process cheese product;1
remoulade;1
organic great northern bean;1
garlic crouton;1
red pear;1
pork blade steak;1
linguine pasta;1
amarena cherry;1
dark chicken stock;1
prei;1
cockle clam;1
drumstick;1
braeburn apple;1
beef shoulder;1
t instant yeast;1
broiler proof bowl;1
exact temperature;1
fat free cream cheese;1
contrast;1
turkish bay leaf;1
bone in chicken thigh;1
egg bread;1
percent fat milk;1
corncob;1
pinch;1
nbsplb;1
veggie broth;1
method;1
teardrop tomato;1
whole wheat;1
inch zucchini;1
inch thick salmon fillet;1
red grapefruit;1
sourdough toast;1
veal chop;1
bockwurst;1
pistou;1
beefeater gin;1
celery heart;1
ravva;1
bottles brut champagne;1
mushroom ragout;1
stale bread;1
bunch asparagu;1
cornflake cereal;1
omit;1
white pith;1
greek;1
vanilla soy milk;1
skin on chicken breast;1
gizzard;1
natural cane sugar;1
supreme cake;1
rice noodl;1
westphalian ham;1
french country bread;1
firm ripe fuyu persimmon;1
beef shank;1
white truffle oil;1
cook;1
crusty italian bread;1
cup g all purpose plain flour;1
blood orange zest;1
vanilla pastry cream;1
puff pastry dough;1
fiddlehead;1
x cm pie dish;1
choux;1
turkey cutlet;1
box chocolate cake;1
angler fish;1
chicken leg quarter;1
r moulade sauce remoulade sauce;1
julienne;1
whey powder;1
arctic char fillet;1
garlic glov;1
pinches saffron thread;1
good quality low sodium beef broth;1
free range turkey;1
raspberry lambic;1
serrano chile;1
inch round;1
t vegetable oil;1
poire william;1
original soymilk;1
mar;1
lasagna sheet;1
chocolate praline;1
top quarter;1
agave syrup;1
pistachio paste;1
co peanut butter;1
cr me fra che xa;1
pomegranate seed;1
plastic;1
bulgur wheat;1
liquid egg substitute;1
instant espresso granul;1
good quality ginger ale;1
red wine vinaigrett;1
chex;1
wan ja shan soy sauce;1
lbs button mushroom;1
dijon;1
papaya;1
italian almond cooky;1
cocktail sauce;1
spice islands onion powder;1
plain tomato sauce;1
grey poupon;1
jasmine tea;1
dutch proces;1
heads fennel;1
calvados applesauce;1
meaty ham hock;1
guajillo;1
tough muscle;1
knorr hollandaise sauce;1
coin;1
use margarine;1
rolls puff pastry;1
good white wine;1
rich chicken stock;1
honey ham;1
flesh;1
almond flour meal;1
goose liver;1
cocktail tomato;1
vine cherry tomato;1
comparable cheese;1
sweet hungarian paprika;1
young spinach leaf;1
rice milk;1
rockfish;1
fridge overnight;1
food paste color;1
root vegetabl;1
ginger root;1
pimenton;1
store bought low sodium beef stock;1
aubergine;1
top ramen;1
rich homemade chicken stock;1
palmful;1
bieslook;1
store bought beef broth;1
whole garlic;1
tombstone cooky;1
gm duck liver;1
don t love garlic;1
m che;1
beef filet mignon;1
ripe cherry;1
strip steak;1
suicide;1
pint light cream;1
light green part;1
fruit syrup;1
red pearl onion;1
albacore tuna;1
favorite cheese;1
fat free cottage cheese;1
olive xa oil;1
kimchi;1
coffee cream;1
wedge;1
mcintosh apple x;1
pound mushroom;1
instant yeast sachet;1
baileys irish cream liqueur;1
endiv;1
scallion green;1
boulion;1
other;1
boston bay mussel;1
chutney;1
green tea;1
fryer;1
similar cheese;1
crumb;1
good quality light tuna;1
tbs sunflower oil;1
spaghettini;1
green tea ice cream;1
vegetarian worcestershire sauce;1
chestnut puree;1
whole coriander seed;1
ston;1
calves liver;1
pink lady;1
less sodium reduced fat ham;1
whole milk mozzarella cheese;1
julienne cut leek;1
montreal steak;1
store bought sauerkraut;1
flaxseed oil;1
cornflake crumb;1
whole free range chicken;1
mini focaccia bun;1
additional egg whit;1
snicker;1
creole mustard;1
cream quark;1
red raspberry;1
cocktail onion;1
instruction;1
whole garlic head;1
pint grape tomato;1
rump pot roast;1
barley flour;1
berry syrup;1
manzanilla;1
rough puff pastry;1
several;1
vegetable soup;1
chuck roast boneles;1
belacan;1
piper heidsieck champagne;1
baquette;1
benne seed coin;1
juicier;1
nori;1
lemon confit lemon confit;1
leaf thyme;1
een blokje;1
chocolate instant;1
strawberry yogurt;1
pin;1
natural vanilla;1
recipe courtesy ina garten;1
cardamom cr me anglaise;1
carrot stick;1
squid;1
wrapper;1
trout fillet;1
inexpensive;1
ounce piece pancetta;1
toasted xa;1
duck gizzard;1
salad quality;1
swiss meringue buttercream;1
healthy handful;1
duck drumstick;1
white bean dip;1
seafood;1
lemon leaf;1
crab leg;1
grams buckwheat flour;1
tortilla;1
round cracker;1
rubber spatula;1
licorice;1
c chicken broth;1
extra parsley;1
multigrain cereal;1
lump;1
wish bone light balsamic basil vinaigrette;1
pints strawberry;1
low fat full fat paneer;1
pineappl;1
curry paste;1
horseradish chive bread;1
eclair;1
whole milk yoghurt;1
angel flake coconut;1
beef stock broth;1
wine vinegar;1
thick halibut fillet;1
black truffl;1
leaf lettuce;1
boneless beef chuck;1
fenugreek seed;1
magret;1
g shitake mushroom;1
i;1
golden beet;1
percent milk;1
pear vodka;1
nbspsprig;1
flatiron steak;1
gm;1
lamb bone;1
cans artichoke heart;1
visible fat;1
piri piri sauce;1
whole wheat sandwich thin;1
whole wheat crusty bread;1
knorr spring vegetable recipe;1
pea shoot;1
ml champagne;1
coarse crystal sugar;1
cinnamon syrup;1
lbs chuck beef;1
ml cream;1
yellow tomato;1
whole maine lobster;1
tantillo lemon juice;1
xa cups xa chicken broth;1
graham cracker crust;1
fat free mayonnaise;1
rosa bianca eggplant;1
nicoise;1
xl scallops roe;1
risotto rice;1
heads belgian endive;1
pumpkin egg nog;1
escarole;1
lowfat margarine;1
ounce;1
valley cheese gran canaria;1
tsp truffle oil;1
paper;1
use pearl onion;1
rome appl;1
fatback;1
bone in loin pork chop;1
pork roast;1
chicken gravy;1
full fat milk;1
adzuki bean;1
frontier vanilla;1
whole baby cut carrot;1
egg beater;1
cognac opp;1
lemonade;1
bottle clam juice;1
gressingham duck breast;1
lovage leaf;1
lapsang souchong tea;1
p te bris e pastry crust;1
sheet puff pastry;1
gr;1
ripe plum;1
pickle juice;1
bunch parsley;1
whole ripe peach;1
caramel vodka;1
red licorice;1
toffee bit;1
orange part;1
ch vre;1
gochujang base;1
strong lamb stock;1
good chicken stock;1
pale lager;1
g ripe plum;1
pink grapefruit;1
instant potato;1
sweet pie dough;1
mushroom scrap;1
bitter;1
stove top;1
lavender blossom;1
lenthwise;1
c sugar;1
joint;1
chicken giblet;1
quick oat;1
red wine essence;1
herb cheese;1
turkey drumstick;1
lemon pie;1
fingerling;1
leaf spinach;1
sweet chocolate;1
lacinato kale;1
solid tuna;1
t vanilla;1
x;1
mini phyllo pastry shell;1
bunch thyme;1
duck liver;1
crisco;1
tiramisu;1
x g fillet steak;1
peppermint syrup;1
reduced fat feta cheese;1
t mustard;1
crema mexican;1
cinnamon apple sauce;1
white radish;1
raw blue agave nectar;1
bud;1
argo corn starch;1
praline;1
th inch;1
g flour;1
sweet rice flour;1
reduced fat monterey jack cheese;1
veal demi glace;1
white button;1
lemon flavor instant;1
cracker quartet collection;1
pink box;1
whole milk greek style yogurt;1
watkins vanilla;1
cannelini bean;1
xa tablespoon xa olive oil;1
pink himalayan salt;1
good quality swis;1
crisp apple;1
red radish;1
head boston lettuce leaf;1
tamarind pulp;1
basic vinaigrette;1
collard green;1
cupcak;1
sunchok;1
use store bought duck confit;1
sundae syrup;1
cub;1
thyme bundle;1
a;1
boneless shell steak;1
low fat french;1
paimpol bean;1
couple;1
free range chicken breast;1
doesn t matter;1
chambord raspberry liquor;1
whole wheat spaghetti;1
ounce envelope;1
mango pulp;1
shots cointreau;1
buckwheat noodl;1
pink salmon;1
chipotle chile pepper;1
exotic mushroom;1
thing;1
lime leaf;1
jar tin anvhocy fillet;1
butt end;1
piece celery;1
bakken en braden;1
free chocolate chip;1
sub bun;1
day old french bread;1
regular soy sauce;1
mostarda;1
graham flour;1
knackwurst sausag;1
seedless strawberry;1
t mayonnaise;1
root beer;1
duck meat;1
whole basil leaf;1
kasuri methi;1
vine ripe tomato;1
all butter pastry dough;1
yellow cherry tomato;1
teriyaki marinade;1
litres water;1
soft fruit;1
black forest;1
excess papery skin;1
good raspberry;1
cook egg;1
supermarket;1
whole white peppercorn;1
sweet soy sauce;1
blender;1
size;1
dark chocolate raspberry ganache;1
cutlet;1
pale part;1
gold luster dust;1
tarbais bean;1
beef tenderloin fillet;1
ounce cans chunk tuna;1
bottle champagne;1
liter water;1
bunch radish;1
raw pecan;1
liquor;1
wheat gluten flour;1
nielsen massey vanilla;1
raspberry pie;1
teaspoon juniper berry;1
emmental;1
grams salt;1
clear honey;1
ripe apricot;1
strawberry sauce;1
flour additional;1
organic coconut oil;1
gf;1
prosciutto cotto;1
dozen baguette;1
center cut beef tenderloin;1
gold potato;1
liquid amino;1
farmer cheese;1
fat mayonnaise;1
kirsch xa;1
beef tenderloin roast;1
c sherry;1
kasseri;1
day old croissant;1
recipe pate sucree;1
beef soup;1
cheddar jack blend cheese;1
bag pearl onion;1
gaeta;1
cm;1
cabot;1
sole fillet;1
fennel stalk;1
cut up chicken;1
vidalia;1
viviane s tip;1
orange bitter;1
cinnamon graham cracker;1
gluten free tamari sauce;1
green yamba king prawn;1
brown lentil;1
beef consomm;1
puff pastry round;1
pints blueberry;1
boneless pork loin roast;1
portobello;1
grouper;1
lamb shoulder chop;1
gingerbread syrup;1
whole bay leaf;1
sodium chicken stock;1
spice islands garlic powder;1
blueberri preserv;1
cheese ravioli;1
leaves leaf lettuce;1
pinto bean;1
taste bud;1
cartilage;1
vegan parmesan cheese;1
plain bread crumb;1
grams bacon;1
gm button mushroom;1
red pepper sauce;1
oat flour;1
morning;1
classic vanilla;1
semi hard cheese;1
cap;1
buttermilk cornbread;1
citadelle gin;1
cacao liqueur;1
sugar pearl;1
mung bean;1
pane di casa;1
g leek;1
safflower;1
real bacon;1
plain breadcrumb;1
soup bone;1
tostada shell;1
corn tortilla;1
french ham;1
sirloin roast;1
butter g;1
rosemary ham;1
solid white albacore tuna;1
souffle;1
bouquet garnish;1
ounces g bittersweet chocolate;1
soft peak;1
reduced calorie;1
black truffle oil;1
coconut butter;1
marmite;1
ton wrapper;1
bermuda onion;1
equivalent fat free cholesterol free egg product;1
tartar sauce;1
nam pla;1
white rice flour;1
lamb bon;1
mild goat cheese;1
oyster mushroom;1
bunch pencil asparagu;1
whole green peppercorn;1
bottles clam juice;1
boneless beef cross rib roast;1
pin bon;1
big chunk;1
recip;1
whole black truffl;1
lemon wedge;1
creamy polenta;1
sprigs watercres;1
dark roast coffee bean;1
baguette bread;1
dig;1
bay mussel;1
white;1
c butter;1
red grap;1
firm ripe pear;1
chicken breast cutlet;1
salt xa;1
crostini;1
mignonette sauce;1
part skim mozzarella;1
ml half fat cr me fra che;1
lower salt beef broth;1
greek style yogurt;1
excess liquid;1
g salt;1
aunt jemima french toast;1
result;1
scallop shell;1
firm snow;1
dill tip;1
g bread flour;1
cartons reduced sodium beef stock;1
sodium beef stock;1
duck thigh;1
white fish;1
grams milk;1
organic olive oil;1
brown chicken stock;1
hen;1
sheet pepperidge farm puff pastry;1
pinot grigio;1
beef heart;1
m s candy;1
shishito chile pepper;1
sugar syrup;1
green plantain;1
don t;1
g punnet blackberry;1
t flour;1
whole meyer lemon;1
boneless center cut pork chop;1
yoplait yogurt;1
purple plum;1
bolognese sauce;1
chive flower;1
aberdeen hill farms breakfast sausage;1
globe eggplant;1
wheat berry;1
bags pepperidge farm chessmen cooky;1
couche;1
dover;1
luster dust;1
lowfat chocolate milk;1
heath candy bar;1
rectangle hazelnut pastry dough;1
g appenzeller cheese;1
bratwurst;1
basil sprig;1
white pullman bread;1
matcha powder;1
day;1
cans crabmeat;1
ahi tuna steak;1
free flour blend;1
red onion marmalade;1
mccormick grill mat;1
gray salt;1
recipe follow;1
italian roll;1
ripe avocado;1
xa french bread;1
d;1
boiler onion;1
percent cacao chocolate;1
jerusalem artichok;1
desire;1
pinot noir wine;1
good honey;1
pita;1
bite size;1
kielbasa;1
hemp seed;1
about;1
jamaican;1
sheets puff pastry;1
grams mushroom;1
scone;1
world french caster sugar;1
free vanilla;1
count;1
cortland appl;1
c beef broth;1
earl grey tea leaf;1
free oat flour;1
turkey portion;1
raspberry vinegar;1
beef rump;1
ribbon;1
sandwich size sour dough english muffin;1
top split hot dog bun;1
light blond sugar;1
bamboo;1
moreton bay bug;1
partridg;1
cane syrup;1
wholemeal flour;1
cornflour cornstarch;1
chestnut paste;1
spanish type;1
saltier;1
chili garlic paste;1
free range chicken leg;1
reduced fat silken;1
whole milk greek yogurt;1
italian style bread;1
vegetarian oyster sauce;1
use onion;1
sutter home chardonnay;1
milk ball;1
white bean puree;1
old challah;1
cake yeast;1
jersey royal;1
big squeeze;1
regular green bean;1
reduced sodium swiss cheese;1
vegan cheddar cheese;1
banana liqueur;1
empire;1
low fat;1
truffl;1
kalamata olive;1
maine lobster;1
chicken broth stock;1
cup xa port;1
hamburger patty;1
aleppo pepper;1
blackberry liqueur;1
cans campbells beef broth;1
substitute pork sausage;1
free soy sauce;1
soya bean;1
slider roll;1
