salt;1999
olive oil;1704
garlic;1471
greek yogurt;1269
pepper;1004
lemon juice;998
oregano;967
black pepper;922
plain greek yogurt;917
egg;890
sugar;755
cucumber;741
feta cheese;679
tomato;674
vanilla;669
purple onion;649
butter;619
lemon;609
honey;563
dill;529
flour;521
feta cheese crumbl;520
banana;444
parsley;436
cinnamon;425
powder;408
water;406
kosher salt;406
onion;406
milk;389
red wine vinegar;326
kalamata;310
strawberry;310
spinach;301
soda;286
sea salt;282
chicken breast;276
mint;266
garlic powder;254
cherry tomato;252
blueberry;238
red pepper;216
ice;195
green onion;195
lemon zest;190
english cucumber;188
basil;181
almond;180
black oliv;178
kalamata oliv;174
brown sugar;173
cumin;173
grape tomato;170
dijon mustard;168
avocado;162
paprika;160
mayonnaise;159
thyme;144
almond milk;141
maple syrup;140
parmesan cheese;139
chicken;136
red bell pepper;136
nonfat greek yogurt;133
cream cheese;132
oat;131
romaine lettuce;124
cilantro;123
nutmeg;123
greek;121
zucchini;120
chia seed;119
carrot;118
plain yogurt;115
onion powder;112
raspberry;109
flat leaf parsley;108
chickpea;107
lamb;107
vegetable oil;107
sour cream;105
cocoa powder;103
cream;99
quinoa;99
walnut;98
beef;97
egg whit;96
potato;96
oliv;95
mango;92
hummu;92
yoghurt;90
rosemary;89
chiv;89
lime;83
lime juice;83
cheddar cheese;83
oil;82
coconut oil;81
orange juice;81
red onion;79
tzatziki sauce;79
celery;78
artichoke heart;77
yellow onion;75
pita bread;75
scallion;74
lettuce;74
ginger;73
berry;73
free greek yogurt;73
white wine vinegar;73
green bell pepper;71
balsamic vinegar;71
orange;70
whole wheat flour;70
appl;69
pineapple;68
roma tomato;68
shallot;66
white sugar;64
coconut;64
coriander;64
fruit;62
cayenne pepper;62
heavy cream;62
egg yolk;61
granola;60
peanut butter;60
peach;59
tomato paste;59
salad;59
white flour;58
bell pepper;56
chicken broth;56
spinach leaf;56
old fashioned oat;55
bacon;55
whole milk;52
chili powder;52
pasta;52
sauce;52
apple cider vinegar;52
white vinegar;51
corn starch;51
eggplant;51
oregano leaf;50
mustard;50
kale;50
chocolate chip;49
pecan;48
turkey;48
herb;48
agave nectar;48
caper;48
mint leaf;47
jalapeno chily;47
chicken stock;47
pita;47
canola oil;46
low fat greek yogurt;46
plum tomato;46
blackberry;45
chicken thigh;45
mozzarella cheese;44
buttermilk;44
bay leaf;44
cranberry;42
sweet onion;42
bread crumb;42
cheese;41
vanilla yogurt;41
coconut milk;40
yeast;39
phyllo dough;39
basil leaf;39
shrimp;39
light mayonnaise;39
panko breadcrumb;38
sweet potato;38
turmeric;38
tahini;37
green pepper;37
juice;37
lowfat greek yogurt;37
garbanzo bean;37
seedless cucumber;37
cherry;36
pepperoncini;35
low fat milk;35
red potato;35
stevia;35
tomato sauce;34
worcestershire sauce;34
cauliflower;33
cinnamon stick;33
pistachio;33
white wine;33
raisin;32
pita chip;32
applesauce;31
bread;31
orzo pasta;30
nonfat milk;30
white rice;30
yellow bell pepper;30
cardamom;30
almond butter;30
russet potato;29
cilantro leaf;29
yoplait;29
lettuce leaf;28
lemon peel;28
flour tortilla;28
red wine;28
coconut sugar;28
whole milk greek yogurt;28
white onion;28
dark chocolate chip;28
skim milk;28
green bean;27
allspice;27
orzo;27
pineapple chunk;27
parsley leaf;27
mushroom;27
creamy peanut butter;27
rice;27
clove;27
chobani yogurt;27
black bean;27
garam masala;26
graham cracker crumb;26
nut;26
persian cucumber;26
green oliv;26
semi sweet chocolate morsel;25
graham cracker;25
blue cheese;25
garlic salt;24
protein powder;24
mini chocolate chip;24
raw honey;24
goat cheese;24
vinegar;24
gelatin;24
white pepper;23
pumpkin pie spice;23
vegetable broth;23
salsa;23
plain low fat greek yogurt;23
hamburger bun;23
marjoram;23
boneless chicken breast;23
greek style vinaigrette;22
clov;22
pinenut;22
hothouse cucumber;22
arugula;22
chocolate;22
crust;22
confectioners sugar;22
flaxseed;22
broccoli;22
coconut water;22
corn;21
sweetener;21
poppy seed;21
flatbread;21
greek feta;21
salad green;21
vanilla protein powder;21
curry powder;21
fat;20
celery rib;20
nonfat vanilla greek yogurt;20
orange zest;20
yukon gold potato;20
low fat cream cheese;20
spring onion;20
vegetabl;19
grap;19
vinaigrette;19
orange bell pepper;19
corn tortilla;19
pumpkin pur e;19
italian;19
pear;19
almond flour;19
vanilla almondmilk;19
cocoa;18
green;18
artichok;18
broccoli floret;18
ranch;18
nonfat yogurt;18
low sodium chicken broth;18
kiwi;17
dark chocolate;17
couscou;17
caster sugar;17
lime zest;17
rhubarb;17
dark brown sugar;17
low fat buttermilk;17
pine nut;17
pomegranate seed;17
dat;17
tortilla;17
cake flour;16
pea;16
greek olive;16
red grap;16
vanilla bean;16
vanilla almond milk;16
whole wheat pastry flour;16
green chily;16
sunflower seed;16
cracker;15
light cream cheese;15
long grain rice;15
oat flour;15
elbow macaroni;15
asparagu;15
whole wheat pita;15
rotisserie chicken;15
cayenne;15
yellow pepper;15
leaf;15
thyme leaf;15
salmon;15
sesame seed;14
nonstick;14
pizza dough;14
beet;14
leg;14
salmon fillet;14
tuna;14
leaves oregano;14
rotini;14
ketchup;14
red chili pepper;14
pork;14
sprinkl;14
cottage cheese;14
red food;14
natural sweetener;13
yellow mustard;13
cider vinegar;13
brown rice;13
almond meal;13
flax seed;13
penne pasta;13
vanilla bean paste;13
sumac;13
lemon pepper;12
sriracha;12
whole wheat bread;12
radish;12
cannellini bean;12
seed;12
temperature;12
sweet paprika;12
greek oliv;12
cumin seed;12
sweet pepper;12
kalamata olive;12
leek;12
turkey breast;12
fennel;12
coffee;12
low fat yogurt;11
calamata oliv;11
romaine lettuce leaf;11
pita bread round;11
pineapple juice;11
flax seed meal;11
tortilla chip;11
tomato pur e;11
plain flour;11
popsicle;11
free milk;11
iceberg lettuce;11
chocolate syrup;11
phyllo pastry;11
liquid;11
quick oat;11
naan;11
peanut;11
baguette;11
cabbage;10
low fat feta;10
veggy;10
oatmeal;10
pumpkin;10
ripe oliv;10
watermelon;10
grape leaf;10
semolina;10
butternut squash;10
balsamico bianco;10
cheese tortellini;10
chili;10
taco;10
bread flour;10
italian parsley leaf;10
cashew nut;10
hemp seed;10
glaze;10
fig;10
chicken bouillon;10
table salt;9
parmigiano reggiano cheese;9
wheat flour;9
pumpkin seed;9
saffron thread;9
key lime juice;9
granny smith appl;9
pizza crust;9
vegetable stock;9
flank steak;9
light sour cream;9
spaghetti;9
mini cucumber;9
parmesan;9
pita pocket;9
natural peanut butter;9
thigh;9
white chocolate;9
coconut flour;9
lemon rind;9
yogurt;9
basmati rice;9
rice vinegar;8
lentil;8
tea;8
tarragon;8
soy milk;8
peperoncini;8
monterey jack;8
full fat coconut milk;8
chicken finger;8
meat;8
chuck;8
chip;8
garlic puree;8
banana pepper;8
cake;8
sunflower oil;8
cashew;8
italian style breadcrumb;8
french bread;8
farro;8
oreo cooky;8
marinara sauce;8
apple juice;8
bulgur wheat;8
whole wheat tortilla;8
muffin;8
ricotta cheese;8
heart;8
burger bun;8
white chocolate chip;8
raw almond;8
hazelnut;8
soften;8
plain whole milk yogurt;8
buffalo sauce;8
greek style yogurt;8
marinade;7
orange peel;7
salmon caviar;7
fat mayonnaise;7
anchovy paste;7
pesto;7
bone in skin on chicken thigh;7
wheat;7
garlic paste;7
vidalia onion;7
crouton;7
soy sauce;7
room temperature;7
syrup;7
red cabbage;7
butter lettuce;7
black eyed pea;7
fenugreek leaf;7
free feta cheese;7
brown lentil;7
caesar salad;7
tabasco pepper sauce;7
ginger root;7
cornmeal;7
romano cheese;7
harissa;7
green cabbage;7
spaghetti squash;7
gluten;7
kale leaf;7
burger;7
lemon curd;7
zest;7
breadcrumb;7
whole wheat pita bread;7
medjool date;7
stevia powder;7
apricot;7
horseradish;7
crusty bread;7
phyllo;7
caramel;7
lamb chop;7
sodium chicken broth;7
heirloom tomato;7
celery leaf;7
lamb shoulder;7
fennel bulb;7
ounces gram;7
bulgur;7
chipotl;7
fat cream cheese;7
bun;6
italian salad;6
jack cheese;6
reduced fat milk;6
panko;6
part skim mozzarella cheese;6
cotija;6
cacao powder;6
avocado oil;6
peppermint;6
light corn syrup;6
anchovy fillet;6
bean;6
kefalotyri;6
filo dough;6
reduced fat sour cream;6
ciabatta roll;6
brussels sprout;6
whole milk yoghurt;6
cool whip;6
puff pastry;6
spring;6
noodl;6
nutella;6
crimini mushroom;6
swiss cheese;6
spic;6
whole wheat hamburger bun;6
ouzo;6
low fat cottage cheese;6
wine;6
free cream cheese;6
pie;6
ice water;6
non fat sour cream;6
corn kernel;6
milk chocolate chip;6
chicken meat;6
cane sugar;5
ham;5
margarine;5
pearl couscou;5
chicken drumstick;5
french baguette;5
cereal;5
chicken cutlet;5
green appl;5
classic hummu;5
celery salt;5
cream lowfat;5
miniature chocolate chip;5
splenda;5
potato chip;5
whole wheat pita pocket;5
silken;5
cherry juice;5
red leaf lettuce;5
cajun;5
green part;5
fusilli;5
low fat mayonnaise;5
cognac;5
shell;5
white bread;5
grapefruit;5
lavender;5
short grain rice;5
bow tie pasta;5
sweet corn;5
dijon style mustard;5
european cucumber;5
broccoli slaw;5
cooky;5
white cheddar cheese;5
muesli;5
whole grain mustard;5
mandarin orang;5
solid pack pumpkin;5
chickpea flour;5
pie crust;5
green tea;5
feta;5
sweet mini bell;5
ear;5
plain low fat yogurt;5
cauliflower floret;5
beef broth;5
anchovy;5
spice;5
whole wheat breadcrumb;5
nut butter;5
turbinado;5
water chestnut;5
slaw;5
brandy;5
pickl;5
waxy potato;5
meyer lemon juice;5
turkey bacon;5
ciabatta bread;5
cr me fra che;5
wheat germ;5
lacinato kale;5
bison;5
pomegranate juice;5
sage leaf;5
green leaf lettuce;5
green grap;5
white bean;5
leaf parsley;5
tomato pesto;5
molass;5
swiss chard;5
broth;5
fat milk;5
slider bun;5
cacao nib;4
pint grape tomato;4
mozzarella;4
plain fat free yogurt;4
cantaloupe;4
pepita;4
capsicum;4
meyer lemon;4
graviera;4
ripe tomato;4
penne;4
poblano pepper;4
fat mozzarella;4
pistachio nut;4
vanilla pod;4
stock;4
coconut milk yogurt;4
sugar pea;4
tarragon leaf;4
sweet pickle relish;4
less sodium chicken broth;4
sandwich;4
sherry vinegar;4
blend;4
dog;4
orange flower water;4
organic cane sugar;4
mascarpone;4
pita round;4
arborio rice;4
celery seed;4
ripe mango;4
champagne vinegar;4
meat bon;4
pickle relish;4
soup;4
mint sprig;4
brine;4
amaretto;4
ghee;4
food;4
macaroni;4
vanilla whey protein powder;4
collard green;4
seedless watermelon;4
pimento;4
roll;4
sweet cherry;4
plum;4
balsamic reduction;4
almond chocolate milk;4
lima bean;4
hass avocado;4
fennel seed;4
black peppercorn;4
savory;4
candy;4
cornstarch;4
chipotle pepper;4
sausag;4
alfalfa sprout;4
great northern bean;4
whole chicken;4
vine tomato;4
balsamic vinaigrette;4
spanish onion;4
onion salt;4
low fat;4
gluten free flour;4
coriander powder;4
salami;4
instant oat;4
free yogurt;4
peanut powder;4
dill tip;4
pecorino cheese;4
beau monde;4
ricotta;4
plain breadcrumb;4
dough;4
recipe;4
kirby cucumber;4
thyme sprig;4
crush;4
green cardamom;4
chili sauce;4
sprout;4
light agave nectar;4
chili pepper;4
romaine lettuce heart;4
rosemary leaf;4
graham cracker pie crust;3
dill leaf;3
cod fillet;3
falafel;3
buckwheat flour;3
chicken thigh fillet;3
green food;3
old el paso flour tortilla;3
pasta sauce;3
crostini;3
low sodium chicken stock;3
peanut flour;3
crisp;3
orange juice concentrate;3
idaho potato;3
coleslaw;3
monterey jack cheese;3
provence;3
california avocado;3
white cabbage;3
phyllo sheet;3
jalapeno pepper;3
halibut fillet;3
basil pesto;3
navel orang;3
regular cucumber;3
toffee bit;3
chocolate milk;3
red chili powder;3
reduced fat mayonnaise;3
sweet relish;3
plain nonfat yogurt;3
bunch;3
clementin;3
nectarin;3
craisin;3
stick;3
fish;3
angel food cake;3
right;3
vanilla wafer;3
whey protein powder;3
nonfat buttermilk;3
red pepper hummu;3
original ranch dip;3
dutch process cocoa;3
nonfat vanilla yogurt;3
mccormick greek;3
vanilla sugar;3
currant;3
poblano chil;3
neufch tel;3
pumpernickel bread;3
dill pickl;3
goji berry;3
jasmine rice;3
granny smith apple;3
pasta water;3
asparagus spear;3
xanthan gum;3
peppercorn;3
olive oil mayonnaise;3
poultry;3
yellow squash;3
corn flour;3
campari;3
passion fruit;3
low fat mozzarella;3
strawberry yogurt;3
instant yeast;3
red raspberry;3
apple cider;3
lite coconut milk;3
sirloin;3
coriander seed;3
matcha;3
cookie sheet;3
dog bun;3
linguine;3
flatout flatbread;3
vanilla ice cream;3
tahini paste;3
nutritional yeast;3
cinnamon sugar;3
sandwich bread;3
liquid stevia;3
lavash;3
lime rind;3
light tuna;3
liquid honey;3
croissant;3
yellow cake;3
pork shoulder;3
chile;3
light coconut milk;3
bibb lettuce;3
waffle;3
sirloin steak;3
homemade yogurt;3
pork loin chop;3
pickle juice;3
butter bean;3
graham cracker crust;3
romain lettuc leav;3
coconut cream;3
whey;3
blood orange;3
fat free mayonnaise;3
kasseri;3
button mushroom;3
pea shoot;3
albacore tuna;3
marshmallow;3
barbecue sauce;3
golden raisin;3
pepperocini;3
curd;3
raw sugar;3
chipotle chile pepper;3
rocket leaf;3
stalk;3
beefsteak tomato;3
cranberry sauce;3
muenster cheese;3
original ranch;3
fettucine;3
yellow cornmeal;3
instant coffee;3
pomegranate;3
caraway seed;3
lamb leg;3
fat free milk;3
old fashioned oatmeal;3
white cake;3
rainbow sprinkl;3
angel hair;3
tomato passata;3
haas avocado;3
tortilla wrap;3
liquid egg whit;3
aleppo pepper;3
cardamom seed;3
cashew milk;3
salsa verde;3
himalayan salt;3
taco shell;3
fat cheddar cheese;3
spike;3
filet;3
chuck roast;3
cashewmilk;3
extra firm;3
broccoli coleslaw;3
canola mayonnaise;3
veggie burger;3
chicken breast fillet;3
ginger paste;3
relish;3
vanilla bean seed;3
red capsicum;2
bamboo shoot;2
pineappl;2
espresso powder;2
tarragon vinegar;2
light soy sauce;2
anise seed;2
olive;2
bit;2
key lim;2
bechamel;2
v;2
drain;2
old bay;2
ripe banana;2
head romaine lettuce;2
safflower oil;2
balsamic vinaigrette salad;2
strong black coffee;2
mini phyllo dough shell;2
loav;2
sel;2
sunflower kernel;2
rum;2
bittersweet chocolate chip;2
chocolate ice cream;2
celery stick;2
cupcak;2
arrowroot starch;2
bittersweet chocolate;2
moon;2
full fat sour cream;2
sourdough roll;2
hard cheese;2
crep;2
cheese italian;2
chocolate bar;2
stick butter;2
chicken tenderloin;2
golden beet;2
horseradish sauce;2
puff pastry sheet;2
lemon yogurt;2
orang;2
club soda;2
squid;2
boston lettuce;2
knorr vegetable recipe;2
marcona almond;2
halloumi;2
arrowroot powder;2
tomato basil feta;2
stalks celery;2
pizza sauce;2
salad leaf;2
whole wheat penne pasta;2
low fat cheese;2
serrano chily;2
organic sour cream;2
potato packet;2
a ai powder;2
shell pasta;2
olive brine;2
chicken leg;2
bbq sauce;2
sausage link;2
low sodium soy sauce;2
kabocha squash;2
sugar substitute;2
container sour cream;2
cod;2
red seedless grap;2
pan;2
boneless chicken thigh;2
squash;2
strawberry sauce;2
fat free sour cream;2
ginger garlic paste;2
wish bone italian;2
lamb bone;2
green tea powder;2
japanese eggplant;2
ras el hanout;2
sugar syrup;2
fettuccine pasta;2
organic coconut milk;2
carrot stick;2
low fat sour cream;2
honeydew melon;2
guacamole;2
italian bread;2
sourdough bread;2
heirloom cherry tomato;2
dill pickle relish;2
tortellini;2
paste;2
sage;2
organic sugar;2
red cabbage leaf;2
pepper sauce;2
organic butter;2
pecorino romano;2
mango chutney;2
spelt flour;2
rosewater;2
french lentil;2
gold potato;2
kiwifruit;2
macadamia nut;2
chicken breast meat;2
grapefruit juice;2
fennel frond;2
peppadew;2
free egg;2
summer squash;2
low fat cheddar cheese;2
veal;2
tapioca flour;2
espresso;2
lamb shank;2
raw pistachio;2
lemon cake;2
prun;2
potato starch;2
portabello mushroom;2
seedless grap;2
butter pickl;2
rib;2
black lentil;2
lemonade;2
pretzel;2
flax;2
pork chop;2
spring green;2
blocks less fat cream cheese;2
orecchiette;2
butter powder;2
shortbread cooky;2
milk powder;2
kaiser roll;2
wheat berry;2
whole oat;2
clover honey;2
sheep;2
celery stalk;2
dark leafy green;2
lemon thyme;2
whole wheat orzo;2
mahi mahi fillet;2
chicken breast tender;2
caper berry;2
gemelli;2
anaheim chile;2
barley flour;2
colby jack cheese;2
chiffonade;2
zucchini noodl;2
crescent roll;2
leaf lettuce;2
light butter;2
cheesecake;2
cream quark;2
milk chocolate;2
fenugreek seed;2
papaya;2
base;2
ranch salad;2
fuyu persimmon;2
parsnip;2
yukon gold;2
black mustard seed;2
thick cut bacon;2
red wine vinaigrette;2
white corn tortilla;2
mild olive oil;2
chocolate cake;2
creamy salad;2
kefir;2
old bread;2
chili oil;2
non dairy milk;2
red lentil;2
vanilla soy milk;2
mini pita round;2
fluid ounces ounces gram;2
star anise;2
dark chocolate cocoa powder;2
green lentil;2
buttercream;2
grass fed butter;2
fenugreek;2
vodka;2
beef stock;2
madras curry powder;2
yellow corn;2
whole wheat bun;2
whole wheat pasta;2
whole grain;2
flat leaf parsley sprig;2
beef sirloin;2
watercres;2
bacon bit;2
neutral oil;2
creme fraiche;2
creole;2
serrano chile;2
artisan bread;2
bottle cole slaw;2
mustard seed;2
fat ranch;2
delallo lemon juice;2
mccormick garlic powder;2
red vinegar;2
parsley sprig;2
garlic pres;2
kaiser;2
mahlab;2
calamari;2
lamb leg steak;2
rusk;2
key lime;2
anise;2
rhubarb stalk;2
italian herb;2
spearmint;2
aioli;2
jalape o pepper;2
instant espresso powder;2
white sandwich bread;2
julienne;2
white mushroom;2
jello;2
vanilla essence;2
whitefish fillet;2
dip;2
tapioca;2
frond;2
egg noodl;2
red appl;2
tequila;2
italian pizza crust;2
chicken sausage;2
corn syrup;2
organic milk;2
whole wheat spaghetti;2
pecorino romano cheese;2
chutney;2
boneless pork chop;2
crema;2
ranch dip;2
chunk;2
green tomato;2
tapenade;2
lamb loin chop;2
spanish oliv;2
edible flower;2
cardamom pod;2
cilantro sprig;2
rotisserie chicken breast;2
garlic sauce;2
ziti;2
brown sugar blend;2
vanilla powder;2
free range chicken;2
toast;2
hoagie roll;2
whole wheat couscou;2
cavatappi;2
bunch scallion;2
pectin;2
cocktail cherry;2
sprig;2
myzithra;2
pepper jack;2
fat free chicken broth;2
lamb stock;2
steel cut oat;2
pink salmon;2
melon;2
low fat vanilla yogurt;2
similar pasta;2
raspberry vinegar;2
haloumi;2
goldfish cracker;2
stalk celery;2
italian style salad;2
top;2
cornbread;2
green chil;2
organic tomato;2
spreadable stick;2
boneless chicken;2
crusty roll;2
bourbon whiskey;2
bone in chicken breast;2
stick margarine;2
sardin;2
jerk marinade;1
red grapefruit sunrise;1
chocolate morsel;1
queso fresco;1
kraft mayonnaise;1
cheddar cheese soup;1
pinto bean version;1
sodium bacon;1
unripe tomato;1
bulghur wheat;1
albacore;1
lettuce heart;1
pork leg;1
chocolate sauce;1
chicken salad;1
tart;1
coconut rum;1
turnip;1
yellow crookneck squash;1
meat sauce;1
mission fig;1
drummett;1
octopus;1
whole tomato;1
basmati;1
green cardamom pod;1
soft cheese;1
garlic mayonnaise;1
whole kernel corn;1
rabbit;1
tzatziki;1
sweet potato roll;1
cannoli shell;1
con;1
matchstick carrot;1
sodium;1
cake batter;1
sunny d juice;1
sunflower seed kernel;1
light cream;1
mccormick sea salt;1
dessert;1
cubanelle pepper;1
whole wheat fusilli;1
cashews almond;1
brat;1
gourmet garden oregano;1
fajita;1
heads broccoli;1
wafer;1
whole wheat penne;1
mutton;1
dragon fruit;1
dark meat;1
semicircl;1
sweet yellow corn;1
savoy cabbage;1
vine leaf;1
nonpareil;1
country bread;1
boneless lamb shoulder;1
divine dark chocolate;1
jell o chocolate instant;1
rice krispies cereal;1
clementine section;1
red pepper italian;1
use;1
lamb shoulder roast;1
pastry dough;1
crabmeat;1
millet;1
lemon vinegar;1
whole wheat rotini;1
vanilla instant;1
pint sour cream;1
caramel ice cream;1
edamame bean;1
multigrain roll;1
mango juice;1
canderel;1
ginger pur e;1
fudge;1
low sodium vegetable stock;1
free vanilla yogurt;1
aleppo;1
ice cream;1
maple;1
tandoori paste;1
short pasta;1
bottarga;1
bosc pear;1
wine syrup;1
gratin;1
jumbo egg;1
green leaf lettuce leaf;1
strong flour;1
chilli paste;1
whole rasin;1
hibiscus tea;1
dandelion green;1
jalape o;1
full fat;1
tangerine juice;1
tartnes;1
pocket pita;1
loin pork roast;1
boneless rotisserie chicken breast;1
tilapia fillet;1
vegan cheese;1
acorn squash;1
diameter;1
passion fruit juice;1
gluten free pasta;1
coffee creamer;1
whole wheat cracker;1
cream style corn;1
loin pork chop;1
minute tapioca;1
fennel green;1
knife;1
chili paste;1
banana chip;1
seedless kind;1
rice wine vinegar;1
dill almond pesto;1
blue diamond almond;1
cervasi parmigiano reggiano;1
curry;1
py;1
grouper fillet;1
chicken spice;1
cans chicken;1
digestive biscuit;1
gluten free millet;1
peanut butter cookie;1
spelt berry;1
egg substitute;1
chestnut mushroom;1
cheez it cracker;1
cayenne pepper powder;1
sweet roll;1
masticha;1
whitefish;1
beer;1
chile pepper;1
delallo orzo;1
hemp protein powder;1
yellow mustard seed;1
block style less fat cream cheese;1
golden zucchini;1
garnish;1
vine ripe tomato;1
beet juice;1
dill sprig;1
brown mustard;1
fage;1
orange blossom honey;1
flat leaf spinach;1
rustic bread;1
rosemary sprig;1
marsala wine;1
whole wheat crouton;1
pernod;1
saigon cinnamon;1
chile powder;1
lamb shoulder blade chop;1
shrimp shell;1
genoa salami;1
seltzer water;1
fruit puree;1
saltin;1
lime curd;1
honey dijon mustard;1
wine vinegar;1
pimiento;1
broccoli head;1
scallopini;1
conventional yogurt;1
pepperoncini pepper;1
free range egg;1
coffee bean;1
rind;1
filo;1
sweet red wine;1
season salt;1
regular bacon;1
good olive oil;1
shiitake;1
hard salami;1
gingersnap cooky;1
steel cut oatmeal;1
pepperoni turkei;1
philadelphia cream cheese;1
wildflower honey;1
country crock;1
talapia fillet;1
cans chunk chicken;1
pocket bread;1
chicken wing;1
cans tuna;1
kidney bean;1
canadian bacon;1
low fat ranch;1
p che;1
ni oise oliv;1
tomatillo;1
natural yogurt;1
fat vanilla ice cream;1
peach nectar;1
mccormick bay leaf;1
green portion;1
metaxa;1
daisy sour cream;1
tubular pasta;1
petit beurre;1
apple pie yogurt;1
breakfast sausage link;1
nori sheet;1
coconut liqueur;1
rotini pasta;1
real bacon bit;1
fage yogurt;1
orange marmalade;1
;1
golden quinoa;1
green chili;1
chaat masala;1
lamb rump steak;1
chicken bouillon granul;1
spring form pan;1
quarter;1
apple pie;1
ciabatta bun;1
lollipop;1
french roll;1
brand;1
pillsbury pie crust;1
light vanilla yogurt;1
fillet;1
chicken thighs boneles;1
dreamfields penne rigate;1
za atar;1
cava;1
instant lemon;1
teriyaki sauce;1
cod roe;1
vegetable;1
sunset;1
gel;1
low sodium beef broth;1
low fat coconut milk;1
m;1
thick greek yogurt;1
endive;1
stew meat;1
pineapple salsa;1
lowfat buttermilk;1
lamb loin;1
non dairy;1
corn husk;1
cuban pepper;1
ounce russet potato;1
wonderful pistachio;1
red grapefruit;1
brown butter;1
original ranch light;1
ice cream con;1
pork tenderloin;1
non fat;1
chestnut cream;1
low fat granola;1
veget;1
flaky salt;1
crunch cereal;1
crumble;1
juic;1
peach pur e;1
slab bacon;1
sweet mango;1
zucchini blossom;1
white vermouth;1
green pea;1
favorite flavor;1
grate lime peel;1
sodium vegetable stock;1
mango nectar;1
whole allspice berry;1
crab;1
organic low sodium chicken broth;1
ring;1
black walnut;1
kefalotiri;1
heart romaine lettuce;1
alcohol;1
low fat graham cracker;1
reduced fat graham cracker crust;1
bartlett pear;1
runny honey;1
medium grind bulgur;1
skin;1
sheets phyllo dough;1
hazelnut oil;1
bunch watercres;1
pork sausage patty;1
chunky almond butter;1
pork sirloin chop;1
berbere;1
pineapple concentrate;1
spring lettuce;1
wrapper;1
sesame;1
betty crocker oatmeal cookie;1
thyme honey;1
top sirloin steak;1
chocolate curl;1
limeade;1
worcestershire;1
whole grain baguette;1
kasoori methi;1
whole almond;1
granola cereal;1
round red potato;1
pineapple ring;1
favorite variety;1
butter oil;1
pork loin;1
minute;1
bulghur;1
orange liqueur;1
bottle italian;1
tartar sauce;1
instant oatmeal;1
low salt chicken broth;1
bisquick;1
maca powder;1
sparerib;1
chicken fillet;1
watermelon ball;1
frank;1
skirt steak;1
greek kalamata oliv;1
couverture chocolate;1
mild salsa;1
golden cake;1
mostaccioli;1
white bread flour;1
lavender flower;1
liquid sweetener;1
pepper jack cheese;1
cottage cheese lowfat;1
havarti cheese;1
low sodium garbanzo bean;1
mango yogurt;1
rotelle;1
pork steak;1
chicken leg quarter;1
crumb;1
pint cherry tomato;1
semolina flour;1
garden pea;1
chevre;1
rest;1
chunk feta;1
saffron;1
light brown sugar;1
consistency;1
swerve sweetener;1
ziti pasta;1
pam;1
starch;1
wish bone greek vinaigrette;1
caf mocha yogurt;1
cod filet;1
piquillo pepper;1
classic romaine;1
hoisin sauce;1
combination;1
melissa;1
caesar;1
blueberry pie;1
montreal steak;1
vine;1
soda water;1
red curry paste;1
cervasi bowtie pasta;1
heinz chili sauce;1
house cucumber;1
jicama;1
dijon;1
provolone cheese;1
olive tapenade;1
mustard oil;1
fat vinaigrette;1
onion ring;1
york strip steak;1
french breakfast radish;1
rice cereal;1
globe eggplant;1
tuna steak;1
madagascar bourbon vanilla;1
chocolate chip cooky;1
adobo sauce;1
nonfat greekstyl yogurt;1
bass fillet;1
beef roast;1
radicchio;1
fines herb;1
fennel pollen;1
grapefruit zest;1
kraft miracle whip;1
low sodium vegetable broth;1
bag broccoli slaw;1
ginger syrup;1
ramen noodl;1
honey nut cheerios cereal;1
fresca;1
leftover potato packet;1
pork rib chop;1
turkey sausage link;1
lump crab meat;1
crab meat;1
roast breast;1
okra;1
strawberry couli;1
mini pepperoni;1
jumbo shrimp;1
ditalini pasta;1
pearl barley;1
ribs celery;1
cherry pepper;1
fryer chicken;1
cracklin oat bran cereal;1
chile paste;1
white quinoa;1
fuji apple;1
celery root;1
ranch style;1
farina;1
apple butter;1
smooth natural peanut butter;1
sunchok;1
demerara sugar;1
golden pineapple;1
mahimahi;1
buttermilk pancake;1
raw cashew nut;1
spicy brown mustard;1
balls don t stick;1
gelatin sheet;1
simple syrup;1
strawberry oil;1
turkey thigh;1
cranberry raspberry juice cocktail;1
slider roll;1
whole grain dijon mustard;1
greek yogurt salad;1
egg beater;1
cavenders greek;1
canola;1
hachiya;1
salt pork;1
garden herb;1
batches lemon cream cheese;1
coriander cilantro;1
gluten free cracker;1
sweet bell pepper;1
buttermilk biscuit;1
fruity pebbl;1
raspberry mayonnaise;1
yellow cherry tomato;1
grape;1
honeycrisp appl;1
sheets filo dough;1
dozen egg;1
carrot cake;1
whole grain bread;1
boneless lamb;1
bow;1
iceberg;1
golden delicious appl;1
pork loin center;1
flax egg;1
sorrel;1
free beef broth;1
sandwich roll;1
food gel;1
tbsp;1
t mayonnaise;1
almond syrup;1
mini pie crust;1
homemade chicken stock;1
poppyseed;1
dark muscovado sugar;1
french fry;1
block cream cheese;1
min;1
french fri;1
nigella seed;1
kimchi;1
brown basmati rice;1
choice;1
pepperoni;1
low fat swiss cheese;1
black sesame seed;1
medium size zucchini;1
rib eye roast;1
alfredo sauce;1
low fat vinaigrette;1
blackberry pie yogurt;1
chayot;1
drizzle;1
italian tomato;1
green onion top;1
swordfish steak;1
bulb;1
gourmet garden garlic paste;1
crosswise;1
linguine pasta;1
tandoori chicken masala;1
pink lemonade concentrate;1
bunch celery;1
jumbo kalamata oliv;1
scallion green;1
flavor;1
red wine vinaigrett;1
tea leaf;1
ounce container;1
shrimp tail;1
gouda;1
garlic olive oil;1
carrot coleslaw;1
lamb rib roast;1
sweet mini chocolate chip;1
meatloaf;1
bagel;1
mahimahi fillet;1
peanut oil;1
ounce bag;1
fat buttermilk;1
fat coconut milk;1
palm oil;1
taramasalata;1
sheep s milk cheese;1
toothpick;1
t olive oil;1
supreme cake;1
real mayonnaise;1
orange segment;1
meatball;1
tostada;1
gluten free breadcrumb;1
ounce bulb;1
beverage;1
instant couscou;1
lemon balm;1
non stick;1
pecorino;1
greek style;1
devils food cake;1
strawberry pur e;1
red delicious appl;1
organic vegetable broth;1
scoop;1
family size order;1
ounce gram;1
pearl onion;1
wheat bread;1
chocolate ganache;1
sicilian;1
sesame oil;1
blue agave nectar;1
boneless pork loin;1
fat free cottage cheese;1
grams garlic;1
sultana;1
coconut chip;1
ripe avocado;1
chicken part;1
pancake;1
garlic oil;1
athens mini fillo shell;1
dark corn syrup;1
candy can;1
spirulina powder;1
pepper ring;1
black cardamom;1
box shortbread cooky;1
oven fry;1
bergamot;1
sausage;1
part skim mozzarella;1
scotch bonnet chile;1
original ranch salad;1
inch thick ring;1
knudsen light sour cream;1
caramel sauce;1
edamame;1
escarole;1
minute rice;1
equal sweetener;1
whole grain wrap;1
buckwheat honey;1
dish;1
cornflak;1
mccormick onion powder;1
garlic chili sauce;1
beef bouillon;1
can;1
thick yoghurt;1
juniper berry;1
miracle whip;1
boneless leg;1
chicken soup base;1
greek type yogurt;1
white cannellini bean;1
choice bread;1
cremini mushroom;1
tri tip;1
boneles;1
crispbread;1
oat bran;1
tomato sprinkl;1
firm;1
reserve liquid;1
honey mustard;1
mccormick italian;1
round;1
box;1
jimmy;1
whole wheat wrap;1
chili bean;1
gruyere cheese;1
nonfat greek style yogurt;1
cactus leaf;1
use reduced fat;1
grams ginger;1
chicken cook pre;1
gluten free granola;1
yogurt cheese;1
additional butter;1
essential oil;1
streusel;1
lengthway;1
texas toast bread;1
lasagna noodl;1
whole milk ricotta cheese;1
natural cocoa;1
black cherry;1
barberry;1
vanilla vodka;1
tater tot;1
free lasagna noodle;1
adobo;1
whole kalamata oliv;1
turkey chili;1
free plain yogurt;1
sheet;1
chocolate sandwich cooky;1
pound box graham cracker;1
quinoa pasta;1
kohlrabi;1
medjool dat;1
cream sauce;1
gala appl;1
brown cardamom;1
red chile powder;1
veget soup;1
roast;1
halloumi cheese;1
cardamon;1
snapper;1
kasuri methi;1
sweet basil;1
red zinfandel;1
lamb rump;1
dill sauce;1
direction;1
kiwi fruit;1
sugar cookie;1
multigrain pita chip;1
alphabet;1
cracker crumb;1
merlot;1
sour cherry;1
rib eye steak;1
nonstick vegetable oil;1
tikka masala curry paste;1
grill;1
mirin;1
corn chip;1
gallo;1
culinary lavender;1
mustard powder;1
hand;1
sweet creamy butter;1
garnet yam;1
kashmiri chili powder;1
white corn;1
soft goat cheese;1
fris e;1
beef bouillon powder;1
colby cheese;1
beef stew meat;1
citrus zest;1
corn oil;1
ch vre;1
wheat cereal;1
cake crumb;1
honey graham cracker;1
i;1
coconut vinegar;1
boneless pork shoulder roast;1
purple potato;1
sweet pea;1
hemp;1
limoncello;1
mustard green;1
pesto sauce;1
instant polenta;1
liquid smoke;1
pound leg;1
low fat mozzarella cheese;1
nilla wafer;1
lasagne;1
plantain;1
knox gelatine;1
strong white bread flour;1
pernigotti;1
t bone steak;1
lamb burger;1
nonfat;1
orange food;1
navy bean;1
raspberry sherbet;1
head lettuce;1
red velvet cake;1
french feta;1
allspice berry;1
pastry;1
chiquita banana;1
chunk light tuna;1
puy lentil;1
free blend;1
mexican oregano;1
spice cake;1
double cream;1
greek vinaigrette salad;1
whit;1
tumeric powder;1
pork rib;1
gluten free bread;1
creamer potato;1
polenta;1
mccormick paprika;1
meat stock;1
free chocolate chip;1
stonefire tandoori garlic naan;1
cinnamon apple sauce;1
t mustard;1
squirt;1
sucralose;1
crisco;1
gluten free oat;1
breakfast sausag;1
kasseri cheese;1
leaf spinach;1
sorghum flour;1
digestive health tortilla;1
romaine salad;1
candy melt;1
key lime pie yogurt;1
red beet;1
york style;1
natural low fat;1
russet;1
chipotle;1
irish oatmeal;1
boneless chicken breast meat;1
pomegranate molass;1
zesty italian;1
citrus juice;1
whole black oliv;1
kikkoman katsu sauce;1
a ai;1
low sodium chickpea;1
salt substitute;1
whole wheat graham cracker;1
end;1
lemon lime soda;1
citron;1
gluten free pizza crust;1
dill pickle;1
coffee granul;1
devein;1
turkey patty;1
wish bone;1
italian flat leaf parsley leaf;1
brown potato;1
blocks fat free cream cheese;1
quinoa flour;1
portobello cap;1
salad oil;1
whole wheat pizza dough;1
peanut butter chip;1
mccormick oregano leaf;1
beansprout;1
non pareil caper;1
caramel yogurt;1
skin on;1
malt vinegar;1
caraway;1
cornish hen;1
masala;1
vegan mayonnaise;1
reduced calorie;1
fish fillet;1
lady appl;1
emerils essence;1
chicken breast tenderloin;1
celery heart;1
chocolate chunk;1
fresno;1
pheasant;1
phyllo pastry sheet;1
asiago;1
grain salt;1
serrano pepper;1
tomato juice;1
circl;1
puff pastry shell;1
petal;1
potato salad;1
asian pear;1
village harvest arborio rice;1
prawn;1
wrung;1
neufchatel cheese;1
cinnamon roll;1
hungarian paprika;1
cooked;1
lamb shoulder chop;1
banana pepper ring;1
nonfat blueberry greek yogurt;1
white rice flour;1
instant cheesecake;1
coconut butter;1
mineral water;1
mini marshmallow;1
panna cotta;1
vanilla cake;1
lsa;1
gyros spice;1
bay scallop;1
psyllium husk;1
rock salt;1
lavender bud;1
corncob;1
leche;1
mango nectar concentrate;1
turkey sausage;1
italian cheese;1
whole wheat macaroni;1
plain whole milk greek yogurt;1
buffalo barbecue sauce;1
sweet spice;1
red quinoa;1
whole allspice;1
whole wheat pita round;1
borlotti bean;1
organic chicken;1
pepperoni sausage;1
alsatian;1
arugula leaf;1
chocolate wafer;1
chunky peanut butter;1
soft mild goat cheese;1
biscuit dough;1
rye bread;1
container vanilla fat free yogurt;1
room temperature egg;1
vanilla cupcake;1
percent lowfat milk;1
green section;1
pinto bean;1
c;1
tomato puree;1
compote;1
cheese ravioli;1
express heart;1
matzo;1
pod;1
rump steak;1
floret;1
cans garbanzo bean;1
custard sauce;1
green greek oliv;1
pumpkin puree;1
greek oregano;1
black greek oliv;1
boiler;1
active cultur;1
free vanilla;1
anchovy filet;1
seedless on;1
tray;1
green chile;1
bath;1
rigatoni;1
sherry;1
lemon meringue yogurt;1
hamburger patty;1
vermouth;1
