salt;3602
onion;2562
turmeric;2464
garlic;2427
ginger;2226
garam masala;1995
tomato;1674
cumin;1592
oil;1473
water;1456
cumin seed;1444
coriander;1336
cilantro;1115
chili powder;988
green chily;889
vegetable oil;776
cilantro leaf;723
olive oil;681
black pepper;677
lemon juice;669
coriander powder;650
butter;616
curry leaf;595
sugar;590
potato;566
pepper;566
curry powder;553
bay leaf;552
cinnamon;552
clove;538
mustard seed;536
cardamom;533
cayenne pepper;499
red chili powder;492
ghee;491
garlic paste;456
coconut milk;449
cinnamon stick;436
kosher salt;431
coriander seed;419
plain yogurt;402
paprika;395
clov;381
yoghurt;370
carrot;368
basmati rice;363
coconut;343
pea;338
red chili pepper;333
lemon;326
chicken breast;313
chickpea;305
tomato paste;295
flour;283
chicken;281
milk;281
fennel seed;279
yellow onion;268
rice;264
red pepper;256
canola oil;255
sea salt;242
purple onion;239
spinach;237
coconut oil;228
mint;226
turmeric powder;223
chicken thigh;221
cashew nut;218
mint leaf;215
ginger paste;213
black peppercorn;206
cardamom pod;205
cayenne;200
cream;197
almond;196
greek yogurt;196
green cardamom;195
ginger root;189
cauliflower;187
egg;187
asafoetida;186
lime juice;186
black mustard seed;181
lime;172
paneer;172
ginger garlic paste;154
amchur;152
chili;152
red lentil;152
heavy cream;151
fenugreek seed;144
coriander leaf;142
green pea;138
jalapeno chily;138
tomato pur e;133
seed;127
shallot;125
kasuri methi;123
nutmeg;122
green cardamom pod;121
cucumber;118
mango;114
fenugreek leaf;114
masala;109
chicken stock;109
brown sugar;109
urad dal;108
powder;108
garam masala powder;105
red chilli powder;104
curd;103
star anise;100
plum tomato;99
red onion;98
sweet potato;98
raisin;97
eggplant;96
honey;95
chaat masala;94
peppercorn;93
green chilly;93
plain greek yogurt;90
red bell pepper;90
gram flour;90
lamb;89
white onion;89
saffron;88
asafetida;87
leaf;84
mustard oil;84
tamarind paste;83
garlic powder;81
parsley;79
peanut;79
chicken broth;78
fenugreek;75
yogurt;73
tomato sauce;72
beef;72
chickpea flour;72
cauliflower floret;72
green onion;71
vegetable broth;71
piece;70
shrimp;70
red chile pepper;69
poppy seed;68
cashew;68
cumin powder;67
whole wheat flour;66
serrano chile;66
green bean;66
soda;64
vegetable stock;64
sunflower oil;63
naan;63
brown mustard seed;63
curry paste;62
chana dal;61
mango chutney;61
zucchini;61
brown cardamom;61
lentil;60
jeera;60
light coconut milk;60
scallion;59
sesame seed;59
rice flour;59
capsicum;58
curry;57
jaggery;57
peanut oil;57
spic;56
green bell pepper;55
chutney;54
corn starch;54
gm;53
green chili;53
mustard;51
tamarind;51
floret;51
white sugar;50
black cardamom;50
yeast;50
pistachio;49
garbanzo bean;49
spinach leaf;49
whole milk;48
bell pepper;48
golden raisin;47
russet potato;47
vegetabl;47
cardamom seed;47
white rice;46
mutton;46
mace;45
yellow mustard seed;43
brown rice;42
spice;42
soy sauce;42
mushroom;42
red chili;41
white vinegar;41
shahi jeera;40
tandoori spic;40
yukon gold potato;40
boneless chicken breast;40
;40
bread;40
coconut cream;40
juice;39
black gram;39
meat;38
chilli powder;38
sauce;38
plain flour;38
saffron thread;38
red chile powder;37
fish;37
red chilly;36
chile pepper;36
methi;36
ice;36
butternut squash;35
corn flour;35
table spoon;35
bread crumb;35
allspice;35
cabbage;35
red chily;35
green chile;35
black salt;35
cherry tomato;34
stick;33
tblsp;33
green chilli;33
roma tomato;33
sesame oil;32
red chilli;32
kale;32
fennel;32
plain whole milk yogurt;32
sweet paprika;31
leg;31
moong dal;31
quinoa;31
thai chile;31
chat masala;30
okra;30
wheat flour;30
pumpkin;30
nigella seed;29
no;29
serrano pepper;29
madras curry powder;29
lamb shoulder;29
cardamon;29
boneless chicken;28
slit;28
onion powder;28
tomato ketchup;28
tumeric;28
white pepper;27
tamarind concentrate;27
prawn;27
marinade;27
paste;27
cider vinegar;27
vinegar;27
full fat coconut milk;27
mild curry powder;26
chile;26
sour cream;26
celery;26
arbol;26
green pepper;26
toor dal;25
raw cashew;25
red curry paste;25
natural yogurt;25
asafoetida powder;25
beet;25
low sodium chicken broth;25
tamarind pulp;25
red potato;25
caraway seed;25
chili paste;25
tspoon;25
chicken leg;25
chicken drumstick;25
spring onion;24
double cream;24
jasmine rice;24
black cardamom pod;24
broccoli;24
hour;24
ajwain;24
corn;23
extra firm;23
lime xa;23
firm;23
minut;23
white wine vinegar;23
mango powder;23
apple cider vinegar;22
maida flour;22
green chile pepper;22
mayonnaise;22
ml water;22
tomato puree;22
ginger piece;21
bean;21
chili pepper;21
boneless chicken thigh;21
semolina;21
black lentil;21
plain low fat yogurt;21
tandoori paste;21
cumin seeds jeera;21
banana;21
ketchup;20
whole chicken;20
serrano chily;20
low fat yogurt;20
strand;20
whole cumin seed;20
sweet onion;20
lemon zest;20
brown lentil;20
green lentil;20
dough;19
thyme;19
english cucumber;19
cheese;19
vanilla;19
red food;19
methi leaf;19
jalape o pepper;19
black eyed pea;19
apricot;19
gingerroot;18
dal;18
fat;18
pomegranate seed;18
cilantro sprig;18
whole milk yoghurt;18
kidney bean;18
green;18
recipe;18
chunk;18
raita;18
handful;18
nut;18
head cauliflower;18
neutral oil;18
piece ginger;18
caster sugar;17
beef stock;17
veggy;17
serrano;17
basil;17
flatbread;17
safflower oil;17
bengal gram;17
appl;17
turkey;17
nonfat yogurt;16
cassia cinnamon;16
pineapple;16
taste;16
lemongras;16
channa dal;16
buttermilk;16
chile powder;16
brown basmati rice;16
lim;16
whole black peppercorn;15
heeng;15
turmeric powder haldi;15
long grain rice;15
heat;15
ginger powder;15
size;15
rajma;15
salmon fillet;15
low fat milk;14
waxy potato;14
ml coconut milk;14
chiv;14
free yogurt;14
cranberry;14
tblspoon;14
jalapeno;14
mozzarella cheese;14
dat;14
yellow lentil;13
kaffir lime leaf;13
sprig;13
corn kernel;13
galangal;13
yellow bell pepper;13
fish sauce;13
bhindi;13
currant;13
lettuce;13
dark brown sugar;13
gram;13
worcestershire sauce;13
almond milk;13
flat leaf parsley;13
lite coconut milk;12
red wine vinegar;12
mustard green;12
molass;12
red kidney bean;12
pepper corn;12
mustard powder;12
garlic puree;12
stick cinnamon;12
naan bread;12
avocado;12
oat;11
use;11
plain yoghurt;11
choice;11
raw sugar;11
thigh;11
bunch;11
yam;11
salad;11
tea bag;11
sodium chicken broth;11
malt vinegar;11
white sesame seed;11
ml;11
red capsicum;11
tea;11
food;11
gravy;11
masoor dal;11
fruit;11
mustard seeds rai;10
poha;10
leek;10
papadum;10
atta;10
stock;10
pistachio nut;10
maple syrup;10
gooseberry;10
balsamic vinegar;10
jalape o;10
low sodium vegetable broth;10
marsala wine;10
pod;10
button mushroom;10
ripe mango;10
onion ring;10
coconut sugar;10
salmon;10
cornmeal;10
paneer cheese;10
red chili powder lal mirch powder;10
tahini;10
t garam masala;10
lime zest;10
black bean;10
broth;10
natural yoghurt;10
spanish onion;10
orange;10
mint leaves pudina;9
bread flour;9
soya chunk;9
fillet;9
g basmati rice;9
instant yeast;9
rock salt;9
ripe tomato;9
corn oil;9
biryani masala;9
chilli paste;9
oregano;9
flour tortilla;9
pearl onion;9
whole garam masala;9
paratha;9
radish;9
brussels sprout;9
sultana;9
mung bean;9
black pepper corn;9
cornstarch;9
pork;9
thyme leaf;9
crosswise;9
white bread;9
tandoori masala;9
agave nectar;9
parsnip;9
couscou;9
margarine;9
butter oil;9
coriander powder dhania powder;9
thick yogurt;8
crust;8
cloves lavang;8
haricots vert;8
chicken thigh fillet;8
green chili pepper;8
vegan butter;8
cm piece;8
tumeric powder;8
herb;8
essence;8
orange juice;8
sprig curry leaf;8
celery rib;8
whitefish fillet;8
kashmiri chilli powder;8
fish fillet;8
bird chile;8
sweetener;8
turnip;8
panko breadcrumb;8
light cream;8
green chil;8
inch piece ginger;8
tamarind juice;8
peach;8
crimini mushroom;8
whole coriander seed;8
whole spic;8
daal;8
boneles;8
basmati;8
tandoori;8
head;8
liquid;8
broccoli floret;8
rice vinegar;8
green mango;8
garlic pod;8
cream cheese;8
black cumin seed;8
egg whit;8
walnut;7
white flour;7
wrapper;7
oil ghee;7
coconut milk yogurt;7
whole milk greek yogurt;7
min;7
asparagu;7
white poppy seed;7
whole peppercorn;7
free egg;7
fennel powder;7
yellow food;7
meat bon;7
green cabbage;7
sriracha;7
gold potato;7
whole cardamom pod;7
khoa;7
cinnamon dal chini;7
plain nonfat yogurt;7
sweet corn;7
white button mushroom;7
g;7
bottle gourd;7
indian bay leaf;7
whole red chili;7
anise;7
serrano chil;7
chicken tenderloin;7
cottage cheese;7
pepper powder;7
kale leaf;7
red cabbage;7
grocery;7
plum;7
chilli;7
chicken wing;7
avocado oil;7
skin;7
tomato passata;7
palm sugar;7
cm cinnamon stick;7
almond flour;7
pita bread;7
kewra essence;7
nonfat greek yogurt;7
phyllo dough;7
orange bell pepper;7
yellow cornmeal;7
sambhar powder;6
amchur powder;6
jalapeno pepper;6
coriander leaves dhania patta;6
romaine lettuce;6
idaho potato;6
cocoa powder;6
grill;6
pickl;6
vegan yogurt;6
whole star anise;6
whole green cardamom pod;6
pork shoulder;6
dill;6
root ginger;6
table salt;6
dish;6
strawberry;6
chopped;6
non dairy milk;6
nutritional yeast;6
swiss chard;6
lamb stew meat;6
black pepper powder;6
arugula;6
dhal;6
saffron strand;6
fish stock;6
cheddar cheese;6
ginger puree;6
aleppo pepper;6
brown onion;6
pigeon pea;6
cm;6
lamb leg;6
parsley leaf;6
c water;6
whole milk yogurt;6
green chilli paste;6
corn tortilla;6
bunch cilantro;6
caper;6
lamb shank;6
kalonji;6
coriander seeds powder;6
sumac;6
bamboo shoot;6
tbsp;6
green chilli pepper;6
ricotta cheese;6
preference;6
thick coconut milk;6
beef broth;6
anardana;6
salt to taste;6
lemon gras;6
nonstick;6
strong white bread flour;6
cans chickpea;6
chicken finger;6
green gram;6
size onion;6
keema;6
millet;6
basil leaf;6
pan;6
japanese eggplant;6
tsp;6
sooji;5
whole black pepper;5
stalks celery;5
granny smith appl;5
carom seed;5
panch phoran;5
drumstick;5
kewra water;5
asafetida powder;5
pappadum;5
puff pastry;5
black tea leaf;5
arrowroot powder;5
jalape o chile;5
ghee oil;5
cilantro root;5
syrup;5
pita;5
baton;5
brown rice flour;5
green curry paste;5
chicken breast fillet;5
tip;5
pasta;5
okra pod;5
serrano chile pepper;5
gram dal;5
red chil;5
length;5
whole tomato;5
whole red chily;5
inch;5
mortar pestle;5
bok choy;5
white wine;5
free greek yogurt;5
tender;5
dijon mustard;5
apple;5
t vegetable oil;5
red chile;5
breadcrumb;5
anise seed;5
greek yoghurt;5
inch cinnamon stick;5
oliv;5
boneless lamb;5
feta cheese;5
canola;5
whole wheat tortilla;5
turmeric haldi;5
salsa;5
chile oil;5
organic coconut milk;5
beansprout;5
whole mustard seed;5
black sesame seed;5
mozzarella;5
grain;5
bun;5
kokum;5
green chili slit;5
tej patta indian bay leaf;5
turkey breast;5
daikon;5
pc;5
coriander leaves handful;5
plain low fat greek yogurt;5
puree;5
flank steak;5
base;5
coriander leaves cilantro;5
kabuli channa;5
cornflour;5
grape tomato;5
almond butter;5
beef stew meat;5
seedless cucumber;5
beetroot;5
pumpkin pur e;5
green cardamom powder;5
light olive oil;5
juic;5
bhaji;5
star anise each;5
spoon;5
green chilies slit;5
piece cinnamon stick;5
cassia bark;4
chard;4
kala namak;4
vegetable;4
stalk;4
handful cilantro;4
round;4
burger bun;4
cm ginger;4
pandanus leaf;4
kofta;4
pizza crust;4
ginger garlic green chili paste;4
reduced fat milk;4
cans garbanzo bean;4
t ghee;4
meatball;4
peanut butter;4
cumin jeera;4
masala paste;4
king prawn;4
pumpkin seed;4
sprigs cilantro;4
mango powder amchoor;4
coconut powder;4
g gram flour;4
chicken cutlet;4
g salt;4
size tomato;4
bunch coriander leaf;4
whole spice garam masala;4
black onion seed;4
sweet chili sauce;4
collard green;4
yellow pepper;4
sour;4
pinto bean;4
cumin seeds zeera;4
tsp garam masala;4
lamb chop;4
cumin powder jeera powder;4
bayleaf;4
leaves pudina;4
tapioca flour;4
orange food;4
tspoon turmeric powder;4
chicken fillet;4
rbol;4
carom seeds ajwain;4
reduced fat greek yogurt;4
deep fry;4
winter squash;4
celery seed;4
lemon peel;4
melon seed;4
chicken breast tender;4
skim milk;4
roast;4
sprigs curry leaf;4
gourd;4
vanilla bean;4
ginger pur e;4
grams onion;4
farro;4
c quinoa;4
black oliv;4
cashewnut powder;4
curry sauce;4
chuck;4
scotch bonnet chile;4
amchoor powder;4
rotisserie chicken;4
tamarind chutney;4
vegan;4
equal sweetener;4
crab;4
cilantro coriander;4
kala jeera;4
tamarind pur e;4
curd yogurt;4
hemp seed;4
black cumin;4
chicken leg quarter;4
shrimp paste;4
mango nectar;4
garnish;4
tikka masala curry paste;4
soy milk;4
black tea bag;4
soy yogurt;4
can;4
fennel seeds saunf;4
rosewater;4
phyllo pastry;4
whole nutmeg;4
scallop;4
headnote;4
jackfruit;4
cane sugar;4
hamburger bun;4
pepper sauce;4
pork chop;4
cashewnut;4
rice bran oil;4
garbanzo bean flour;4
pods cardamom;4
cumin seeds powder;4
cannellini bean;4
harissa;3
vodka;3
coconut flour;3
stevia;3
hotter;3
temperature;3
white potato;3
sandwich;3
sambal ulek;3
cauliflower head;3
curry leaves kadi patta;3
turmeric root;3
less sodium chicken broth;3
vine tomato;3
garlic chili sauce;3
cutlet;3
pigeon breast;3
feta;3
garlic salt;3
white fish fillet;3
tin;3
bone in skin on chicken thigh;3
black tea;3
watermelon;3
bone;3
thread;3
bouillon;3
drummett;3
heeng asafoetida;3
size potato;3
tb;3
ml lemon juice;3
cayenne powder;3
liver;3
chili sauce;3
kirby cucumber;3
black grap;3
haldi;3
mild yellow curry powder;3
medjool date;3
grain rice;3
groundnut oil;3
beer;3
coconut water;3
c basmati rice;3
moon;3
sake;3
lengthway;3
fistful;3
oyster sauce;3
filet;3
t turmeric;3
lamb stock;3
black chickpea;3
extra kick;3
edamame;3
mint leaves pudina patta;3
cr me fra che;3
greek style yogurt;3
cremini mushroom;3
whitefish;3
barley;3
mint sauce;3
persian cucumber;3
tamari soy sauce;3
egg noodl;3
whole cashew nut;3
quick oat;3
chily;3
extra flour;3
snow pea;3
asian eggplant;3
macaroni;3
mint sprig;3
tsps coriander powder;3
idli;3
soup;3
variety;3
lettuce leaf;3
white fish;3
end;3
oval;3
x;3
non dairy yogurt;3
kashmiri chili powder;3
thai;3
cashew butter;3
organic vegetable broth;3
coconut cilantro chutney;3
vegan margarine;3
shoulder;3
ml sunflower oil;3
mild olive oil;3
tspn;3
fennel seed powder;3
bread roll;3
microplane;3
whole allspice;3
i;3
fat free greek yogurt;3
pineapple juice;3
yellow summer squash;3
sweet corn kernel;3
low sodium;3
salad green;3
plain lowfat yogurt;3
marinara sauce;3
pink salt;3
low fat mayonnaise;3
flax seed meal;3
t;3
big tomato;3
inch stick cinnamon;3
flour maida;3
tail;3
red bean;3
knob;3
soft brown sugar;3
allspice berry;3
direction;3
confectioners sugar;3
hothouse cucumber;3
boneless pork shoulder;3
italian parsley leaf;3
veal stock;3
chocolate;3
brinjal;3
egg yolk;3
grind;3
whole almond;3
bitter gourd;3
t salt;3
plain soy yogurt;3
rice wine vinegar;3
mild vegetable oil;3
yellow curry powder;3
stone flower;3
breast;3
g onion;3
flaxseed;3
parmesan cheese;3
sweet pepper;3
purple potato;3
candlenut;3
inch piece;3
gram masala;3
inch ginger;3
basmathi rice;3
onion soup;3
coriander seed powder;3
besan;3
free range chicken;3
white part;3
thai basil;3
shell on shrimp;3
extra heat;3
salad oil;3
coffee;3
indian spice;3
rosemary;3
dhaniya powder;3
pomegranate;3
jack cheese;3
g tomato;3
wing;3
bengal gram chana dal;3
tspoon cumin seed;3
kasoori methi;3
milk powder;3
twist;3
green capsicum;3
semolina flour;3
goat;3
white pepper powder;3
fat coconut milk;3
tomato juice;3
tamarind water;3
low sodium store bought chicken stock;3
raw honey;3
whole red chilly;3
bone broth;3
pizza dough;3
grain basmati rice;3
sage;3
goat cheese;3
green cardamom seed;3
cm piece ginger;3
g potato;3
tiger prawn;3
biryani masala powder;3
serrano chili;3
yogurt curd;3
lacinato kale;3
vanilla ice cream;3
french lentil;3
salt namak;3
g coconut milk;3
steak;3
white peppercorn;3
grams prot;2
green chillies paste;2
pack;2
goat meat;2
chaat masala powder;2
shellfish;2
pav bhaji masala;2
french bean;2
fat garlic;2
chili oil;2
hip;2
garlic ginger paste;2
ajwain seed;2
lowfat greek yogurt;2
oil ghee butter;2
toddler;2
ball;2
wild lime leaf;2
squid;2
methi fenugreek leaf;2
silken;2
lot;2
lamb curry;2
free milk;2
white basmati rice;2
green grap;2
whole coriander;2
millet flour;2
red thai chile;2
cummin;2
vanilla essence;2
tomato chutney;2
horseradish;2
whole plum tomato;2
pinches chaat masala;2
zeera cumin seed;2
tbspn;2
cheese curd;2
full fat;2
knot;2
strip zest;2
dark meat;2
sugar pea;2
greek;2
assam;2
ml coconut cream;2
stock water;2
nutmeg powder;2
boneless leg;2
yoplait;2
organic chickpea;2
bengal gram flour;2
tortilla chip;2
pine nut;2
coconut sambal;2
deghi mirch;2
saffron road lamb broth;2
tbsps garlic paste;2
chana masala powder;2
pinenut;2
ml yogurt;2
chicken tender;2
ravva;2
rasam powder;2
sunflower seed;2
whole wheat flatbread;2
chia seed;2
indian curry powder;2
gms basmati rice;2
spelt flour;2
wild rice;2
culinary coconut milk;2
water chestnut;2
strand mace;2
splenda;2
tabasco pepper sauce;2
pres;2
hoisin sauce;2
cub;2
ice water;2
coriander root;2
halibut fillet;2
low sodium soy sauce;2
lemon lime juice;2
piecrust;2
tsp coriander powder;2
teaspoon cumin seed;2
garlic bulb;2
whole fennel seed;2
cloves laung;2
sesame;2
combination;2
monterey jack cheese;2
green coriander;2
pomegranate molass;2
berbere;2
cod;2
whole cinnamon stick;2
regular rice;2
dark sesame oil;2
sirloin steak;2
kosher sea salt;2
celery leaf;2
nectarin;2
taste bud;2
liquid amino;2
orange food color;2
cumin soup;2
white urad dal;2
c;2
natural low fat;2
vegetable stock powder;2
coriander chutney;2
etc;2
ml milk;2
fine grain sea salt;2
raw almond;2
white bean;2
core;2
roti;2
gelatin;2
c coconut milk;2
celery stalk;2
grocer;2
nut oil;2
sambal oelek;2
pork tenderloin;2
sage leaf;2
kewra;2
jeera cumin seed;2
bone in chicken leg thigh quarter;2
chicken meat;2
cilantro mint chutney;2
g prawn;2
bowl;2
cinnamon quill;2
lower sodium chicken broth;2
whole bunch;2
asian market;2
leftover roast chicken;2
garbanzo;2
mace powder;2
gur jaggery;2
goji berry;2
thyme sprig;2
anaheim chile;2
day;2
flax seed;2
green cardamoms chotti elachi;2
mirin;2
dark rum;2
handfuls cilantro leaf;2
substitute;2
prun;2
saunf fennel seed;2
fresno chile;2
sheet;2
plain fat free yogurt;2
instant oat;2
red chili powder kashmiri chilli powder;2
aniseed;2
whole cardamom;2
green chili hari mirch;2
white rice flour;2
pearl barley;2
green cardamoms pods seed;2
yellow curry paste;2
star anise pod;2
philadelphia cream cheese;2
artichoke heart;2
ginger garlic;2
tomato pickle;2
root vegetabl;2
curry leaves handful;2
non fat greek yogurt;2
passata;2
sprout;2
boneless salmon fillet;2
turkey thigh;2
lamb fillet;2
full cream milk;2
maldon sea salt;2
pizza sauce;2
coriander cumin powder;2
chestnut mushroom;2
light;2
ghee butter;2
agar;2
white cumin seed;2
marrow;2
beef chuck;2
asafoetida hing;2
chana dal bengal gram;2
chile paste;2
arhar dal tuvar dal pigeon pea lentil;2
golden onion;2
korma paste;2
besan gram flour;2
soybean oil;2
low sodium vegetable stock;2
kind;2
celery salt;2
papad;2
cardamom elaichi;2
jeera powder;2
rum;2
legum;2
banana sambal;2
whole garlic;2
light soy sauce;2
saffron powder;2
madra;2
hungarian paprika;2
ginger garlic paste adrak lahsun;2
raw mango;2
green chili paste;2
rhubarb;2
cnt;2
green thai chil;2
center cut salmon fillet;2
reduced fat coconut milk;2
white lentil urad daal;2
cinnamon powder;2
boneless beef chuck;2
organic coconut oil;2
corn husk;2
vermicelli;2
club soda;2
tbsp butter;2
monterey jack;2
mild red chilli powder;2
petal;2
block;2
light corn syrup;2
bone in chicken breast;2
mazola corn oil;2
gluten;2
spice drop;2
ml chicken stock;2
chinese five spice powder;2
toast;2
chai masala;2
chick pea flour;2
curd yoghurt;2
sev;2
spice level;2
shahjeera caraway seed;2
shiitake;2
sticks cinnamon;2
not;2
chole;2
piece cinnamon;2
yellow squash;2
curry leaves sprig;2
maida;2
bunch mint leaf;2
batter;2
right;2
queso fresco;2
clam;2
corriander leaf;2
beef sirloin;2
cilantro chutney;2
pinches salt;2
microplane grater;2
boston lettuce;2
sweet pea;2
chapati;2
extra lime;2
ml vegetable stock;2
quantity;2
sugar substitute;2
ripe banana;2
fenugreek seeds methi;2
sago;2
mild curry paste;2
kiwi;2
piece ginger root;2
low fat greek yogurt;2
grass fed butter;2
panko;2
wonton wrapper;2
chow mein noodl;2
edible oil;2
golden caster sugar;2
acorn squash;2
red radish;2
cumin seeds sabut jeera;2
whole green cardamom;2
tea leaf;2
uien;2
sour yogurt;2
safflower;2
matki;2
cashew cream;2
fenugreek seed powder;2
g ginger;2
thai fish sauce;2
jalapeno chile pepper;2
lauki bottle gourd;2
chinese egg noodl;2
prosciutto;2
whole seed;2
vadouvan curry;2
tapioca;2
methi fenugreek seed;2
low fat yoghurt;2
celtic salt;2
section;2
thick curd;2
tspoon garam masala;2
red bliss potato;2
rotini;2
marsala;2
green cardamoms hari elaichi choti elaichi;2
coconut milk powder;2
minute;2
tbspoon;2
mint yogurt;2
blender;2
handful coriander leaf;2
dhaniya;2
shiitake mushroom;2
besan chickpea flour;2
broiler fryer chicken;2
whole wheat bread;2
red on;2
tilapia fillet;2
fryers meat;2
sherry;2
asian food shop;2
oil tsp;2
level;2
bamboo skewer;2
celery stick;2
biryani;2
market;2
tuna steak;2
wine vinegar;2
green moong dal;2
chicken bouillon;2
puff pastry sheet;2
matchstick;2
ml cider vinegar;2
cans coconut milk;2
low fat cream;2
pomfret;2
coriander powder dhaniya;2
tsp sugar;2
barbecue sauce;2
veg oil;2
kecap mani;2
pork roast;2
spaghetti;2
short grain rice;2
inch wide floret;2
cranberry size tamarind;2
fig;2
bia;2
coriander seeds dhania;2
sea bass fillet;2
whole fenugreek seed;2
arrowroot flour;2
macadamia nut;2
coconut yogurt;2
sweet basil;2
raw peanut;2
whole wheat pastry flour;2
tuvar dal;2
kashmiri chile;2
fenugreek methi seed;2
cardamom powder;2
greek style;2
liquid smoke;2
pear;2
coriander cilantro leaf;2
grams garlic;2
fraiche;2
chapati flour;2
c sour cream;2
loose black tea;2
prawn pulao rice;2
leaves cilantro hara dhaniya;2
leaves kadi patta;2
cm root ginger;2
handful curry leaf;2
italian eggplant;2
bone in chicken;2
beresta;2
preparation;2
taro;2
vegetable bouillon;2
red grap;2
organic carrot;2
red chile or cayenne;2
bon;2
broccolini;2
reduced sodium chicken broth;2
pastry;2
soup powder;2
yogurt dahi;2
aubergine;2
black rice;2
half moon;2
labaneh;2
slit lengthway;2
beef tenderloin;2
thumb;2
grams paneer;2
wheat;2
gooseberry size;2
green chutney;2
green chillies slit;2
gooseberry size tamarind;2
potato starch;2
fruit juice;2
skewer;2
himalayan salt;2
lime peel;2
duck breast;1
pomegranate seeds anardana;1
g puy lentil;1
black peppercorns kali mirch;1
saigon cinnamon;1
red stem sorrel leaf;1
ice cream;1
fistful mint leaf;1
squeeze lemon juice;1
grams fennel seed;1
mutton lamb;1
sachet instant yeast;1
non fat soymilk;1
arbi taro;1
salt table;1
arborio rice;1
mustard seeds t;1
bag naan;1
green cardamom chotti elachi;1
chole masala powder;1
breakfast cream;1
kabocha squash;1
apple juice;1
fennel seed powder sauf;1
gm prawn;1
regular dat;1
arrowroot starch;1
pulp;1
tbsp tomato paste tomato puree;1
black pepper seed;1
chicken style seitan;1
handful mint leaf;1
sweet potatoes g;1
handfuls spinach;1
aquafaba;1
full cream;1
mulato chil;1
gram amandelschaafsel;1
red jalapeno pepper;1
raw rice;1
resin;1
shahi jeera caraway seed;1
boneless chicken thigh fillet;1
chickpea broth;1
curry leaves a spring;1
hog casing;1
organic turmeric;1
gummadikaya kaddu;1
vanilla instant;1
muchi curry powder;1
grams asparagu;1
red;1
gram sperziebonen;1
frontier sea salt;1
action yeast;1
habanero;1
red swiss chard;1
black pepper pappadum;1
tspoon coriander powder;1
cans mango nectar;1
red wine;1
pudina leaf;1
free version;1
knife;1
whole bulb;1
g monkfish fillet;1
black teabag;1
winter squash etc;1
pomegranate kernel;1
achiote;1
red chili saabut lal mirch;1
g french bean;1
puls;1
coriander naan;1
dinner roll;1
asafoetida aka hing tsp a;1
coriander mint chutney;1
skip;1
mutton keema;1
red chilli t;1
gms lamb chop;1
leftover;1
kasur methi leaf;1
golden sultana;1
blue eye travella fillet;1
c cucumber;1
wheat bran;1
burger topping;1
veg broth;1
piece root ginger;1
masur dal;1
watermelon seed;1
flesh see how to instruction;1
vegan cheese;1
kalkoenfilet;1
kingfish;1
low carb;1
prawns g;1
drum;1
cashews almond;1
tre;1
masala spice;1
cup carrot;1
one inch chunk;1
blue band finesse voor verrijken;1
halibut steak;1
milky cashew cream;1
bartlett pear;1
colour;1
red plum;1
organic sugar;1
squash;1
nutmeg shaving;1
albacore;1
calamari;1
tteaspoon tchilli powder;1
gms mutton meat;1
cm piece cassia bark;1
ceylon cinnamon;1
brown rice rava;1
boston lettuce head;1
turmeric powder haldi powder t;1
yellow pigeon peas toor dal;1
amba;1
yellow mustard;1
leafy veggy;1
tbsp greek yogurt;1
favourite blend;1
dl kippenbouillon;1
lanzan;1
whole mung bean;1
mortar;1
onion chutney;1
quick chicken curry;1
chicken piece;1
mustard sauce;1
pearl couscou;1
g british free range pork shoulder;1
black pepper sabut kali mirch;1
g goat meat;1
bit;1
x bay leaf;1
apricot nectar;1
version;1
food shop;1
roll;1
squeeze tomato pur e;1
chinese okra;1
tandoori chicken salad;1
mushroom cap;1
tsp chili powder;1
cumin jeera seeds tbsp;1
teaspoon garam masala;1
thai bird chil;1
plain vegan yogurt;1
leafy thai basil sprig;1
minute tapioca;1
bunch cilantro coriander leaf;1
whole cumin;1
almond meal;1
excess fat;1
water a;1
plac;1
amaretto liqueur;1
kapi kung;1
ginger chopped;1
stonyfield brand;1
tomato mixture;1
dessert;1
peanuts moongphali;1
sournes;1
red kashmiri chilly;1
aniseed fennel seed;1
bosc pear;1
whole kernel corn;1
skillet;1
use sour;1
soft cheese;1
garam masal spice;1
big chily;1
ajika brand;1
extra sesame oil;1
know how;1
mild onion;1
cilantro yogurt chutney;1
full fat cream;1
white sandwich bread;1
iceberg lettuce leaves for wrap;1
lovage;1
mtr s sambar masala;1
plantain;1
creme fraiche;1
plain whole fat yogurt;1
g paneer;1
best quality basmati rice;1
tspoon sugar;1
jalape o chily;1
birdseye chilly;1
g tin cannellini bean;1
winterwortel;1
slit hari mirch;1
salt namak to taste;1
peach chutney;1
vegan milk substitute;1
mini cucumber;1
queso blanco;1
el zonnebloemolie;1
red food color;1
salt a;1
regular potato;1
light molass;1
banana flower;1
crabmeat;1
plain full fat yogurt;1
dark chocolate;1
whole lamb leg;1
teapoon turmeric powder;1
kashmiri chili type;1
el wok olie;1
head cauliflower floret;1
gms chicken;1
tabelspoons olive oil;1
homemade yogurt;1
arils mace;1
gms tomato;1
tsp chilli powder;1
whole greek yoghurt;1
navy bean;1
roast peanut;1
rice non;1
whole spice blend;1
ml ghee;1
asparagus tip;1
burger roll;1
vanilla yogurt;1
homemade vegetable stock;1
musk melon seed;1
chili tbsp to taste;1
sweet mustard;1
vietnamese fish sauce;1
groundnut;1
cook lentil;1
indian sooji;1
wine glasses water;1
pakistani;1
low fat butter;1
dum ka murgh gravy;1
corn etc;1
ramp;1
seedless watermelon;1
julienne style;1
use parsley;1
personal taste;1
stick celery;1
lemon size;1
winter greens curry;1
oil enough;1
argo corn starch;1
you;1
palm vinegar;1
teaspoon turmeric powder;1
smooth peanut butter;1
meaty fish;1
bit oil ghee;1
tur dal;1
tsp mango powder;1
sliver;1
nonfat ricotta cheese;1
teentjes knoflook;1
coconut sugar stevia lucuma powder;1
pakje conimex romige kokosmelk;1
black urad dal maa ki dal;1
squirt;1
mango ginger;1
light sour cream;1
achar masala;1
chipotle pepper;1
oil butter ghee;1
head lettuce;1
relish;1
rice poha;1
nigella seeds kalonji;1
pao bhaji masala;1
two inch stick;1
vein;1
light vegetable oil;1
lemon pepper;1
red appl;1
low fat cottage cheese;1
handful coriander leaves cilantro;1
bottom;1
t s cumin seed;1
green peppercorn;1
plain couscou;1
cheese grater;1
peppery blend;1
crusty bread;1
spice kachri;1
taco;1
mushroom trimming;1
tart apple;1
namak;1
major grey s chutney;1
sodium chicken stock;1
tamari;1
fenugreek seeds sabut methi;1
g spinach;1
finger size;1
tb ginger;1
heirloom tomato;1
tsp turmeric powder;1
g tomato paste;1
thick hung greek yogurt;1
tiny shrimp;1
purple;1
banana chip;1
nigella onion seeds kalonji;1
gm yogurt;1
green edamame;1
curry guy balti masala;1
granny smith apple;1
variation;1
white chickpeas kabuli chana;1
indian flatbread;1
goat lamb chop;1
organic whole coconut milk;1
turmeric powder tsp;1
green tomato;1
boneless lamb shoulder;1
urid dal;1
punjabi;1
peanut oil work;1
ml veg stock;1
everest pav bhaji masala;1
green cardamoms choti elaichi;1
chilli powder tsp;1
green chilli slit;1
kg potato;1
ear;1
vitamin d;1
blade mace;1
veg oil sunflower oil;1
bunch basil leaf;1
drain;1
g garam masala powder;1
sprigs mint;1
generous handful;1
extra spicy biriyani;1
panir;1
ginger julianne;1
flower star anise;1
chocolate chip;1
t taste;1
yellow potato;1
seedless dat;1
hazelnut;1
catfish fillet;1
scant t cumin seed;1
medallion;1
wholegrain flatbread;1
butcher;1
chicken tandoori masala;1
jicama;1
black pepper corn tsp;1
frontier brand;1
vindaloo curry powder;1
organic garlic powder;1
chunk ginger;1
spicines;1
key lime;1
potato puree;1
recipe curry powder curry powder;1
leaves mint;1
don t;1
mexican oregano;1
red chili powder cayenne pepper;1
vanilla wafer;1
salt water;1
european cucumber;1
anda;1
whole urad dal;1
tabasco sauce;1
equipment;1
liqueur;1
desire;1
chuck steak;1
pint;1
boneless chicken breast meat;1
g fillet steak;1
entire chile;1
rava semolina;1
mung bean sprout;1
konbu;1
asafoetida hing th;1
spice aisle;1
oil tel;1
cummin powder;1
paprika powder;1
use chicken breast;1
loose leaf tea;1
ajowan;1
medjool dat;1
inch knob;1
tsp garam masala powder;1
gms paneer cottage cheese;1
plain white yogurt;1
tbsp ginger garlic paste;1
cardamoms elaichi;1
bay leaf no;1
red curry powder;1
hazelnut butter;1
matar paneer;1
indian pumpkin;1
whole wheat bun;1
meal;1
rock shrimp;1
indian grocery;1
mace petal;1
cinnamon stick dalchini;1
pork belly;1
spanish paprika;1
urad dal t;1
lemon juice nimbu ka ra;1
mint pudina;1
red chilli powder cayenne powder;1
hung th;1
pea pod;1
top;1
ditalini;1
white chickpea;1
anchovy;1
oats flour;1
ml vegetable oil;1
foam;1
cayenne pepper powder;1
g turmeric powder;1
g fish;1
bird;1
cinnamon cassia stick;1
coconut flesh;1
brand;1
orange peel;1
chana masala spice blend;1
duck meat;1
fleshy fish;1
onion pakora;1
i use kashmiri chili powder;1
hol;1
peeeld;1
whole onion;1
pomogrante seed;1
ripe;1
mellow;1
yolk;1
apricot lemon chutney;1
teaspoon noil;1
ml fish stock;1
soft tortilla;1
gallon milk;1
minimum;1
whole milk kefir;1
extra lemon;1
crispy rice cereal;1
wild sockeye salmon;1
tteaspoon tturmeric;1
dhebras thepla;1
chinese noodl;1
watercres;1
great brand;1
semolina sooji;1
head on;1
chicken flavor broccoli;1
coconut sliver;1
yogurt a;1
lime leaf;1
quail;1
lime nimbu;1
stonefire garlic naan;1
c vegetable broth;1
coriander cumin seed powder;1
less fat cream cheese;1
honey mustard;1
small medium summer squash;1
green spring onion;1
butternut squash pumpkin;1
red chilli pepper;1
vinaigrette;1
corriander;1
g butter;1
filo;1
garbonzo bean;1
basmati rice t;1
recipe curry powder;1
liquid honey;1
lamb loin chop;1
plain water;1
firm whitefish fillet;1
cauliflower florett;1
deep fry fish;1
black cardamoms elaichi;1
red kashmiri chily;1
teabags tea powder;1
handful cherry tomato;1
eco rainbow quinoa;1
use potato starch;1
skim milk powder;1
garlic sauce;1
garam masala tsp;1
g tin tomato;1
bulgur;1
tsweet potato;1
nariyal coconut;1
black cardamom badi elaichi;1
g spinach leaf;1
g garam masala;1
kashmiri chilly;1
yellow peas bengal gram;1
cilantro handful;1
threads saffron;1
arctic char;1
organic cayenne pepper;1
lal mirch powder;1
pepper curry;1
brown jasmine rice;1
roast turkey;1
runner bean;1
size cauliflower;1
oil nsalt;1
vegetable chunk;1
tbsps green chili paste;1
lenghtwise;1
fat free greek style yogurt;1
coconut t tblsp;1
pressure cooker;1
room temperature;1
cant;1
loin;1
teaspoon salt;1
use coriander powder;1
granny smith;1
medium size potato;1
vegetable olive oil;1
innard;1
handful cashew nut;1
garma masala;1
pinches sugar;1
tteaspoon mustard seed;1
tamarinf chutney;1
pie crust;1
good grinding;1
watkins curry powder;1
cashew milk;1
chicken bon;1
spice blend;1
major grey chutney;1
methi flakes pinch;1
oz;1
recepie;1
seitan;1
scant ajwain seed;1
ginger garlic paste adrak lahsun paste;1
tomato soup;1
dark roast curry powder;1
garbanzo beans chickpeas chana;1
sweetnes;1
madras curry paste;1
soya granul;1
taco topping;1
bengal gram dal;1
yellow noodl;1
lamb sparerib;1
frontier cinnamon;1
squeeze lime juice;1
stir fry vegetabl;1
gloves garlic;1
promise buttery;1
leaves cilantro;1
tandoori curry paste;1
porcini mushroom;1
mint blender chutney;1
chinese chiv;1
grams prawn;1
masoor dhal;1
g okra;1
lowfat milk;1
black quinoa;1
green cardamom elaichi;1
oil t tblsp;1
chana dal split bengal gram;1
thandful tokra t;1
cooky;1
plain breadcrumb;1
za atar;1
x onion;1
vietnamese coriander;1
dish dairy free vegan;1
coriander dhania seed;1
tarragon;1
dark chole;1
grams beetroot;1
apple puree;1
red chilli powder lal mirch;1
low sodium beef broth;1
ginger julienne;1
thaw;1
dark palm sugar;1
tbsp tomato puree;1
red chilli powdr;1
green serrano chil;1
old fashioned oat;1
taubergine;1
kabuli chana;1
g lamb;1
membran;1
chicken thighs boneles;1
cm size;1
low fat coconut milk;1
g lamb leg;1
i love cumin;1
g cauliflower;1
stick cinnamon dal chini;1
ml tamarind paste;1
green cardamom leaf;1
kastoori methi;1
organic dark brown sugar;1
lowfat yogurt;1
cassia;1
sour buttermilk;1
plain white flour;1
whole black cardamom;1
homemade;1
n;1
tbspsn;1
grape seed;1
cinnamon bark;1
piquin chil;1
stew meat;1
feta che;1
rice milk;1
red arbol chil;1
tamatar;1
red chilli powder mirch;1
thick greek yogurt;1
tsp salt;1
mango nectar concentrate;1
pink lentil;1
rind;1
cantaloupe;1
thick part;1
x cinnamon stick;1
gms mutton keema mutton mince;1
methi seed;1
garden pea;1
dark mustard seed;1
lamb cutlet;1
good choice;1
squeeze;1
daikon radish;1
cordycep;1
plain low fat yogurt uk;1
original soymilk;1
gms meat mutton;1
food team s tip;1
whole black cardamom pod;1
date honey;1
bakje conimex kruidenpasta tikka massala;1
gluten free;1
bengali garam masala;1
india sherry;1
cos shahi paneer spice;1
sweet mango;1
garlic chopped;1
gasagasalu;1
tiny squeeze;1
whole wheat;1
farm house bread;1
instant coffee;1
tsps garam masala;1
swanson;1
high yoghurt;1
tbsp curry powder;1
head cabbage;1
rhubarb chutney;1
saffron pistil;1
gorund lamb;1
rice flour gram flour;1
rice level;1
crab claw;1
cream substitute;1
broad bean;1
t ginger;1
watkins garlic powder;1
tomatoes oz;1
coriander seeds sabut dhania;1
starch;1
massaman curry paste;1
grams cinnamon;1
c cherry tomato;1
tamarind dates chutney;1
erythritol;1
green pod;1
black beluga lentil;1
red chili cayenne pepper powder;1
floweret;1
favorite variety;1
milk coconut milk;1
kashmiri garam masala;1
tspoon asafoetida;1
ring;1
rai;1
dhania powder tbsp;1
gm margarine;1
top sirloin steak;1
inch jalape o chile;1
campari;1
bengal gram chana daal;1
whole pods cardamom;1
teaspoon ginger paste;1
chicken breast meat;1
tb mint leaf;1
haldi powder;1
appx;1
tolerance;1
broccoli flourett;1
dark molass;1
arbol chile;1
bunch watercres;1
thumbs ginger;1
cilantro coriander leaf;1
rich chicken stock;1
food color;1
persimmon;1
upto;1
chinese eggplant;1
kewra screw pine essence;1
cauliflower spear;1
juice lemon;1
pink peppercorn;1
lemongrass paste;1
orange flower water;1
ml tomato passata;1
lard;1
tart appl;1
mango salsa;1
tomato peanut chutney;1
ginger juice;1
silver;1
c inch cauliflower floret;1
tamarind ball;1
chai tea powder;1
t s sugar;1
turkey stock;1
feta cheese crumbl;1
green serrano chile pepper;1
meat mallet;1
g tin plum tomato;1
thandful tfrench bean;1
wondra flour;1
cuban pepper;1
pomegranate seed powder;1
masala peanut;1
peas matar;1
yam leaf;1
veget;1
container greek yogurt;1
lamb leg steak;1
pita bread round;1
actifry spoonful;1
champagne vinegar;1
black cardamom pods seed;1
agave;1
to taste;1
use vegetable oil;1
yogurt curd dahi;1
bunch coriander;1
biryani masala blend;1
t s mango powder;1
good squeeze lime juice;1
pattypan squash;1
stone;1
chana masala;1
sombu;1
half circl;1
turbinado;1
caraway seeds shahjeera;1
ml curry gravy;1
lamb kidney;1
diamond;1
g saffron;1
medium grain rice;1
liquid sweetener;1
pinches pomegranate powder;1
base sauce;1
plain flour uk oz;1
oil ghee tbsp tsp;1
yellow moong lentil;1
g chicken breast fillet chicken thigh fillet;1
lamb sausage;1
link;1
fennel bulb;1
instant meat curry paste;1
free range egg;1
shaan brand sindhi biryani masala;1
regular cumin seed;1
sweet red pepper;1
full fat coconut greek yogurt;1
cashews kaju;1
ginger green chilli paste;1
gram kipfilethaasj;1
cornflour corn starch;1
corriander powder;1
lemon pickle;1
tilda basmati rice;1
indiase korma;1
full fat yogurt;1
whole red chile pepper;1
dill leaves sabasigge soppu;1
tbsp yogurt;1
g sardin;1
tsp cinnamon;1
x g oz pkg silken;1
poultry;1
red chard;1
water whisk;1
grain sea salt;1
pomegranate juice;1
lima bean;1
kasoori methi powder;1
jalapeno chile;1
local curry shop;1
powder paprika;1
membrane;1
plate;1
applesauce;1
cinnamon stick a;1
g leg;1
t s garam masala powder;1
mini courgett;1
x inch matchstick;1
plain nonfat greek yogurt;1
regular red chilli powder;1
thandful tpea;1
rotelle;1
drained xa;1
onion pur e;1
ttomato;1
inch piece cinnamon stick;1
red pepper flak;1
provence;1
phyllo;1
g venison;1
coleman s mustard;1
coin;1
pretzel;1
mustard seeds sarson;1
skirt steak;1
malvani masala powder;1
pita round;1
sparerib;1
sub cumin seed;1
heat tolerance;1
chicken curry;1
frank;1
chicken liver;1
handful cucumber stick;1
whole cashew;1
rapid rise yeast;1
bicarbonate;1
greek balkan yogurt;1
korma curry paste;1
sauces spic;1
low sodium chicken;1
sub;1
low salt chicken broth;1
ml ml water;1
red serrano pepper;1
salmon steak;1
fenugreek green;1
kalamata oliv;1
cream yogurt;1
low sodium chicken stock powder;1
plain curd;1
panch phoron;1
g root ginger;1
jackfruit seed;1
fuji;1
broccoli etc;1
head garlic;1
splash;1
idaho;1
pinches fenugreek;1
rockfish;1
indian mustard oil;1
rainbow chard;1
szechwan peppercorn;1
bawang goreng;1
tender purple eggplants brinjal;1
gram masala powder;1
black pepper seeds kali mirch;1
dalmakhani masala;1
artichoke;1
store bought indian eggplant pickle;1
grapefruit;1
mint chutney;1
nice flavor;1
eetlepels conimex wok olie;1
c chickpea flour;1
reduced fat sour cream;1
dijon;1
string;1
mccormick brand;1
spice islands onion powder;1
cm cassia bark;1
tin plum tomato;1
marjoram leaf;1
g cinnamon stick;1
orang;1
plain seltzer;1
short sticks cinnamon;1
gms mutton;1
full fat milk;1
abrikozen;1
kasturi methi leaf;1
cm stick cassia bark;1
cumin coriander powder;1
rogan josh curry paste;1
tablespoon cumin powder;1
petit poi;1
red chicory;1
parts fennel seed;1
leeks g;1
sourdough;1
mild paprika;1
towel;1
final gravy;1
annatto seed;1
big size;1
short rib;1
tonion;1
free vegetable broth;1
swiss chard leaf;1
potato aloo;1
radicchio;1
peanut powder;1
christmas lima bean;1
g tomato puree;1
cumin fennel seed;1
beefsteak tomato;1
ribs celery;1
turmeric a;1
grams beef fish mutton;1
nasi kruidenmix;1
season salmon;1
c fat free greek yogurt;1
beef tomato;1
nori;1
farina;1
broccoli romanesco;1
oz ml;1
green peas a handful;1
plain soy milk;1
butcher bone;1
mature cheddar;1
fuji apple;1
tsps lemon juice;1
tender part;1
red asian shallot;1
ditalini pasta;1
bunch kale;1
coconut milk ml;1
madras style curry powder;1
oz boneless lamb leg;1
kitchen king masala powder;1
tandoori chicken masala;1
whole fat;1
size cucumber;1
tangerine;1
chuck roast;1
huge chunk;1
fistful pudina mint leaf;1
onion paste;1
wholewheat flour;1
calabaza;1
navel orang;1
gr greek yogurt;1
simple syrup;1
kamut berry;1
tbspoon ginger garlic paste;1
flat bowl;1
mussel;1
indian sesame oil;1
yellow cucumber;1
pepper xa;1
bag rice;1
tsps garam masala powder;1
pcs cardamom;1
hari mirch;1
raw cashew nut;1
quarter piece;1
haloumi;1
chini;1
tspoon kashmiri chili powder;1
ancoor powder;1
pepper jack cheese;1
double strength tomato paste;1
lentils du puy;1
cauliflower flourett;1
catfish;1
creamer;1
saunf fennel powder;1
john dory;1
small medium pumpkin butternut squash;1
chopped g tin plum tomato;1
cob;1
cashew paste;1
green onion top;1
cucumber salad;1
blue eye fish;1
percent;1
gem lettuce;1
paratha masala;1
pavbhaji masala;1
gm tomato;1
bag boil in bag long grain rice;1
amchur mango powder;1
organic tomato puree;1
garam marsala;1
beet root;1
big potato;1
ml mustard oil;1
c cilantro;1
low fat amul cream;1
bay leafs tajpat;1
tbsps ghee;1
panch phoran seed;1
wheel;1
surface;1
stovetop;1
punjabi chole masala powder;1
matchstick cut carrot;1
kewra water pandanus water;1
cumin sabut jeera;1
circumference;1
water content;1
zout;1
bunches cilantro;1
normal rice;1
bc;1
ragu sauce;1
gourmet garden garlic paste;1
aromatic quinoa;1
skin on salmon filet;1
kewra essence th;1
fish ball;1
lambs liver;1
excess water;1
risotto;1
soymilk;1
tomato salsa;1
double heavy cream;1
red red chily;1
pizza spic;1
indian;1
sourdough starter;1
curry ingredient;1
urad dal flour;1
drain tomato;1
ui;1
pinches asafoetida;1
chunky pieces keep;1
pesto;1
stuff;1
green chilies hari mirch;1
curry leaf sprig;1
thick coating batter consistency;1
peppercorns sabut kali mirch;1
granul;1
big strand;1
salad leaf;1
sweet mango chutney;1
grams fish;1
cucumber yogurt sauce;1
dark muscovado sugar;1
pod cardamom;1
whole wheat atta;1
pastry flour;1
bunch mint;1
patty;1
tspoon tea leaf;1
crab meat;1
mint leaves handful;1
hing asafoetida;1
g tomato pur e;1
extra kaffir lime leaf;1
whole grain mustard;1
head bibb lettuce;1
yellow tomato;1
others n nonion;1
chard leaf;1
x g tin chickpea;1
x quantity curry paste;1
lump;1
thick pork sausag;1
restaurant style tortilla chip;1
whole okra;1
spring curry leaf;1
big handful;1
oz chickpeas chola garbanzo kabule chana;1
carrot paste;1
trans fat free;1
teaspoon tgaram masala;1
cayenne chili powder;1
garlic naan;1
raw banana;1
spice tolerance;1
whole cardamom seed;1
gms boneless chicken;1
red arbol chilly;1
big white potato;1
whole leaf;1
gm onion;1
yellow lentils moong dal;1
homemade chicken stock;1
cardomom;1
homemade tomato puree;1
tamarind date chutney;1
inch length;1
tiny chunk;1
black tahini;1
pinches turmeric powder;1
mince beef;1
peel carrot;1
litre water;1
eastern brahmin sambar powder;1
tsp rajma masala powder;1
garlic oil;1
water broth;1
chaat chutney;1
desiree potato;1
light balsamic vinegar;1
lite olive oil;1
ancho powder;1
indian market;1
malai;1
g raisin;1
corn syrup;1
aloo;1
size carrot;1
whole black mustard seed;1
rich indian ice cream;1
flavor;1
ap flour;1
g block cream coconut;1
tough muscle;1
whole wheat pita;1
cashewnuts kaju;1
julienne;1
green tea;1
shoulder meat;1
handful lettuce leaf;1
urad dhal;1
g runner bean;1
coriander leaves cilantro hara dhaniya;1
bag spinach;1
store bought mango chutney;1
rijst;1
gluten free flour;1
anise powder;1
demerara sugar;1
spanish peanut;1
gram gram;1
orange segment;1
steamer;1
cm piece root ginger;1
butter ghee oil;1
green cardamom harai elaichi;1
spinach palak;1
habanero pepper;1
tpotatoes t;1
pacific cod;1
light chicken stock;1
tbunch tcurry leaf;1
collard leaf;1
tml tcoconut milk;1
yellow pea;1
rusk;1
eetlepels becel keuken;1
beet green;1
tikka masala paste;1
udon noodl;1
chicken carcas;1
cowpeas vanpayar;1
g soya yoghurt;1
coconut ml coconut milk;1
potatoes aloo;1
star anise no;1
thumbsize piece ginger;1
pyaz;1
tamarind pod;1
pecorino;1
ranch style bean;1
boneless pork loin;1
tbsp coriander leaf;1
cup;1
spicy curry powder;1
oil ghee tbsp;1
red chili powder cayenne pepper paprika;1
dukkah;1
kewda essence;1
organic corn;1
onions pyaaz;1
jalepeno pepper;1
jalape o chili;1
strawberry pur e;1
urid dhaal;1
chicken part;1
lamb brain;1
scallion green;1
vegetable soup;1
green chillies hari mirch;1
gele paprika;1
tspoon mustard seed;1
plain yogurt curd;1
extra leaf;1
garam masala powder th;1
ndrum stick;1
firm tomato;1
garlic flak;1
chex cereal;1
veal escallop;1
peel kohlrabi;1
koli masala powder;1
saffron strands kesar;1
g chana dal;1
anaheim chily;1
turkey mince;1
flavor base;1
unavailable;1
difference;1
shape;1
red pepper powder;1
currysutra curry powder;1
plank;1
sugar pumpkin;1
eetlepels geraspte koko;1
kalonji kala jeera nigella onion seed;1
g atta flour;1
beef shank;1
minute rice;1
ataulfo;1
ribbon;1
c coconut sugar;1
t cream;1
shahi paneer masala;1
brown bread;1
butternut;1
organic garam masala;1
roux;1
fenugreek seeds methi dana;1
organic tomato;1
teaspoon mustard seed;1
mooli;1
orange pekoe tea;1
small medium onion;1
spice powder;1
chick pea;1
lime rind;1
piece cassia bark;1
extra garnish;1
takjes koriander;1
coriander leaves few;1
el kruidenpasta tikka massala;1
young rice;1
grams buttton mushroom;1
bosje bladselderij;1
red rbol chil;1
culture;1
t s coriander powder;1
beef bouillon;1
thai chily;1
meat masala;1
adzuki bean;1
big chunk;1
block paneer cheese;1
pita chip;1
mutton mince;1
romano cheese;1
desi ghee;1
mango smoothie;1
option;1
lemon wedge;1
pineapple chunk;1
c ap flour;1
vegetarian;1
durum wheat flour;1
chipotle chile powder;1
reese;1
regular orange;1
red kidney beans curry;1
sherry vinegar;1
gms paneer indian cottage cheese;1
papaya paste;1
lebanese cucumber;1
bone in chicken thigh;1
earl grey tea leaf;1
yellow moong dal;1
el fijngehakte koriander;1
tvp;1
sugarcane;1
nut free;1
small medium tomato;1
perdue signature chicken stock;1
ginger syrup;1
tamarind pulp imli;1
tamarind piece;1
degi mirch powder;1
neutral vegetable oil;1
italian style breadcrumb;1
black cardamom badi elachi;1
g mustard seed;1
red paprika;1
overnight hour;1
milliliters yogurt;1
currysutra garam masala;1
methi fenugreek powder;1
pork loin chop;1
heat preferenc;1
flaky sea salt;1
bengali garam masala powder;1
coley fillet;1
fish steak;1
rice noodl;1
box;1
natural pistachio;1
bunch spinach;1
yellow okay;1
ratatouille;1
butter ghee;1
agave syrup;1
cottage cheese paneer;1
grams ginger;1
store bought low sodium chicken broth;1
tandoori masala powder;1
aloo paratha;1
rice ukda chawal;1
t fenugreek seed;1
freekeh;1
rundergehakt;1
rice grain;1
firm peach;1
green coriander bunch;1
whole milk ricotta cheese;1
extra water;1
ataulfo mango;1
basmati rice g;1
thai chile pepper;1
cook bean;1
arhar dal;1
corn tortilla chip;1
kitchen king masala;1
page;1
usli ghee;1
whole cilantro plant;1
slaw;1
strong tea bag;1
inch chunk;1
thick julienn;1
mincemeat;1
hard winter squash;1
green oliv;1
peanut chutney;1
green garlic;1
lbs chicken;1
peanuts t tblsp;1
size chunk;1
gms paneer;1
halibut;1
poblano chile;1
rinsed xa;1
kidney dean;1
nonstick vegetable oil;1
red chilli powder paprika;1
big onion;1
g paprika;1
bay;1
onion flak;1
tbsp garam masala;1
mexican;1
regular sugar;1
paste gm;1
fat free milk;1
sprig cilantro leaf;1
ghee vegetable oil;1
shell;1
teaspoon garlic paste;1
g coriander powder;1
organic tofu;1
flower dagad phool;1
indian saffron;1
lentil salad;1
sambar masala;1
spice paste;1
ponzu;1
pumpkin pie spice;1
small medium zucchini;1
bean sprouts ankurit moong;1
cane juice;1
poblano pepper;1
water use tomato;1
lemonade;1
g black brown chickpea;1
pleonasm;1
fennel saunf;1
fork;1
grams paneer cottage cheese;1
tsps oil;1
lemon water;1
c coconut water;1
portabello mushroom;1
tsp paprika;1
t cinnamon;1
phyllo sheet;1
favourite popcorn salt blend;1
white cabbage;1
dark soy sauce;1
approx kg;1
tray;1
mince;1
online;1
kernel;1
jasmine;1
golden brown onion;1
qts water;1
bunch cilantro leaf;1
oven;1
chickpea chole;1
chobani yogurt;1
lb;1
mini carrot;1
ranch;1
lamb mince;1
mustard seeds ria;1
beerakaya masala;1
organic vegetable stock;1
t saffron thread;1
curry leaves a sprig;1
lamb rib chop;1
tamarind puree;1
nappa cabbage;1
dl volle yoghurt;1
panch phoran powder;1
plain thick yogurt;1
pav bhaji masala powder;1
lemon rind;1
green thai chili;1
summer;1
sweeter side;1
berry;1
glutinous rice flour;1
nutritonal yeast;1
patak x;1
lamb neck fillet;1
slic;1
chunky peanut butter;1
depth;1
chobani greek yogurt;1
greek style yoghurt;1
g coconut cream;1
frontier ginger;1
beef shin;1
gram tilapiafilet;1
green plantain;1
low sodium fat free chicken broth;1
kick;1
biscuit dough;1
t cumin seed;1
carrot green;1
true cinnamon;1
red quinoa;1
sona masoori rice;1
photo;1
green cardamom choti elaichi;1
red food colour;1
organic chicken;1
cilantro yogurt recipe;1
free greek yoghurt;1
old bay;1
poppadom;1
deep;1
k g;1
kruimige aardappelen;1
green chile paste;1
sweet green pepper;1
tsp cumin seed;1
barramundi;1
liking;1
long grain basmati rice;1
divided;1
house cucumber;1
vegan sugar;1
corn on the cob;1
flat bread;1
bison;1
use basmati rice;1
rancho gordo mexican oregano;1
red pepper paste;1
natural super chunk peanut butter;1
snapper;1
trimming;1
asian stor;1
cans kidney bean;1
msg;1
eetlepel woksaus zoete ketjap;1
yellow on;1
coriander leaves paste;1
chai tea concentrate;1
star anise star flower;1
banana shallot;1
pav bhaji masala garam masala;1
papaya;1
prawn cracker;1
green tea bag;1
lamb breast;1
black gram urad dal;1
sea scallop;1
bay leaves tej patta;1
c pea;1
stew;1
grocery stor;1
pre cut;1
garm masala;1
golf ball size;1
sweet white onion;1
own homemade;1
russet;1
tblspn;1
red lentils masoor dal;1
low fat curd;1
super;1
grape juice;1
t lemon juice;1
semi ripe mango;1
tbsp vegetable oil;1
sago pearl;1
noodl;1
asafoetida t pinch;1
sodium beef broth;1
gram witte rijst;1
string bean;1
woody end;1
meat tenderizer;1
cinnamon stick piece;1
duck drumstick;1
peanut sauce;1
buckwheat;1
green cardamom hari elaichi n cloves lavang;1
mexican chile;1
own etc etc;1
heavy pot;1
turmeric a pinch;1
green pepper sauce;1
coriander leaves fistful;1
fresh;1
dairy;1
coconut vinegar;1
top sirloin;1
guava;1
papad sabzi;1
tilapia;1
equivalent sugar substitute;1
cook egg;1
pinches saffron;1
thick egg noodl;1
big eggplant;1
garlic butter;1
spring;1
turmeric powder haldi powder;1
lemon yogurt;1
tablespoonstandoori masala;1
sambar onion;1
oatmeal;1
yogurt ml;1
langoustin;1
serving;1
firm mango;1
ucp;1
cashewnuts jeedi pappu;1
orange zest;1
sub bun;1
work;1
big chicken;1
red masoor lentil;1
kohlrabi;1
yeast roll;1
rack;1
poultry stock;1
soft stalk;1
g chickpea flour;1
yellow madras curry powder;1
kid;1
gr chicken drumstick;1
coriander seeds dhaniya;1
nonfat milk;1
coriander seeds daniya;1
dill pickle relish;1
in cm piece;1
bacon;1
tapioca starch;1
mung bean noodl;1
natural peanut butter;1
par;1
ounce tub firm;1
thick paste;1
spicy red chili powder;1
puff pastry shell;1
soya sauce;1
pound eggplant;1
chopped n gms spinach palak;1
milliliters water;1
coriander powder dhaniya powder nto taste salt namak;1
pita pocket;1
chana;1
moong bean;1
tbso cilantro;1
ml milk uk;1
bay leaf tej patta;1
barley flour;1
besan chick peas flour;1
onion pearl onion;1
el bloem;1
peel;1
cassia stick;1
leftover chapatis roti;1
chana masala chole masala;1
red thai curry paste;1
cracker;1
ok;1
pinch;1
arbol chil;1
c basil;1
mutton stock;1
cayenne pepper sauce;1
soy;1
gallon water;1
turkey patty;1
early girl;1
u fto taste;1
red green thai chili pepper;1
cilantro leaves xa;1
cumin jeera powder;1
good slosh;1
almond paste see;1
mackerel;1
boneless mutton;1
chili spice;1
golden potato;1
g greek yoghurt;1
cotija;1
tspoon coriander seed;1
purple grap;1
multi;1
vegan mayonnaise;1
goo;1
baobab fruit powder;1
cinnamon dalchini;1
shark;1
organic egg;1
whole grain bread;1
centimeters ginger;1
cumin corriander powder;1
cooking vegetable oil;1
wholemeal pita bread;1
senaga pappu;1
del monte s california prun;1
white bean yogurt sauce;1
honeycrisp appl;1
blue eye fillet;1
t curry powder;1
zest;1
chironji seed;1
boneless breast;1
jamaican curry powder;1
grams cilantro root;1
tsp turmeric;1
chipotle chile pepper;1
chinese rice wine;1
thick plain yogurt;1
rib;1
regular tomato;1
gram gekookte gepelde garnalen;1
coriander cilantro;1
stor;1
dungeness crab;1
flavour;1
orange lentil;1
fresno chil;1
tb curry powder;1
chickpeas garbanzo bean;1
flower;1
veg;1
chana chick pea;1
g rice flour;1
sweet bit;1
linguine;1
garam masala spice;1
spice mixture;1
molasses sugar;1
nonstick olive oil;1
shard;1
tahini paste;1
pomegranate aril;1
meat powder;1
pheasant;1
summer squash;1
kalonji seed;1
t garlic;1
ml olive oil;1
green capsicum bell pepper;1
double concentrate tomato paste;1
cardamon pod;1
sea bream fish head;1
brown rice pasta;1
patak;1
chinese potato;1
kabuli chana chole;1
iceberg lettuce;1
pork meat;1
orange roughy;1
spice islands garlic powder;1
p t;1
tbsp water;1
rice thick poha;1
green part;1
garbanzo beans chickpea;1
ears corn;1
vegetable protein;1
green appl;1
moong daal;1
sweet marsala wine;1
brooklyn delhi tomato achaar;1
medium high heat oil;1
curry leaves t hand ful;1
globe eggplant;1
g garlic paste;1
kipfilet;1
tbsps sugar;1
mini marshmallow;1
handfuls cilantro;1
t water;1
salsa verde;1
use thigh;1
gluten free diet;1
cauliflower potato curry;1
whole bay leaf;1
mango sorbet;1
acid powder;1
toor daal;1
grams chicken;1
t sea salt;1
ghee rice;1
black chickpeas kala chana;1
salt ta;1
middle;1
red orange food color;1
green chillies slit lengthway;1
sour curd buttermilk;1
carrot juice;1
black pepper corn powder;1
glug oil;1
pie pumpkin;1
sticks celery;1
crudit;1
tej patta;1
mutton liver;1
low fat;1
sesame seeds powder;1
coriander leaves dhania;1
turkey thigh meat;1
chili garlic paste;1
result;1
tsp asafoetida;1
on;1
milde tandoori;1
l kippenbouillon;1
mls water;1
cornish hen;1
siz;1
paneer cottage cheese;1
nido milk powder;1
red chili flakes lal mirch;1
balti meat stock;1
handfuls spinach leaf;1
banana flavor instant;1
mesclun;1
regular black tea bag;1
oil tpsb;1
natural greek yogurt;1
slider bun;1
jalepeno;1
pickle;1
pink bean;1
cod fillet;1
regular salt;1
boneless beef chuck roast;1
ttablespoons tolive oil;1
tbspoon peanut;1
grote ui;1
eteaspoon cumin seed;1
bengal gram lentil;1
grams tomato;1
st marinade;1
savory semolina;1
g pea;1
ml veg oil;1
oil vegetable oil;1
tsp garlic puree;1
cashew nut powder;1
chili powder lal mirch;1
jumbo prawn;1
rice cereal;1
cake;1
t paprika;1
size head;1
whole fat milk;1
gms mutton mince keema;1
teaspoon cumin powder;1
vidalia;1
red apple;1
regular coconut milk;1
eno fruit salt;1
sea bas;1
hand cheese;1
indian noodl;1
firm ripe banana;1
recip;1
thick greek yoghurt;1
buckwheat flour;1
whole wheat pizza dough;1
equal parts water;1
baharat;1
grams mutton;1
wholemeal flour;1
yellow cake;1
