olive oil;5292
garlic;4256
salt;3428
pepper;2870
black pepper;2818
parmesan cheese;2648
tomato;2060
onion;2054
egg;1862
basil;1747
butter;1582
water;1404
red pepper;1345
oregano;1342
mozzarella cheese;1292
flour;1222
parsley;1162
sugar;1034
italian;958
basil leaf;865
kosher salt;863
beef;688
carrot;680
white wine;664
flat leaf parsley;655
chicken breast;537
spinach;528
tomato paste;510
milk;503
garlic powder;502
sea salt;498
tomato sauce;485
ricotta cheese;447
lemon;436
parmesan;431
thyme;427
lemon juice;415
rosemary;412
yellow onion;405
chicken broth;397
italian sausage;396
zucchini;390
mushroom;377
mozzarella;365
bay leaf;361
red bell pepper;351
pasta;334
marinara sauce;332
bread crumb;321
yeast;320
balsamic vinegar;318
heavy cream;316
spaghetti;308
red wine;293
parmigiano reggiano cheese;275
caper;265
vegetable oil;261
shallot;257
lasagna noodl;249
red wine vinegar;243
vanilla;243
italian salad;239
nutmeg;239
celery;233
provolone cheese;229
prosciutto;228
cheese;227
cherry tomato;227
green bell pepper;215
chicken stock;214
purple onion;213
red onion;202
chicken;196
pancetta;192
arborio rice;191
cream;191
pine nut;189
pasta sauce;189
whole milk;186
egg yolk;186
plum tomato;183
parmigiano reggiano;181
black oliv;177
pork;174
powder;173
bacon;170
oil;167
cream cheese;165
eggplant;165
white sugar;164
potato;163
lemon zest;160
pecorino romano cheese;158
almond;158
onion powder;157
artichoke heart;153
honey;145
panko breadcrumb;144
green onion;144
fennel seed;144
arugula;141
sage;140
italian bread;139
part skim mozzarella cheese;138
paprika;138
egg whit;135
romano cheese;129
turkey;128
pesto;127
mayonnaise;125
casing;124
cheddar cheese;122
breadcrumb;122
low sodium chicken broth;122
green pepper;121
pepperoni;117
bread;117
shrimp;116
ricotta;116
dijon mustard;115
pea;113
penne pasta;111
sweet onion;109
cannellini bean;109
sweet italian sausage;107
salami;107
roma tomato;104
italian style breadcrumb;104
sage leaf;103
leaf;103
beef broth;102
grape tomato;102
bell pepper;101
garlic salt;100
spinach leaf;98
parsley leaf;98
thyme leaf;98
bread flour;97
kale;97
sauce;97
kalamata oliv;96
chiv;96
pizza sauce;96
celery stalk;95
brown sugar;95
oliv;94
white onion;93
pizza dough;93
clov;92
anchovy fillet;89
italian parsley;88
cocoa powder;87
boneless chicken breast;86
polenta;84
soup;84
walnut;83
green bean;83
mint;81
cucumber;80
temperature;80
cinnamon;80
vegetable broth;80
veal;79
green oliv;79
juice;79
cornmeal;78
vegetable stock;78
baguette;78
celery rib;78
worcestershire sauce;77
recipe;77
linguine;77
fontina cheese;75
cremini mushroom;74
asparagu;74
ham;74
oregano leaf;72
white wine vinegar;72
herb;70
whole milk ricotta cheese;70
part skim ricotta cheese;69
container ricotta cheese;69
french bread;68
italian parsley leaf;68
spaghetti sauce;67
white pepper;66
pinenut;66
basil pesto;66
mascarpone cheese;64
marsala wine;62
noodl;62
crosswise;62
pepperoncini;62
chicken thigh;61
broccoli;61
rigatoni;61
goat cheese;61
rice;60
yellow bell pepper;60
cheese tortellini;60
sour cream;60
leek;59
pecorino romano;59
cayenne pepper;58
room temperature;57
chunk;56
meatball;56
chickpea;55
sausage casing;55
quinoa;55
marjoram;55
pecorino cheese;53
fettuccine;53
confectioners sugar;52
mint leaf;52
yellow squash;52
whole tomato;51
italian herb;51
vegetabl;51
pizza crust;50
white bean;50
broccoli floret;49
red potato;49
mascarpone;49
soda;49
rotini;49
italian cheese blend;48
italian turkey sausage;48
penne;48
feta cheese;48
canola oil;48
fennel;48
orange;47
porcini mushroom;47
mild italian sausage;46
stalks celery;46
scallion;46
artichok;45
beef stock;45
buttermilk;45
romaine lettuce;44
sausage link;44
strawberry;44
wish bone italian;44
crusty bread;42
genoa salami;42
alfredo sauce;42
cumin;42
fennel bulb;42
white bread;42
button mushroom;41
meat;41
mustard;41
sausage;41
instant yeast;40
stalk celery;40
bertolli classico olive oil;40
ice;39
avocado;38
asiago cheese;38
yellow cornmeal;38
cilantro;38
less sodium chicken broth;38
ladyfinger;37
butternut squash;37
good olive oil;37
white rice;37
bean;37
clove;37
tomato pur e;36
semolina flour;36
homemade;36
pecorino;35
orzo;35
coconut oil;35
sausag;35
chocolate;35
white mushroom;35
rosemary leaf;35
round;34
corn starch;34
flat leaf parsley leaf;34
bow tie pasta;34
table salt;34
elbow macaroni;34
cottage cheese;34
no boil lasagna noodl;33
wine;33
chili powder;33
russet potato;33
ketchup;33
cauliflower;33
tortellini;32
generous handful;32
broth;32
turkey breast;32
crust;32
chuck;32
yellow pepper;32
italian cheese;32
bulk italian sausag;32
choice;32
lemon peel;32
dill;31
pan;31
espresso;31
salt pepper;31
pasta water;31
sherry;31
part skim mozzarella;31
ciabatta bread;31
panko;31
sodium chicken broth;30
low salt chicken broth;30
dough;30
san marzano;30
grana padano;30
anchovy;30
gnocchi;30
hazelnut;30
orzo pasta;30
ditalini pasta;29
salad;29
margarine;29
coffee;29
portobello mushroom;29
whole wheat flour;29
pistachio;29
sourdough bread;28
hard salami;28
crimini mushroom;28
ripe oliv;28
san marzano tomato;28
great northern bean;28
mozzarella ball;28
apple cider vinegar;28
hoagie roll;28
ripe tomato;28
kalamata;27
plain breadcrumb;27
sweet pepper;27
juic;27
lime juice;27
jumbo pasta shell;26
green part;26
lettuce;26
zesty italian;26
french baguette;26
fat;26
drain;26
carnaroli rice;26
direction;26
nutritional yeast;26
t olive oil;26
use;26
fontina;26
pecan;25
vodka;25
orange bell pepper;25
mussel;25
pasta shell;25
end;25
banana pepper;24
stalk;24
jalapeno chily;24
spanish onion;24
red chili;24
al dente;24
cheese ravioli;24
white vinegar;24
inch;24
sweet potato;24
orange juice;24
liquid;23
anchovy paste;23
marsala;23
seed;23
swiss cheese;23
chicken cutlet;23
kidney bean;23
old world style pasta sauce;23
angel hair pasta;23
garbanzo bean;23
asiago;23
italian tomato;23
golden raisin;23
broccoli rabe;23
sirloin;23
thyme sprig;23
bulk italian sausage;23
tomato puree;23
flour tortilla;23
pesto sauce;22
minut;22
chuck roast;22
sprig;22
cans tomato paste;22
plain flour;22
whole milk ricotta;22
raspberry;22
anise;22
shell;22
orange zest;22
english cucumber;22
provolone;21
spaghetti squash;21
salad green;21
cabbage;21
bunch;21
black peppercorn;21
ranch;21
italian pork sausage;21
chiffonade;21
combination;21
ziti;21
reduced sodium chicken broth;21
coconut;21
italian chicken sausage;21
reduced fat milk;21
rosemary sprig;20
vidalia onion;20
blueberry;20
ciabatta;20
low fat milk;20
saffron thread;20
cans tomato sauce;20
head;20
green pea;20
bittersweet chocolate;20
dish;20
raisin;19
almond flour;19
vegetable;19
brown rice;19
white button mushroom;19
cornstarch;19
whole egg;19
angel hair;19
whole wheat breadcrumb;19
table;19
short pasta;19
feta cheese crumbl;19
turkey sausage;19
ziti pasta;19
red chili pepper;19
beef chuck;18
nonstick;18
gouda;18
fettuccine pasta;18
ginger;18
i;18
caster sugar;18
tarragon;18
monterey jack cheese;18
vinegar;18
bun;18
italian sausage link;18
rum;18
italian style meatball;18
vermouth;18
crouton;17
blackberry;17
ravioli;17
red kidney bean;17
heirloom tomato;17
anise seed;17
blue cheese;17
deli ham;17
spicy italian sausage;17
roll;17
currant;17
red quinoa;17
coriander;17
greek yogurt;17
bread dough;17
handful;17
ciabatta roll;17
clam;17
yukon gold potato;17
sprinkl;17
f;17
italian plum tomato;17
brandy;17
risotto rice;17
whole wheat spaghetti;17
fettucine;17
bowl;16
gram;16
kraft zesty italian;16
gelatin;16
apricot;16
escarole;16
instant polenta;16
guanciale;16
corn kernel;16
iceberg lettuce;16
lime;16
stick;16
plain greek yogurt;16
top;16
orecchiette;16
swiss chard;16
c;16
spic;15
wonton wrapper;15
dark chocolate;15
poultry;15
rib;15
tuna;15
skim milk;15
bertolli alfredo sauce;15
farro;15
nut;15
cocoa;15
basil sauce;15
monterey jack;15
stock;15
rotisserie chicken;15
giardiniera;15
almond paste;15
sweet marsala wine;15
cherry;15
lemon rind;15
whole wheat lasagna noodl;14
club soda;14
kale leaf;14
liqueur;14
hoagie bun;14
portabello mushroom;14
pork chop;14
green;14
macaroni;14
gorgonzola cheese;14
tip;14
shiitake mushroom;14
ribs celery;14
fava bean;14
corn;14
ricotta salata;14
fusilli;14
low sodium vegetable broth;14
arugula leaf;14
fig;14
part skim ricotta;14
basic tomato sauce;14
crescent roll;14
sesame seed;14
country bread;14
breadstick;13
ragu;13
whole milk mozzarella cheese;13
crescent dinner roll;13
low sodium beef broth;13
low fat cottage cheese;13
panko bread crumb;13
low fat mozzarella cheese;13
ml olive oil;13
evoo;13
almond milk;13
pepperoni sausage;13
leaves oregano;13
cherry pepper;13
beefsteak tomato;13
pint cherry tomato;13
bucatini;13
white kidney bean;13
sherry vinegar;13
floret;13
instant espresso powder;13
plum;13
lentil;13
lasagna sheet;13
sea scallop;13
chicken sausage;13
sheet;13
soppressata;13
mortadella;13
t salt;13
shell pasta;12
vegetable peeler;12
cider vinegar;12
beef roast;12
low sodium chicken stock;12
parmigiano;12
amaretto;12
roast beef;12
food mill;12
parsley sprig;12
whole garlic;12
red chile;12
couple;12
paste;12
blend;12
chardonnay;12
tomato pesto;12
store bought;12
rapid rise yeast;12
creamy italian;12
bella mushroom;12
dark rum;12
salmon;12
tomato juice;12
instruction;11
kind;11
pasta sheet;11
cracker;11
rib celery;11
italian style;11
linguini;11
green chily;11
hamburger;11
yolk;11
pappardelle pasta;11
tomato basil sauce;11
cajun;11
sub roll;11
whole grain mustard;11
focaccia;11
appl;11
tough end;11
pork tenderloin;11
semolina;11
lasagna;11
whole plum tomato;11
black bean;11
light cream;11
gorgonzola;11
firm;11
link;11
taste;11
anchovy filet;11
italian meatball;11
etc;11
italian sausag;11
cayenne;11
parma ham;11
egg noodl;11
radish;11
linguine pasta;11
philadelphia cream cheese;10
savoy cabbage;10
oven ready lasagna noodl;10
biscuit;10
low moisture mozzarella;10
wild mushroom;10
variety;10
ladyfinger cooky;10
provence;10
grana padano cheese;10
spaghettini;10
oat;10
lettuce leaf;10
surface;10
squash;10
peperoncini;10
sandwich roll;10
ball;10
length;10
marinara;10
berry;10
chicken bouillon;10
color;10
celery stick;10
pear;10
tagliatelle;10
banana;10
sweet red pepper;10
chunky pasta sauce;10
chicken finger;10
green cabbage;10
jumbo shrimp;10
parsnip;10
soy sauce;10
gruyere cheese;10
;10
box lasagna noodl;10
hand;10
rotini pasta;10
ml;10
fusilli pasta;9
butter bean;9
chicken liver;9
celery salt;9
white sandwich bread;9
peach;9
navy bean;9
skin;9
lard;9
peppercorn;9
homemade chicken stock;9
penne rigate;9
string cheese;9
dinner roll;9
pint part skim ricotta cheese;9
can;9
basil sprig;9
box;9
white flour;9
syrup;9
seashell pasta;9
roast;9
maple syrup;9
balsamic vinaigrette salad;9
tortilla chip;9
chocolate chip;9
sub bun;9
manicotti pasta;9
chicken tenderloin;9
sweet italian turkey sausage;9
good seasons italian;9
grain sea salt;9
squid;9
bbq sauce;9
gluten;9
whole almond;9
truffle oil;9
zest;9
cake;9
mint sprig;9
rump roast;9
vanilla bean;9
sprigs thyme;9
hamburger bun;9
crush;9
garlic sauce;9
portobello mushroom cap;9
veal cutlet;9
coconut flour;8
jumbo egg;8
garlic bread;8
pappardelle;8
angle;8
low fat ricotta cheese;8
ice water;8
bunch kale;8
red capsicum;8
shiitake;8
orange peel;8
nutella;8
italian bread crumb;8
whole wheat pasta;8
garnish;8
moon;8
curd cottage cheese;8
fruit;8
salmon fillet;8
chili pepper;8
ditalini;8
no cook lasagna noodl;8
pimento;8
pepper jack;8
potato gnocchi;8
thicknes;8
work;8
bunch broccoli rabe;8
pork shoulder;8
clam juice;8
head radicchio;8
almond meal;8
french bread baguette;8
chicken wing;8
pie crust;8
brown onion;8
size;8
onion soup;8
bay scallop;8
brussels sprout;8
sweet paprika;8
ripe plum tomato;8
sprig rosemary;8
sauvignon blanc;8
halibut fillet;8
whole wheat bread;8
parmesan rind;8
dente;8
creole;8
farfalle pasta;8
italian flat leaf parsley;8
pumpkin;8
hour;8
steak;8
brown lentil;8
boneless chicken thigh;8
chanterelle mushroom;8
chicken breast fillet;8
barbecue sauce;8
capicola;8
container part skim ricotta cheese;8
spring onion;8
short grain rice;8
medium grain rice;8
cremini;8
egg substitute;8
spice;7
puree;7
towel;7
wheat;7
g;7
thick cut bacon;7
heart;7
radicchio;7
chopped;7
cake flour;7
parmigiana reggiano;7
bone;7
bunch basil;7
bit;7
veggy;7
bunch swiss chard;7
beet;7
sumac;7
buffalo mozzarella;7
peanut;7
gruy re cheese;7
chocolate curl;7
eyeball;7
tail;7
pork sausage;7
pint grape tomato;7
mustard powder;7
white cheddar cheese;7
pres;7
julienne;7
center rib;7
italian roll;7
low sodium broth;7
cod fillet;7
meatless spaghetti sauce;7
bone in pork chop;7
t sugar;7
beer;7
pinot grigio;7
strong white bread flour;7
jack cheese;7
ounce container whole milk ricotta cheese;7
low moisture part skim mozzarella cheese;7
light butter;7
tomato soup;7
brine;7
sprigs rosemary;7
prosciutto di parma;7
tahini;7
box grater;7
bertolli arrabbiata sauce;7
pizza;7
balsamic reduction;7
flank steak;7
white chocolate;7
bertolli;7
lemon pepper;7
jumbo shell;7
italian fontina cheese;7
amaretto liqueur;7
sweet italian sausag link;7
prepar pesto;7
summer squash;7
knife;7
dill pickl;7
sweet mini bell;7
free range egg;7
country style bread;7
nonfat ricotta cheese;7
farfalle;7
fennel frond;7
buttermilk biscuit;7
t tomato paste;7
scallop;7
organic tomato;7
manicotti shell;7
garlic pres;7
yellow mustard;7
italian eggplant;7
oyster mushroom;7
frond;7
yellow summer squash;7
manufacturer s instruction;7
light mayonnaise;7
boneles;7
allspice;7
wine sauce;7
old world style pasta sauc;7
vinaigrette;7
bocconcini;7
alfredo;7
himalayan salt;7
beef stew meat;7
avocado oil;7
cilantro leaf;7
mini chocolate chip;7
dark chocolate chip;6
tilapia fillet;6
rustic bread;6
tortilla;6
tarragon leaf;6
cool water;6
candy sprinkl;6
slider bun;6
bunch arugula;6
tomato passata;6
proscuitto;6
saffron;6
whole kernel corn;6
cauliflower floret;6
puff pastry sheet;6
savoiardi;6
egg pasta;6
thick spaghetti;6
fish stock;6
pepper sauce;6
turkey meat;6
chop;6
whole wheat pizza dough;6
italian breadcrumb;6
round steak;6
lacinato kale;6
turkey italian sausage;6
lady finger;6
lamb;6
fish;6
peanut oil;6
t pepper;6
raw cashew;6
semi sweet chocolate morsel;6
nbsp;6
endive;6
boneless pork shoulder;6
sugar pea;6
kaiser roll;6
substitute;6
turkey meatball;6
container ricotta;6
chianti;6
soft goat cheese;6
rigatoni pasta;6
organic tomato sauce;6
olive;6
g spaghetti;6
fat free milk;6
bia;6
lower sodium chicken broth;6
poppy seed;6
orange rind;6
calamari;6
crabmeat;6
italian style salad;6
tentacl;6
butter oil;6
flavor;6
flatbread;6
lobster;6
piecrust;6
string;6
red leaf lettuce;6
vine;6
white balsamic vinegar;6
c mozzarella cheese;6
tabasco pepper sauce;6
littleneck clam;6
tomato basil pasta sauce;6
free chicken broth;6
g parmesan;6
pita;6
strong black coffee;6
instant rice;6
crumb;6
dat;6
mango;6
ragu chunky pasta sauce;6
cheddar;6
blender;6
burger bun;6
japanese eggplant;6
version;6
porcini;6
chestnut;6
on;6
pearl barley;6
thread;6
option;6
traditional italian sauce;6
simple syrup;6
onion salt;6
rind;6
white part;6
tapioca starch;6
wish bone light italian;6
wide egg noodl;6
bulb fennel;6
gouda cheese;6
savory;6
cranberry;6
diagonal;6
flat leaf italian parsley;6
rocket leaf;6
beef bouillon;6
cap;6
pinto bean;6
watermelon;6
sunflower oil;6
horseradish;6
tubular pasta;6
pam olive oil no stick;6
juniper berry;6
pepperoni turkei;6
toast;6
flax seed meal;6
cans chicken broth;6
pod;6
prun;6
preference;5
mild cheddar cheese;5
mild olive oil;5
red wine vinaigrette;5
coffee liqueur;5
brown potato;5
pignoli;5
low fat ricotta;5
reduced fat sour cream;5
bunch spinach;5
chicken tender;5
sandwich bun;5
pints grape tomato;5
shiitake mushroom cap;5
chicken leg;5
whole wheat penne pasta;5
red pepper flake;5
mild italian sausage link;5
whole milk mozzarella;5
green lentil;5
edamame;5
persian cucumber;5
beef sirloin;5
mccormick garlic powder;5
pork sausag;5
whole basil leaf;5
asparagus spear;5
aleppo pepper;5
heat;5
chile;5
handful basil leaf;5
chicken breast tender;5
pineapple;5
chocolate cake;5
celery leaf;5
sodium beef broth;5
mozzarella string cheese;5
romaine lettuce leaf;5
chickpea flour;5
couscou;5
beef brisket;5
coconut sugar;5
handful flat leaf parsley;5
ml water;5
instant;5
wish bone;5
crisco;5
cool whip;5
italian soda;5
butcher;5
long grain rice;5
whey;5
focaccia bread;5
meat bon;5
cutlet;5
italian blend cheese;5
fat mozzarella;5
whitefish fillet;5
vegetable bouillon;5
sweet pea;5
diameter;5
sopressata;5
cognac;5
balsamico bianco;5
passata di pomodoro;5
red chilli;5
red chile pepper;5
hard cheese;5
store bought marinara sauce;5
fat free chicken broth;5
plain bread crumb;5
parmigiano cheese;5
finger;5
seedless cucumber;5
velveeta;5
ounce;5
knob;5
bob evans italian sausage;5
t italian;5
apple juice;5
page;5
crab meat;5
bulgur wheat;5
turmeric;5
agave nectar;5
handful parsley;5
lasagne noodl;5
head savoy cabbage;5
bella;5
sweet italian sausag;5
parmesan shaving;5
french roll;5
double cream;5
red cabbage;5
t butter;5
chicken meat;5
whole black peppercorn;5
tube;5
low sodium soy sauce;5
day old italian bread;5
madeira;5
moisture;5
old bay;5
cracker crumb;5
cheese blend;5
garlic paste;5
coconut milk;5
bisquick;5
low fat mozzarella;5
prosciutto cotto;5
american cheese;5
brown mushroom;5
corn meal;5
pasta spiral;5
olive tapenade;5
whole san marzano tomato;5
ready lasagna noodl;5
watercres;5
marjoram leaf;5
sel;5
parsley basil;5
pepperoncini pepper;5
sprig oregano;5
extra firm;5
cuban pepper;5
chicken drumstick;5
thigh;5
brand;5
beef consomme;5
whole wheat hamburger bun;5
wish bone balsamic vinaigrette;5
vegan parmesan cheese;5
bottle italian style salad;5
balsamic vinaigrette;5
boneless pork shoulder roast;5
ribbon;5
grind;5
chard;5
boneless pork chop;5
head cauliflower;5
ring;5
wondra flour;5
okra;5
flaky sea salt;5
bon;5
ricotta salata cheese;5
chile pepper;5
romain lettuc leav;5
sourdough baguette;5
rack;5
flaxseed;5
whole lasagna noodl;4
celery seed;4
pot roast;4
prosecco;4
fat ricotta cheese;4
g mascarpone;4
oyster;4
pita bread round;4
food processor;4
cheese sauce;4
g butter;4
double concentrate tomato paste;4
quick marinara sauce;4
mozzerella cheese;4
pickl;4
homemade marinara sauce;4
sambuca;4
chorizo;4
manzanilla oliv;4
sweet italian sausage link;4
raw almond;4
leaf parsley;4
winter squash;4
egg fettuccine;4
chocolate hazelnut;4
leaf oregano;4
deli roll;4
chocolate shaving;4
dijon style mustard;4
chestnut mushroom;4
bread roll;4
sirloin steak;4
dog;4
artisan bread;4
meat sauce;4
basil pesto sauce;4
vanilla ice cream;4
piece;4
boneless chuck roast;4
nonstick vegetable oil;4
sweet marsala;4
popcorn;4
c olive oil;4
cheese rosa sauce;4
boneless beef roast;4
crusty italian bread;4
carton part skim ricotta cheese;4
good quality olive oil;4
apple;4
bulb;4
lower sodium marinara sauce;4
chicken breast tenderloin;4
market;4
portabella mushroom;4
alfredo style pasta sauce;4
t garlic powder;4
lasagne;4
drained;4
layer;4
white rice flour;4
sweet sausage;4
cavatappi;4
container;4
creamy polenta;4
italian turkey sausage link;4
marinade;4
bunch parsley;4
penne rigate pasta;4
sliver;4
mini pepperoni;4
italian seasoning;4
black eyed pea;4
active yeast;4
swanson chicken broth;4
favorite marinara style pasta sauce;4
orange liqueur;4
chicken bouillon granul;4
thaw;4
nonfat yogurt;4
paper;4
q b;4
fillet;4
head escarole;4
meatloaf;4
cooky;4
petite pea;4
muir glen;4
haricots vert;4
muenster cheese;4
star anise;4
panettone;4
gremolata;4
c onion;4
heads garlic;4
white cake;4
basil pasta sauce;4
nonfat italian;4
chicken breast cutlet;4
merlot;4
c arborio rice;4
classico;4
spring salad;4
i use;4
gorgonzola dolce;4
lump crab meat;4
champagne vinegar;4
cans cannellini bean;4
no boil;4
non fat sour cream;4
free greek yogurt;4
bag;4
parmesan reggiano cheese;4
whole wheat orzo;4
sweet yellow onion;4
whole wheat;4
day old bread;4
favorite marinara sauce;4
semolina bread;4
borlotti bean;4
raw shrimp;4
green food;4
sprigs basil;4
biscuit dough;4
variation;4
saltin;4
swordfish steak;4
lima bean;4
instant coffee granul;4
ounce gram;4
brie cheese;4
parmesan cheese rind;4
mozzarella cheese ball;4
base;4
dog bun;4
colby jack cheese;4
globe eggplant;4
branch;4
italian style tomato sauce;4
red bean;4
seafood stock;4
ghee;4
turkey cutlet;4
favorite pasta sauce;4
oregano tomato sauce;4
jalapeno;4
store bought pizza dough;4
carnaroli;4
amaretti cooky;4
parmesan reggiano;4
amount;4
graham cracker crumb;4
cashew nut;4
green portion;4
pastrami;4
whole leaf;4
kahlua;4
tube pasta;4
molass;4
kraft tuscan house italian;4
whole grain pasta;4
hothouse cucumber;4
bagel;4
whole wheat pizza crust;4
english muffin;4
veal shank;4
cream sauce;4
bulk pork sausage;4
chanterell;4
lengthway;4
mixture;4
calamata oliv;4
vialone nano;4
bucatini pasta;4
cornichon;4
low fat buttermilk;4
pat;4
tequila;4
puff pastry;4
reggiano cheese;4
mushroom italian sauce;4
head garlic;4
free cream cheese;4
leg;4
bolognese sauce;4
garlic oil;4
guajillo;4
whole grain bread;4
sugar substitute;4
pale green part;4
peel;4
favorite pasta;4
barley;4
pizza crust dough;4
fat free low sodium chicken broth;4
boneless chicken;4
coriander seed;4
low sodium;4
devein;4
pineapple juice;4
parmesan romano;4
hummu;4
whole wheat cheese tortellini;4
pie dough;4
non stick;4
collard green;4
bone in chicken breast;4
snow pea;4
chili;4
organic tomato paste;4
risotto;4
cumin seed;4
pita bread;4
pork loin;3
vanilla sugar;3
breakfast sausag;3
pepper jack cheese;3
homemade tomato sauce;3
homemade marinara;3
italian rice;3
boneless lamb shoulder;3
chorizo sausage;3
boursin;3
ripe avocado;3
brown mustard;3
stick butter;3
english pea;3
c water;3
cak;3
low sodium fat free chicken broth;3
head romaine lettuce;3
rectangl;3
cutto;3
all xa;3
beef sausage;3
cheese rind;3
work surface;3
g ricotta;3
citron;3
cranberry bean;3
colby cheese;3
filet;3
potato flour;3
tomato pasta sauce;3
boneless sirloin steak;3
harissa;3
less fat cream cheese;3
orang;3
champagne;3
saltine cracker;3
chicken fillet;3
golden caster sugar;3
espresso bean;3
round roast;3
golden beet;3
hoagi;3
garden;3
light olive oil;3
sweet basil;3
veal scallopini;3
rustic sourdough;3
x;3
potato starch;3
boneless beef chuck pot roast;3
parmesan romano cheese;3
manchego cheese;3
aubergin;3
italian vinaigrette;3
veal scallop;3
sweet baguette;3
butter lettuce;3
tender;3
mexican cheese blend;3
manila clam;3
delallo;3
veggie broth;3
box no boil lasagna noodl;3
pinches salt;3
gemelli pasta;3
pints cherry tomato;3
store bought pesto;3
chicken fat;3
parmigiana;3
carton ricotta cheese;3
romano;3
ciabatta bun;3
graham cracker;3
commercial pesto;3
buffalo sauce;3
caper juice;3
honey mustard;3
whole grain;3
raw honey;3
corn oil;3
thick round;3
filet mignon;3
venison;3
bellwether farm;3
condiment;3
c parmesan cheese;3
salmon steak;3
durum wheat flour;3
container cottage cheese;3
vine ripe tomato;3
bechamel;3
caraway seed;3
sage sprig;3
bread machine yeast;3
result;3
g oz butter;3
squeeze;3
ml vegetable stock;3
t;3
boneless chicken cutlet;3
italian flat leaf parsley leaf;3
deli;3
chervil;3
envelope;3
instant coffee;3
buttery;3
black forest ham;3
bulgur;3
heirloom cherry tomato;3
antipasto salad;3
cocktail cherry;3
enchilada sauce;3
t oregano;3
classic alfredo sauce;3
bacon rasher;3
peak;3
bechamel sauce;3
gray salt;3
garlic butter;3
whole wheat bread crumb;3
nonfat milk;3
tuna steak;3
cheese stick;3
b chamel sauce;3
short rib;3
idaho potato;3
segment;3
sweet cherry;3
mild italian turkey sausage;3
sardin;3
salsa;3
fish fillet;3
arrowroot powder;3
lasagna pasta;3
shred;3
liquor;3
pint ricotta cheese;3
sandwich bread;3
non dairy milk;3
peasant bread;3
loose italian sausage;3
corn on the cob;3
traditional sauce;3
core;3
c part skim ricotta cheese;3
whole nutmeg;3
fish sauce;3
chocolate instant;3
salad oil;3
low moisture mozzarella cheese;3
jasmine rice;3
palm;3
pasta dough;3
whole wheat spaghetti noodl;3
sticks celery;3
head broccoli;3
pinot noir;3
original no stick;3
seedless raspberry;3
pea shoot;3
vanilla bean paste;3
shaving;3
coarsley;3
coin;3
black mission fig;3
prawn;3
fork;3
broad bean;3
kraft miracle whip;3
caesar salad;3
processor;3
sweet pickle relish;3
c ricotta cheese;3
pint;3
free egg;3
crisp;3
container mascarpone cheese;3
spinach lasagna;3
malt syrup;3
red chili powder;3
milk chocolate;3
soda water;3
food stor;3
wish bone robusto italian;3
c flour;3
strong coffee;3
parma;3
c chicken stock;3
seltzer water;3
favorite tomato sauce;3
cod;3
heads escarole;3
whole artichok;3
havarti cheese;3
italian style bread;3
grappa;3
courgett;3
tbls olive oil;3
au ju;3
good stuff;3
bone broth;3
red lentil;3
pinch;3
zucchini squash;3
pork loin chop;3
dark brown sugar;3
spelt flour;3
chia seed;3
greek oliv;3
cavolo nero;3
stove top;3
flat leaf parsley top;3
manicotti;3
c walnut;3
waxy potato;3
marrons glac;3
flax;3
capacola sausage;3
homemade chicken broth;3
whitefish;3
favorite recipe;3
whole wheat pastry flour;3
skim ricotta cheese;3
white bean pasta;3
spring;3
pork neck bon;3
spiral pasta;3
pork rind;3
buffalo mozzarella cheese;3
arborio;3
ball pizza dough;3
wheat bread;3
whole grain rice;3
tomato and basil pasta sauce;3
golden brown sugar;3
free milk;3
sourdough starter;3
sheep s milk ricotta;3
strand pasta;3
delallo pomodoro fresco tomato basil sauce;3
cans beef broth;3
pasta shape;3
white almond bark;3
milk powder;3
shrimp scampi;3
fontina pasta;3
portobello cap;3
pumpkin puree;3
onion pasta sauce;3
wrapper;3
burrata cheese;3
green chil;3
box penne pasta;3
maldon;3
grain;3
xanthan gum;3
white truffle oil;3
asian eggplant;3
acidity;3
real mayonnaise;3
parmasean cheese;3
turkey breast cutlet;3
italian style tomato paste;3
ap flour;3
corn syrup;3
turkey wing;3
stevia glycerite;3
garlic olive oil;3
simmer;3
white vermouth;3
short cut pasta;3
courgette;3
g mozzarella;3
tzatziki sauce;3
natural goodnes;3
capocollo;3
broiler fryer chicken;3
italian herb blend;3
whole red bell pepper;3
reggiano parmesan;3
meyer lemon juice;3
ear;3
high gluten flour;3
classic pizza crust;3
ancho chile pepper;3
corn flour;3
salty;3
glace cherry;3
kraft lite zesty italian;3
pepper ring;3
sweet bell pepper;3
biga;3
romano blend;3
liquid egg substitute;3
selection;3
bunch asparagu;3
tiny caper;3
remainder;3
water chestnut;3
half moon;3
orecchiette pasta;3
fat free ricotta cheese;3
cantaloupe;3
colander;3
good quality tomato sauce;3
batch;3
raspberry syrup;3
g passata;3
tiny pasta;3
old bread;3
tia maria;3
italian style bread crumb;3
coffee bean;3
espresso coffee;3
chuck beef;3
red food;3
light ricotta cheese;3
seafood;3
chick pea;3
gluten free;3
poblano pepper;3
red cherry tomato;3
whole wheat angel hair pasta;2
coppa;2
bertolli garlic alfredo sauce;2
flat fillet;2
cabernet sauvignon;2
pasta rotel;2
mozzarella pasta sauce;2
ragu sauce;2
taco shell;2
dark meat;2
challah;2
plate;2
homemade ricotta cheese;2
chipotl;2
arrabbiata sauce;2
low sodium tomato paste;2
gelato;2
pcs bay leaf;2
browny;2
good quality balsamic vinegar;2
sweet turkey italian sausage;2
shoulder roast;2
half;2
beard;2
blood orange;2
favourite pasta;2
whole sage leaf;2
cranberry juice;2
oz pancetta;2
teaspoon ml vanilla;2
mozarella cheese;2
kraft balsamic vinaigrette;2
skirt steak;2
nutsonline;2
low fat cream cheese;2
green chile pepper;2
romaine lettuce heart;2
mill;2
free ricotta;2
center cut bacon;2
limeade concentrate;2
whole lemon;2
miniature chocolate chip;2
excess fat;2
stracchino;2
xa italian bread;2
nakano rice vinegar;2
nonstick olive oil;2
spring water;2
morel mushroom;2
root end;2
spike;2
beef gravy;2
skillet;2
mezze rigatoni;2
caramel;2
swerve sweetener;2
sodium cannelloni bean;2
trout fillet;2
sandwich;2
pea pod;2
organic spinach;2
t basil;2
whole carrot;2
taco;2
cubanelle pepper;2
blossom;2
fire;2
dish size;2
ounce container ricotta;2
pink peppercorn;2
whole leaf spinach;2
mini cheese ravioli;2
pearl couscou;2
strong espresso coffee;2
bosc pear;2
oz ricotta cheese;2
pumpkin seed;2
spicy italian sausage link;2
fat free marinara sauce;2
garlic scape pesto;2
rich puree;2
chili sauce;2
ripe cherry tomato;2
cans vegetable broth;2
hearty red wine;2
spear;2
instant lasagna noodl;2
dic;2
organic italian herb pasta sauce;2
alfredo pasta sauce;2
bertolli tomato basil sauce;2
light rum;2
bottle fat free tomato basil pasta sauce;2
cow milk ricotta;2
pastry shell;2
green tomato;2
leaves basil;2
cow;2
pizza cheese;2
liquid smoke;2
pecorino pomano cheese;2
full amount;2
extra splash;2
burrata;2
tapioca;2
campanelle pasta;2
chicken base;2
nonfat greek yogurt;2
high gluten bread flour;2
seasoning;2
spaghetti work;2
cento cannellini bean;2
cannellini;2
nonpareil sprinkl;2
premade crust;2
dozen littleneck clam;2
morel;2
regular pepperoni;2
spice islands italian herb;2
pork cutlet;2
part;2
natural sea salt;2
wisconsin mozzarella cheese;2
desire;2
canadian bacon;2
macadamia nut;2
organic butter;2
pizza topping;2
ramp;2
short grain italian rice;2
montreal steak;2
dough form;2
micro plane;2
serrano ham;2
stale italian bread;2
italian basil;2
mozzarella and monterey jack cheese texas toast;2
chunky sourdough breadcrumb;2
basic pasta dough;2
nonpareil;2
acini di pepe pasta;2
taleggio cheese;2
granny smith appl;2
basil chiffonade;2
cr me fra che;2
bartlett pear;2
sweet corn;2
strong flour;2
green pesto;2
carrot stick;2
container sour cream;2
non fat ricotta cheese;2
sicilian;2
yam;2
free italian;2
delallo penne ziti;2
gluten free lasagna noodl;2
tomaten;2
red radish;2
steel cut oat;2
aperol;2
cacao premium chocolate;2
flat parsley;2
savoiardi biscuit;2
ml marsala wine;2
inner leaf;2
inch pie crust;2
tubetti pasta;2
good quality marinara sauce;2
pearl onion;2
curl;2
organic vegetable broth;2
capellini;2
hero roll;2
vegetarian alternative;2
crushed;2
wish bone bruschetta italian;2
stew;2
mozzarella di bufala;2
fat free cottage cheese;2
pomegranate seed;2
parmigiana regiano cheese;2
pickle juice;2
dri leav rosemari;2
salsa verde;2
cup gms sugar;2
lady finger cooky;2
yellow tomato;2
fresca;2
white rib;2
tough stalk;2
progresso chicken broth;2
lb lasagna noodl;2
natural sweet italian chicken sausage;2
free range egg yolk;2
elephant garlic;2
flax seed;2
thick crosswise;2
streaky bacon;2
through xa;2
boneless beef chuck roast;2
white cannellini bean;2
wisconsin parmesan cheese;2
hormel pepperoni;2
italian breadstick;2
bakken en braden;2
kiwi;2
fat free;2
mushroom pea sauce;2
lime peel;2
sodium vegetable broth;2
chinese eggplant;2
spinach fettuccine pasta;2
polenta corn meal;2
varnish clam;2
room temp;2
garlic scap;2
pit;2
arbol;2
red grap;2
italian tomato sauce;2
see;2
tbsps tomato paste;2
soft mild goat cheese;2
chocolate syrup;2
sweet italian chicken sausage;2
whole cumin seed;2
soft ladyfinger;2
tagliatelle pasta;2
blood orange juice;2
old world style marinara;2
limoncello;2
nonpareil caper;2
liking;2
cannelloni bean;2
additional cheese;2
spoon;2
delallo gnocchi;2
breast;2
headnote;2
red chilly;2
greek feta;2
traditional lasagna noodl;2
fat cream cheese;2
pumpkin pie spice;2
grill;2
italian parmesan;2
prime porterhouse steak;2
beef cheek;2
kielbasa;2
cane juice;2
discard;2
turkey broth;2
barilla;2
yoghurt;2
creamy goat cheese;2
cannelloni;2
mild pork sausage;2
stick margarine;2
cecco;2
ener g egg replacer;2
c marinara sauce;2
bourbon whiskey;2
gizzard;2
beef fillet;2
land o lakes butter;2
section;2
european cucumber;2
prego italian sauce;2
chunky pur e;2
golden mushroom soup;2
raw walnut;2
old fashioned oat;2
lobster tail;2
spaghetti noodl;2
ripe heirloom tomato;2
wedge;2
corn tortilla;2
glaze;2
orange tomato;2
homemade pasta;2
basic pizza sauce;2
time;2
stale ciabatta bread;2
prosciutto end;2
fettuccini pasta;2
seamless crescent dough;2
additional parmesan cheese;2
supermarket;2
amatriciana sauce;2
zabaglione;2
full fat ricotta cheese;2
teriyaki sauce;2
octopu;2
c balsamic vinaigrette;2
arugula pasta;2
no boil noodl;2
tuscan olive oil;2
slow cooker;2
light green part;2
pint light cream;2
peasant style bread;2
meyer lemon;2
merlot wine;2
adobo sauce;2
vermicelli;2
lemon sorbet;2
rabbit;2
popcorn kernel;2
root vegetabl;2
mushroom broth;2
block;2
parmigiano reggiano cheese rind;2
pie shell;2
label;2
peppadew;2
bunch green;2
rapini;2
maldon sea salt;2
free range chicken;2
bruschetta topping;2
tuscan pepper;2
carton fat free cottage cheese;2
extra water;2
oat flour;2
whole wheat couscou;2
buttermilk biscuit dough;2
store bought bean;2
bottom;2
good handful;2
plain tomato sauce;2
spice islands onion powder;2
pecorino sardo;2
dripping;2
log goat cheese;2
slab bacon;2
oz salami;2
lb boneless beef chuck eye roast;2
spaghetti pasta;2
parmagiano reggiano;2
tea;2
kid s tomato;2
bunches broccoli rabe;2
ni oise;2
crockpot marinara sauce;2
whole onion;2
pistachio nut;2
cook;2
counter;2
italian spic;2
chiffanade;2
whole wheat bun;2
black mussel;2
green onion top;2
minced;2
sweet turkey sausage;2
turkish bay leaf;2
turkey breast deli meat;2
cans plum tomato;2
soupy;2
brisket;2
multigrain bread;2
fat free cream cheese;2
cardamom;2
bean soup;2
cornflake crumb;2
organic chicken broth;2
romaine;2
regular lasagna noodl;2
roast turkey;2
tomato basil marinara sauce;2
pasta sauce sauce;2
good white wine vinegar;2
oat bran;2
low sodium beef stock;2
soft polenta;2
bowtie pasta;2
tb butter;2
t pine nut;2
pack;2
pepper mill;2
tomato ketchup;2
italian squash;2
buttermilk chicken;2
fat pepperoni;2
whole wheat baguette;2
cannoli shell;2
dark green part;2
ounce cans tomato sauce;2
gluten free bread;2
cervasi parmigiano reggiano;2
italian style roll;2
whole wheat linguine;2
gloves garlic;2
extra flavor;2
lardon;2
gravy;2
tomato season;2
campanelle;2
t water;2
g pancetta;2
colby monterey jack cheese;2
red pasta sauce;2
grating;2
wesson canola oil;2
rice vinegar;2
hazelnut syrup;2
classic alfredo sauc;2
tuscan kale leaf;2
hazelnut liqueur;2
flat leaf;2
bone in skin on chicken thigh;2
speck;2
apple cider;2
old italian bread;2
low fat;2
chilli;2
broccolini;2
type pasta;2
rabe;2
ll;2
york style panetini toast;2
baileys irish cream liqueur;2
white bread dough;2
italian pork sausag;2
boneless beef chuck;2
vital wheat gluten;2
free ricotta cheese;2
pizza paddle;2
chicken nugget;2
whole fennel seed;2
c arugula;2
wheat cereal;2
red chil;2
vegetable salad;2
andouille sausage;2
black peppergarlic;2
crusty chicago style italian bread;2
twinky;2
g oz pine nut;2
dime size ball;2
hearts romaine lettuce;2
rice flour;2
dill pickle;2
low sodium marinara sauce;2
xa slices bacon;2
french bread dough;2
buffalo mozarella;2
mustard green;2
black pepper xa xa;2
crusty roll;2
wish bone light balsamic basil vinaigrette;2
pasta pot;2
cupcak;2
chile paste;2
envelope lipton recipe secrets onion soup;2
roast beef deli meat;2
whole wheat elbow macaroni;2
second;2
parmigiano reggiano rind;2
ounce cans plum tomato;2
california;2
bag spinach;2
crystal farms mozzarella cheese;2
sweet yellow pepper;2
bunch italian parsley;2
low sodium store bought chicken stock;2
red tomato;2
capsicum;2
there s cinnamon;2
delallo pomodoro fresco marinara sauce;2
veal stock;2
chok;2
fat free ricotta;2
frontier salt;2
spice islands garlic powder;2
instant vanilla;2
ounce cans cannellini bean;2
ounce can;2
sirloin tip roast;2
cocktail rye bread;2
wide noodl;2
thick puree;2
espresso powder;2
mazola corn oil;2
store bought tomato sauce;2
swerve;2
clam broth;2
yellow food;2
bologna;2
veal escalop;2
flat leaf parsley sprig;2
whole green bell pepper;2
gluten free breadcrumb;2
pastina;2
homemade pizza dough;2
t caper;2
italian tomato paste;2
sweetener;2
fine grain sea salt;2
good country bread;2
white breadcrumb;2
ok;2
italian blend vegetabl;2
aardbeien;2
chicken broth stock;2
rinse;2
crumb crust;2
tsps sugar;2
piece parmigiano reggiano rind;2
italian sauce;2
low fat marinara sauce;2
philadelphia neufchatel cheese;2
spicy sauce;2
green chile;2
bread loav;2
bolognese;2
elbow;2
cans tomato puree;2
t garlic;2
t parmesan cheese;2
cane sugar;2
min;2
jalape o;2
pasta flour;2
ros wine;2
mccormick onion powder;2
crouton italian season;2
cannelloni pasta;2
old world style tradit pasta sauc;2
carton mascarpone cheese;2
brown rice penne;2
mini semi sweet chocolate chip;2
natural basil;2
portobello;2
ounce container ricotta cheese;2
sour cherry;2
oven;2
cans mushroom;2
flounder fillet;2
sweet vermouth;2
shape;2
johnsonville italian sausage;2
whole head garlic;2
boneless pork loin;2
whole chicken;2
ragu chunky garden variety;2
steak sauce;2
organic egg;2
artichoke bottom;2
best quality tomato;2
quick sauce;2
inch diameter;2
rosemary focaccia;2
butternut squash puree;2
savory leaf;2
pkg ferrara pronto polenta;2
tubetti;2
mostaccioli pasta;2
green leaf lettuce;2
spanish oliv;2
grinding;2
pound;2
spicy sausage;2
ch vre;2
kraft;2
pastry dough;2
lim;2
yellow teardrop tomato;2
medium onion;2
caper berry;2
pur e;2
sodium garbanzo bean;2
tapioca flour;2
curry powder;2
containers ricotta cheese;2
extra basil;2
loin pork roast;2
white bread flour;2
white cabbage;2
chicken thigh fillet;2
roast chicken;2
tepid water;2
rye flour;2
tri color spiral pasta;2
yellow cherry tomato;2
non dairy;2
mace;2
cup gram;2
cans italian plum tomato;2
white fish fillet;2
dark sweet cherry;2
fine quality grappa;2
basic pizza dough;2
pita chip;2
bunch broccoli;2
cilantro sprig;2
pillsbury;2
yellow cake;2
handful basil;2
runny honey;2
baguett;2
ritz cracker;2
t basil pesto;2
tiger prawn;2
casarecce;2
g ricotta cheese;2
flat anchovy fillet;2
zout;2
dough recipe;2
basic bruschetta;2
rocket;2
step;2
panko crumb;2
white peppercorn;2
sunflower seed;2
part skim;2
sweet sopressata;2
mayo;2
black truffle oil;2
pancetta bacon;2
g oz parmesan;2
plain low fat greek yogurt;2
whit;2
basil triscuit;2
reduced calorie;2
crostini;2
sweet italian pork sausage;2
store bought low sodium chicken stock;2
reduced fat ricotta cheese;2
maraschino cherry;2
quick oat;2
flat anchovy;2
free pasta;2
basmati rice;2
turkey sausag;2
whole grain italian bread;2
whole wheat pasta shape;2
c tomato sauce;2
campari;2
ruby port;2
plain white flour;2
visible fat;2
yellow zucchini;2
turkey bacon;2
parmesan romano cheese blend;2
pita pocket;2
whole wheat penne;2
ui;2
creamy pesto sauce;2
sausage meat;2
extra vergine olijfolie;2
turkey sausage lasagna;2
grain salt;2
italian flavor;2
best quality;2
california bay leaf;2
linguine alla lobster;2
fry vegetable blend;2
raw pistachio;2
cans san marzano tomato;2
shank;2
texas toast bread;2
burgundy wine;2
ravioli garnish;2
neutral oil;2
whole bay leaf;2
stale bread;2
sprite;2
creme;2
mandarin orang;2
classico creamy alfredo sauce;2
demi baguette;2
delallo whole milk ricotta;2
rib eye steak;2
w garbanzo bean;2
scallopini;2
bamboo shoot;2
liquid stevia;2
dreamfields lasagna noodl;2
pepper qb;2
gruyere;2
linguini pasta;2
vine tomato;2
turbinado;2
muir glen brand;2
brown shrimp;2
small curd cottage cheese;2
olive oil mayonnaise;2
passata;2
blade steak;2
haddock fillet;2
room temp water;2
oatmeal;2
cm;2
ton wrapper;2
raw sugar;2
moscato;2
pepper tt;2
almond liqueur;2
qt chicken broth;2
orechiette pasta;2
oregano sprig;2
earth balance buttery;2
microplane grater;2
soft bread crumb;2
dark turkey meat;2
gray sea salt;2
jalapeno pepper;2
good red wine;2
whole grain dijon mustard;2
store bought gnocchi;2
pints part skim ricotta cheese;2
mini mozzarella ball;2
canola;2
deer;2
pistachio pesto;2
basil vinaigrette;2
light alfredo sauce;2
bulb garlic;2
no boil egg lasagne sheet;2
manner;2
cheese italian blend;2
gold potato;2
plum tomato puree;2
bone in turkey breast;2
juice zest;2
peach schnapp;2
bacon bit;2
loaves focaccia bread;2
pork country style rib;2
removed;2
wheat flour;2
light cream cheese;2
pomegranate molass;2
yeah;2
py;2
grapefruit;2
side;2
garlic glov;2
oz tomato sauce;2
cockl;2
black olive paste;2
piece parmesan cheese rind;2
percent milk;2
fat free tomato basil pasta sauce;2
vitamin c;1
tiny basil leaf;1
low sodium vegetable juice cocktail;1
absolut vodka;1
casserole dish;1
instant couscou;1
moka coffee;1
t sea salt;1
leftover pasta;1
goat cheese crumbl;1
loin pork chop;1
c bread crumb;1
combo;1
ounce containers whole milk ricotta cheese;1
additional vegetable broth;1
piece parmesan rind;1
no boil lasagne noodl;1
food shop;1
jalapeno chile pepper;1
ancho powder;1
white bread crumb;1
oscar mayer pepperoni;1
balsamic vinegar glaze;1
g breadcrumb;1
green inner part;1
ounce container part skim ricotta;1
fat ranch;1
nice alternative;1
pith;1
leaves blossom;1
whole wheat italian breadcrumb;1
fruity olive oil;1
garden style pasta sauce;1
italian risotto rice;1
low moisture;1
x inch;1
pasta pomodoro;1
italian brand;1
artisan flatbread;1
pane casereccio;1
spoonful ricotta cheese;1
pkg penne pasta;1
peach pie;1
marzano;1
favorite noodle;1
sweet sausage link;1
crusty tuscan bread;1
whole wheat tortilla;1
season;1
weight ricotta cheese;1
umpqua dairy cottage cheese;1
chavrie goat cheese;1
small medium shallot;1
italian flatleaf;1
golden grape tomato;1
pate brisee;1
short fusilli pasta;1
italian almond cooky;1
pint hazelnut gelato;1
sultana;1
pugliese bread;1
bomba sauce;1
egg tagliatelle;1
pale ale;1
organic garlic;1
black grap;1
natural parsley;1
veggie stock;1
vanilla wafer;1
lobster shell;1
whole ripe tomato;1
lowfat greek yogurt;1
cup water;1
mushroom flavor;1
heads radicchio di treviso;1
rhubarb;1
spice island;1
garlic tomato sauce;1
red beefsteak tomato;1
wide ribbon;1
inch thicknes;1
additional;1
quarter;1
ginger paste;1
weight;1
pinot gri;1
free lady finger;1
fat free pasta sauce;1
g italian sausage;1
xa pound xa orecchiette;1
bulgar;1
pasta noodl;1
sodium gluten free chicken broth;1
best quality store bought marinara sauce;1
ounce bottles clam juice;1
c pecorino romano cheese;1
melon baller;1
marzano plum tomato;1
fahrenheit;1
soy free version;1
matzo meal;1
san giorgio rigatoni;1
i love muir glen;1
bag heart;1
pkg spaghetti sauce;1
pound chicken;1
whole ricotta;1
watermelon radish;1
skinny tube;1
favorite italian sausage;1
reserve rest;1
pink himalayan salt;1
natural oregano;1
sturdy foccacia bread;1
bottle olive garden italian;1
veal scaloppine;1
parmesan regiano cheese;1
didn t;1
c parmigiana reggiano cheese;1
garlic tomato;1
vin santo;1
delallo italian garlic mushroom;1
cream cream;1
peeld;1
fettuccini;1
additional whole sage leaf;1
ginger ale;1
curry;1
light;1
store bought sauce;1
size thicknes;1
substitute turkey;1
martini;1
heads radicchio;1
italian lasagna noodl;1
watkins garlic powder;1
bruised sort;1
tabasco sauce;1
marinara tomato sauce;1
garlic parmesan spaghetti sauce;1
teen knoflook;1
grouper fillet;1
american lobster tail;1
deli salami;1
bunch rosemary;1
roquefort cheese;1
black poplar mushroom;1
onion sprout;1
frontier sea salt;1
block parmesan;1
pouch masterfoods tuscan meatballs recipe base;1
x inch lasagna noodl;1
whole garlic head;1
good seasonings italian salad;1
lemon balm;1
stew meat;1
homemade meatball;1
zucchini flower;1
nasturtium bouillon;1
sagrantino di montefalco;1
v juice;1
boursin cheese;1
gin;1
ball form;1
calmyrna fig;1
garofalo;1
no bake lasagna noodl;1
semolina lasagna noodl;1
duck;1
espresso tdissolve;1
cherry tomato pasta sauce;1
zesty italian style salad;1
rotel;1
quick rise yeast granul;1
t tapioca starch;1
iceberg;1
fruit etc;1
poblano;1
round italian;1
carton egg substitute;1
rung;1
celery root;1
low fat parmesan cheese;1
cup fl oz ml olive oil;1
real mayonnai;1
thick circl;1
linguine noodl;1
organic cherry tomatoes yellow;1
german chocolate;1
good substitution;1
soup pasta;1
amazing flavor;1
wate;1
ready made plain polenta;1
tablespoon olive oil;1
c millet;1
pound butternut squash;1
potato water;1
whole chestnut;1
beef ey roast;1
ice cream con;1
cinnamon sugar;1
tsps vegetable stock powder;1
tj s sea salt;1
sourdough;1
ml espresso coffee;1
promise buttery;1
salerno cheese;1
five cheese italian blend;1
dense tomato sauce;1
cans artichok;1
pork roast;1
cans french onion soup;1
chip;1
nicoise;1
satay dip;1
crust pizza;1
yuca;1
butter margarine blend;1
whole wheat egg pasta dough;1
sheets delallo no boil lasagna;1
spaghetti alla carbonara;1
rotini noodl;1
crispy caper;1
pig s jowl;1
bottom end;1
g oz mascarpone;1
delallo alfredo sauce;1
malden sea salt;1
store bought pizza base;1
pinches sea salt;1
milk ball;1
piece pancetta;1
land o lakes egg;1
g caster sugar;1
anna ditalini;1
pre made pesto;1
turkey liver;1
ball master dough;1
olio d oliva olive oil;1
spanish paprika;1
c soymilk;1
mccormick rosemary leaf;1
hash brown potato;1
lowfat milk;1
whole coriander seed;1
meat ragu sauce;1
mocha coffee bean;1
thickness wise;1
tb olive oil;1
skillet pan;1
micro green;1
easy marinara;1
wine sauc;1
silk cashewmilk;1
seltzer;1
measure;1
chicken bullion;1
good honey;1
mascarpone cheese tbeat;1
oz tomato paste;1
turnip green;1
red gold ketchup;1
g arborio risotto rice;1
red cabbage leaf;1
thick cut pancetta;1
tub;1
organic chicken liver;1
egg beater;1
tomato tapenade;1
jersey tomato;1
mostaccioli;1
use cento;1
block style fat free cream cheese;1
jumbo biscuit;1
gourmet garden garlic paste;1
salad shrimp;1
containers alfredo sauce;1
re quality;1
magic sauce;1
pattypan squash;1
mini pretzel twist;1
asian;1
kraft horseradish;1
delallo risotto arborio rice;1
organic ricotta cheese;1
grams mascarpone;1
pasta strand;1
block mozzarella;1
pork sausage link;1
vermicelli puttanesca;1
spice islands sea salt;1
tortiglioni;1
bucatini pasta noodl;1
regular chicken broth;1
top sirloin steak;1
l chicken stock;1
kimchi;1
ounce packet;1
good quality lady finger;1
salmoriglio sauce;1
sweetnes;1
counter workspace;1
medium size onion;1
chayot;1
manual stuffer;1
oregano tomato paste;1
xa fennel pollen xa;1
duck breast;1
crab leg;1
french deli;1
squid ink pasta;1
french bread loav;1
cans tomato;1
truffle salt;1
big handful;1
ni oise oliv;1
cracker meal;1
chocolate ice cream;1
sandwich wrap;1
stale country bread;1
breast meat;1
knorr vegetable recipe;1
randall beans pinto bean;1
oz cherry tomato;1
weight watchers bread;1
additional lemon;1
low fat italian;1
wheel;1
c parmesan;1
cans artichoke heart;1
anjou pear;1
solid albacore tuna;1
turbinado sugar;1
vegan option;1
petite tomato;1
garlic chiv;1
xa tbsp olive oil;1
becel dieet;1
della domenica;1
harissa sauce;1
t oil;1
chopped xa romaine lettuce leaf;1
ml kant en klare tomatensau;1
semolina pappardelle;1
weight mozzarella cheese;1
remov;1
orecchiette alla carrettiera;1
sweetpotato;1
mccormick garlic salt;1
ll shrink;1
no knead crusty artisan bread recipe;1
hard mozzarella;1
burger topping;1
store bought low sodium chicken broth;1
bulk merguez sausage;1
stonefire artisan pizza crust;1
cans tuna;1
anna pasta;1
plump red bell pepper;1
g pasta flour;1
spice blend;1
shell steak;1
g waxy potato;1
soybean;1
sheets no bake lasagna noodl;1
sauerkraut;1
liquid vegetable broth;1
pesto alfredo cream sauce;1
c portobello mushroom;1
plain full fat yoghurt;1
nectarine;1
italian cheese blendextra;1
whole wheat noodl;1
imitation crab meat;1
vegetarian pesto;1
mini pizza dough bas;1
low carb rigatoni pasta;1
low fat tomato basil pasta sauce;1
hash;1
recip;1
g sponge finger;1
well shaken low fat buttermilk;1
kleine groene paprika;1
brussel sprout;1
stevia powder;1
tuscan pecorino cheese;1
sirloin roast;1
orange pepper variety;1
mini farfalle pasta;1
full fat mozzarella;1
extra light olive oil;1
light mascarpone cheese;1
prego chunky garden combination italian sauce;1
skillet cornbread;1
beef bouillon granul;1
c milk;1
b table salt;1
c pizza sauce;1
herbamare;1
caramel chai tea latte;1
verona radicchio;1
triple sec;1
instant polenta cornmeal;1
broad egg noodl;1
whole button mushroom;1
black pepper q b;1
sweet liqueur;1
bakers yeast;1
brown sugar blend;1
red pepeper;1
ounce cans chicken broth;1
kirschwasser;1
basterdsuiker;1
wooden craft stick;1
good choice;1
homemade beef stock;1
buffalo;1
barilla rigatoni pasta;1
ice cream;1
whole grain spelt flour;1
chilli pepper;1
liter vegetable stock;1
book;1
oz mozzarella cheese;1
bunch thyme;1
roni;1
matter;1
swap;1
sunchok;1
compliments tomato basil pasta sauce;1
italian fontina;1
white sour dough bread;1
tiny chocolate chip;1
g arborio rice;1
c balsamic vinegar;1
gourmet garden basil paste;1
waxy style potato;1
minute tapioca;1
gr fusilli;1
elbows pasta;1
classico spaghetti sauce;1
pastene brand;1
plenty;1
spring leek;1
spicy brown mustard;1
parmigano reggiano cheese;1
meatless fat free sausage;1
beef bullion;1
mild blue cheese;1
ciliegene mozzarella;1
pavesini cooky;1
rice wine vinegar;1
portions pizza dough;1
mature cheddar;1
c couscou;1
regular cherry tomato;1
plain soy milk;1
individual focaccia;1
ball hazelnut pizza dough;1
white asparagu;1
x inch baton;1
f oven;1
cup oz ml milk;1
lucid absinthe;1
basic vegan pizza dough;1
ounc;1
a ai powder;1
campari tomato;1
regular penne pasta;1
microgreen;1
yukon gold;1
adjacent burner;1
organic rice pasta fettuccine style;1
light muscovado sugar;1
organic onion;1
black pepper powder;1
morning;1
g creme fraiche;1
microplane zester;1
g tomato;1
bread flour mix;1
c p;1
t cashew butter;1
low sodium feta cheese;1
good bacon;1
soy milk;1
kit;1
anise oil;1
fat mayonnaise;1
german chocolate bar;1
tall noodl;1
shrink;1
young asparagus tip;1
polenta flour;1
fuyu persimmon;1
whole anchovy fillet;1
free rice spaghetti;1
kleine trostomaatj;1
pepper corn;1
giant garbanzo bean;1
polenta crostini;1
ricotta cavatelli;1
cheese pasta sauce;1
regular balsamic vinegar;1
boneless rump roast;1
vegetarian version;1
skin on chicken thigh;1
specialty food stor;1
devil;1
handful italian parsley;1
valle;1
lbs onion;1
c mozzarella;1
free penne;1
broiler chicken;1
fennel tomato sauce;1
green shell mussel;1
spelt;1
strawberry ice cream;1
recipes marinara sauce;1
buttom mushroom;1
carrot cut;1
luncheon meat;1
g zucchini;1
carton low fat ricotta cheese;1
ditalini pasta shape;1
tomato flavor;1
italian three cheese blend;1
rosemary twig;1
pork rib;1
low sodium turkey breast;1
lb;1
c chicken broth;1
garlic pepper;1
valley farmhouse originals italian;1
beef chuck roast;1
c evoo;1
framboise;1
perrins worcestershire sauce;1
love san marzano tomato;1
cheddar cheese singl;1
nonfat cottage cheese;1
reynolds wrap release non stick aluminum foil;1
center;1
containers part skim ricotta cheese;1
sweet balsamic onion;1
vegan bread crumb;1
peach vodka;1
genuine pecorino romano cheese;1
mozzarella cheese stick;1
pizza blend cheese;1
qt marinara sauce;1
tomato marinara sauce;1
pizza dough ball;1
t almond;1
teaspons pepper;1
nigella seed;1
ml beef stock;1
reduced fat swiss cheese;1
pink salt;1
homemade pizza dough link;1
bouillon beef base;1
dill pickle relish;1
good quality lasagna noodl;1
delallo rigatoni;1
squid ink;1
rice milk;1
slankroom;1
golden veggie fettuccine pasta;1
craisin;1
raw italian sausage link;1
cans low sodium beef broth;1
xa zucchini;1
g wholewheat spaghetti;1
delallo pomodoro fresco marinara pasta sauce;1
c pesto;1
zucchini noodl;1
don t love garlic;1
people;1
blue tortilla chip;1
pound pork shoulder butt;1
gray crystal;1
fettuccine style noodl;1
cheese italian;1
three cheese tortellini;1
stor;1
deli counter;1
meal;1
sub zucchini;1
rubber spatula;1
matzo cake meal;1
free marinara sauce;1
bag mozzarella ball;1
tricky;1
favorite tomato pasta sauce;1
zout en peper;1
nice flavor;1
balls pizza dough;1
vegetable stock powder;1
tomato butter sauce;1
white tuna;1
green garlic;1
romaine heart;1
low sodium kidney bean;1
sweeter meyer lemon;1
pomegranate juice;1
broccoli slaw;1
g gorgonzola;1
cans cream;1
tomato paste concentrate;1
demi glace;1
clear honey;1
bitter almond oil;1
porcini liquid;1
mature tomato;1
garlic bruschetta;1
sodium part skim mozzarella cheese;1
provolone cheese blend;1
cook style lasagna noodl;1
bottle pasta marinara sauce;1
low fat feta;1
organic tomato basil pasta sauce;1
sprigs mint;1
foamy;1
mild honey;1
free cottage cheese;1
butter use;1
calimyrna fig;1
lb oz;1
camargue rice;1
t vanilla essence;1
pints strawberry;1
stock bouillon;1
inch square bread;1
knorr chicken flavor rice sid;1
yellow mustard seed;1
rustic;1
arugula pesto;1
dark cane sugar;1
good quality;1
anaheim chile;1
flat loav;1
slic;1
challa;1
red finger chile pepper;1
golden zucchini;1
deli honey ham;1
i use king arthur;1
levain bread;1
c spinach;1
pound lamb shank;1
corn husk;1
caponata;1
heated r n xa r n xa r n xa;1
red wine vinaigrett;1
tb ff cottage cheese;1
chunk pancetta;1
white rum;1
red pepper pasta sauce;1
tagliatelle noodl;1
ball no knead pizza dough;1
inch pizza crust;1
young green olive oil;1
cream soup;1
chanterelle;1
white italian style bread;1
box no boil necessary lasagna noodl;1
abbamele;1
sour;1
xa pound xa green bean;1
substitute muir glen;1
packets squid ink;1
napa cabbage;1
gf oat flour;1
organic low sodium chicken broth;1
acidic;1
fat free parmesan cheese;1
whole milk variety;1
no chicken broth;1
dig;1
young ramp bulb;1
c romano cheese;1
boneless beef chuck eye roast;1
crispy xa pizza crust;1
piece french bread baguette;1
chuck steak;1
quinoa flour;1
cubed;1
swanson chicken stock;1
lamb shank;1
chunky garden;1
regular mozzarella cheese;1
portobellini mushroom;1
mushroom cap;1
xa anchovy;1
gyoza;1
pancetta pan dripping;1
wavy lasagna noodl;1
box barilla spaghetti;1
garden sage;1
sweet red wine;1
cow s milk ricotta;1
green tip;1
chunky style spaghetti sauce;1
grams water;1
purple eggplant;1
milliliters water;1
shak;1
low sodium salt;1
vanilla light ice cream;1
candy can;1
favorite vinaigrette;1
bottle tomato basil pasta sauce;1
med onion;1
wholegrain bun;1
video;1
jumbo lump crabmeat;1
bullion brand;1
za atar;1
garden vegetable pasta sauce;1
early girl;1
maccheroncini pasta;1
black cabbage;1
high quality sea salt;1
chickpeas garbanzo bean;1
four cheese ravioli;1
house;1
teaspoon thyme;1
chevre;1
handful basil top;1
eggs use;1
hungarian paprika;1
fat free mozzarella cheese;1
baguette bread;1
pork stew meat;1
gm tomato;1
radicchio leaf;1
italian cracker crumb;1
weight goat cheese;1
domestic provolone cheese;1
cheese tortellini pasta;1
arrowroot;1
fiore di latte;1
deli style mozzarella;1
maitake;1
simple pizza sauce;1
bullseye;1
bin;1
yellow raisin;1
food gel;1
egg spaghetti;1
broccoli crown;1
garlic flavor;1
taste bud;1
favorite spaghetti;1
tri tip steak;1
ragu alla bolognese;1
cocktail tomato;1
head iceberg lettuce;1
prep tip;1
rip italian plum tomato;1
creamer;1
raw carrot;1
paccheri;1
part day schedul;1
carton college inn chicken broth;1
regular white spaghetti;1
tim;1
rapidrise yeast;1
lowfat ricotta;1
chili pesto;1
italian bread shell;1
bulk sausage;1
firm ripe peach;1
oz grm;1
dl magere vanillevla;1
kosher sea salt;1
matchstick cut zucchini;1
tyson chicken breast;1
right;1
g cr me fra che;1
organic quinoa;1
uf f tblack oliv;1
electric pressure cooker;1
ginger beer;1
crusty baguette;1
pastene;1
g italian pork sausag;1
hearty field green;1
dri fruit tropic;1
ciabatta loav;1
anna spaghetti;1
sole fillet;1
green olives italian style;1
barefoot pinot noir;1
round brioche roll;1
kiwifruit;1
weight mozzarella;1
oregano thyme;1
fajita size flour tortilla;1
grand marnier;1
pack savoiardi lady finger;1
anisette liqueur;1
eieren;1
sweet dessert wine;1
strawberry sauce;1
tricolour fusilli pasta;1
vialone nano rice;1
whole grain penne pasta;1
curly regular kale;1
old el paso flour tortilla;1
prego alfredo sauce;1
smooth whole milk ricotta;1
delallo whole milk ricotta cheese;1
wild boar italian sausage link;1
lawry s garlic salt;1
preferenc;1
tsp caster sugar;1
brown rice flour;1
madras curry powder;1
chicken part;1
raspberry liqueur;1
orange soda;1
rotelle;1
inch thick;1
daikon;1
extra sprig;1
ounce container;1
homemade beef broth;1
contadina tomato paste;1
thick coin;1
extra basil leaf;1
sub;1
boneless veal shoulder;1
baguette french bread;1
good ricotta cheese xa;1
brown gravy;1
tbl;1
light italian salad;1
fusilli noodl;1
multigrain rotini pasta;1
slow cooker marinara;1
crostini bread;1
ml milk;1
gr parmezaanse kaa;1
cacaopoeder;1
seedless watermelon;1
odd heart;1
raspberry sauce;1
buffala mozzarella;1
red chard;1
stonewall kitchen brand;1
firm tomatoes work;1
sticks butter;1
rotoni;1
carrot ribbon;1
basil leaves leaf;1
carton fat free ricotta cheese;1
mccormick gourmet italian;1
grocery stor;1
fat asparagu;1
mild turkey italian sausage link;1
tenderloin;1
lot;1
by inch lasagna noodl;1
power green;1
quick yeast;1
cypress grove truffle tremor cheese;1
garlic basil pesto;1
tomato chutney;1
excess moisture;1
lager beer;1
mushroom demi glace;1
bud;1
mortadella sausage;1
essential oil;1
canwhole plum tomato;1
great norhtern bean;1
argo corn starch;1
bouillon;1
bad ben affleck j lo movie;1
dark cocoa;1
dececco lasagna sheet;1
liter;1
x g tin borlotti bean;1
anna cavatappi;1
whole white peppercorn;1
meat stock;1
grams penne;1
xa cup;1
king crab leg;1
vegan beef substitute;1
mozzarella sheet;1
casalinga;1
c daiya mozzarella shred;1
durum semolina flour;1
onion top;1
beef base;1
california apricot;1
flavour;1
swiss chard leaf;1
broccoli floweret;1
soft submarine roll;1
nacho chip;1
fiori di sicilia;1
vanilla essence;1
petit poi;1
start;1
frambozen;1
sweet tomato basil pasta sauc;1
curly leaf parsley;1
g oz pkg;1
body;1
besciamella sauce;1
flax egg;1
tablespooon salt;1
piquillo pepper;1
low sodium vegetable juice;1
rustic rosemary bread;1
shot;1
white anchovy fillet;1
best quality olive oil;1
sicilian tomato meat sauce;1
ounce baguette;1
crimini;1
monkfish loin;1
homemade sauce;1
plantain;1
romaine heart leaf;1
tiramisu cooky;1
bison stew meat;1
low fat tomato and basil pasta sauce;1
fulvi;1
falafel;1
gluten free flour;1
orange segment;1
kraft parmesan cheese;1
middle carrot;1
basic cream sauce;1
asparagus tip;1
demerara sugar;1
buttercream;1
protein powder;1
serrano chile;1
white meat turkey;1
homemade vegetable stock;1
leaves hand;1
ancho chili powder;1
medium size japanese eggplant;1
xa cups xa marinara sauce;1
neapolitan meatball;1
corn cob;1
cannelini bean;1
giblet gravy;1
c beef stock;1
garden tomato;1
good apple cider;1
italian mascarpone cheese;1
crown roast;1
mezze maniche;1
multigrain baguette;1
rennet;1
danish fontina cheese;1
organic lemon;1
misto;1
dutch proces;1
old french bread;1
greek;1
radiatore;1
quick rise yeast;1
minute rice;1
quality ricotta cheese;1
local pizzeria;1
raw spinach;1
gallo cabernet sauvignon;1
fillets cod fillet;1
top sirloin;1
volle eetlepels pesto;1
handful pecorino romano;1
c kale microgreen;1
bottles ketchup;1
bresaola;1
whole chicken leg;1
extra drizzle;1
classic herb;1
ciabatta sandwich roll;1
gallon water;1
haloumi;1
cannelloni wrapper;1
foriana sauce;1
bottle low fat spaghetti sauce;1
bacon ranch;1
whole wheat berry;1
grater;1
beefsteak;1
grenadine;1
sav blanc;1
fryer chicken;1
ridg;1
bottle;1
acini di pepe;1
low sodium chicken;1
essencia;1
risotto style rice;1
durum flour;1
italian style hoagie bun;1
basic marinara;1
polenta cornmeal;1
granul;1
garden style spaghetti sauce;1
foie gra;1
provolone picante;1
one inch thick tuna steak;1
el vanillesuiker;1
g oz arborio rice;1
ounce containers mascarpone cheese;1
tb garlic;1
pencil;1
head kale;1
tender wheat flour;1
whole hazelnut;1
pasta roller;1
bunches arugula;1
c pecorino;1
sparerib;1
low sodium pizza sauce;1
mild goat cheese;1
redpack tomato sauce;1
low fat spaghetti sauce;1
gel;1
plain goat cheese;1
onion stir fry;1
semolina orecchiette;1
yellow pear tomato;1
julienne carrot;1
bundle thyme;1
basic marinara sauce;1
activate;1
serrano chil;1
ml cream;1
g ripe tomato;1
whole black oliv;1
bulk italian pork sausage;1
right consistency;1
w kidney bean;1
box betty crocker super moist french vanilla cake;1
ferrara jumbo shell;1
mani italian sausage;1
c carrot;1
plain yogurt;1
sweet pickl;1
envelope vegetable soup;1
beef shank bon;1
c pine nut;1
low heat;1
rice chex;1
c tomato puree;1
free rotini;1
collard;1
shortcut guanciale;1
boneless leg;1
ounce bags mozzarella cheese;1
lare;1
traditional chicken broth;1
xa teaspoon xa kosher salt;1
grams feta;1
additional reduced sodium chicken broth;1
soft cream cheese;1
olive oil drizzle;1
boneless turkey breast;1
quick tomato sauce;1
jumbo lump crab;1
lacinato kale leaf;1
good marinara sauce;1
oaxaca cheese;1
nbsp gaeta;1
head butter lettuce;1
l knorr rundvleesbouillon;1
high fat;1
flake sea salt;1
c bell pepper;1
short length;1
tiny chip;1
full length graham cracker;1
veal chop;1
batch marsala pastry cream;1
course salt;1
scrap;1
containers chicken broth;1
whole wheat panko;1
lb mozzarella cheese;1
finger eggplant;1
corn grit;1
gram pecorino cheese;1
nasturtium butter;1
acquerello carnaroli risotto rice;1
serving;1
organic marinara sauce;1
t honey;1
cornbread;1
brisket bon;1
potato roll;1
beet green;1
yellow xa onion;1
chiocciole;1
c low sodium chicken broth;1
t batch homemade ricotta gnocchi;1
horseradish mustard;1
genovese basil leaf;1
salt free italian;1
tablespoons olive oil;1
whole brown rice lasagna noodl;1
well shaken buttermilk;1
i couldn t;1
teaspoons gram;1
envelope spaghetti sauce;1
u size;1
boston butt;1
c celery;1
pepper garlic sauce;1
shelf stable stuff;1
lenthwise;1
sure i;1
splash;1
micro egg;1
italian peasant bread;1
french vanilla cake;1
thai chile;1
free vanilla;1
applesauce;1
ball mozzarella di bufala;1
oz spaghetti;1
arm roast;1
chambord liqueur;1
bountiful green;1
spicy arrabbiata sauce;1
fettucini;1
c gluten free bread crumb;1
regular lemon juice;1
gold onion;1
hot pepper sauce;1
perzik;1
individual serving;1
gluten free marinara sauce;1
ripe roma tomato;1
soft mozzarella;1
gorgonzola polenta;1
honey ham;1
use premade;1
navel orange;1
campenelle pasta;1
acacia honey;1
roast breast;1
chees mozzarella stick;1
andouille sausage link;1
pasta sauce container;1
meatless breakfast patty;1
pie;1
scheutje bertolli classico olijfolie;1
turnip top;1
ranch style;1
vegan brand;1
barbera;1
c cocoa powder;1
westphalian ham;1
additional basil leaf;1
linguini fini;1
beef schnitzel;1
garlic herb;1
asian fish sauce;1
heirloom variety vine ripe tomato;1
teardrop tomato;1
oz cans san marzano tomato;1
amarena cherry;1
store bought cheese tortellini;1
caviar;1
rotisserie chicken breast;1
extra parmesan cheese;1
cinnamon stick;1
imitation rum;1
green swiss chard;1
bunch tuscan kale;1
mild provolone cheese;1
thinli;1
splashes olive oil;1
cans italian tuna;1
reduced fat cream cheese;1
bayleaf;1
other;1
christopher ranch;1
delallo pesto;1
duck fat;1
stevige tomaten;1
rectangular pizza dough;1
s tomato sauce;1
turkey thigh;1
percent greek style yogurt;1
cans roma plum tomato;1
ripe beefsteak tomato;1
whole turkey breast;1
cups arborio rice;1
tbsp;1
pasta dish;1
mccormick parsley;1
coconut water;1
stuff;1
oxtail;1
xa tomato paste;1
ounce container mascarpone cheese;1
el grand marnier;1
cans spinach;1
ball buffalo mozzarella;1
wholemeal bread crumb;1
store bought pasta sauce;1
nbsp sprig;1
love garlic;1
red peppercorn;1
gr penne;1
hollow pasta;1
traditional basil;1
whole wheat pearl couscou;1
tcup water;1
ounce box jumbo pasta shell;1
cheerio;1
inch length;1
basil mayo;1
tortiglioni pasta;1
tender fennel frond;1
storebought pizza sauce;1
jovial einkorn spaghetti;1
fregula;1
ozs brussels sprout;1
tl bertolli pesto genovese;1
pear nectar;1
carrot water;1
drage;1
veal demiglace;1
day old country style bread;1
yellow polenta;1
rijpe tomaten;1
deer meat;1
chicken italian style;1
pungent cheese;1
egg beaters egg substitute;1
regular breadcrumb;1
classic vegan tomato sauce;1
meatless tomato sauce;1
container mascarpone;1
ramen noodl;1
yellow corn tortilla;1
evoo test;1
milligram;1
extra sauce;1
c tomato paste;1
applewood bacon;1
plank;1
pints ricotta cheese;1
sweet heirloom tomato;1
delallo prosciutto;1
favorite sauce;1
regular butter;1
red leaf lettuce leaf;1
chicken breat;1
thick whole milk ricotta cheese;1
t onion powder;1
reggiano;1
peach syrup;1
whole oliv;1
san daniele prosciutto;1
whole walnut;1
chicory;1
process cheese sauce;1
percent fat milk;1
g spaghetti linguini;1
toothpick;1
barbecue;1
tbsp milk;1
natural pork sausage;1
italian style cheese blend;1
wish bone creamy italian;1
yellow food coloring;1
oscar mayer bacon;1
white meat chicken;1
caramel sauce;1
c whole milk ricotta;1
turkey mince;1
whole verona radicchio;1
non alcohol option;1
cheese drawer;1
udi;1
box spaghetti;1
grated;1
amaretti;1
xa finely xa;1
leaf basil;1
nyon;1
tbsps olive oil;1
stalks scallion;1
such basil;1
cans pimiento;1
whole milk low moisture mozzarella;1
kaa;1
whole wheat spaghettini;1
cans roma tomato;1
garlic peel;1
calf liver;1
fruit syrup;1
good quality bread;1
barilla brand;1
and xa core;1
yellow sweet onion;1
cubanelle;1
whole wheat blend spaghetti;1
crispy;1
spicy italian turkey sausage;1
earth balance butter;1
beef grass fed organic;1
pastry cream;1
color mini pepper;1
cocktail bread;1
elk burger;1
mccormick thyme leaf;1
colavita balsamic glace;1
perdue chicken thigh;1
classic italian bread;1
lump crabmeat;1
ore ida brand;1
head fennel;1
daiya shred;1
tomato garlic pasta sauce;1
cashew;1
solid tuna;1
parts beef;1
sauvignon sauce;1
comparison;1
free pasta sheet;1
yellow bean;1
fregola sarda;1
cook noodl;1
sheets no boil lasagna;1
whole wheat panko bread;1
cannelloni sheet;1
rustic french bread;1
light beer;1
perugina;1
handful arugula;1
links turkey italian sausage;1
sesame semolina bread;1
snapper fillet;1
anise powder;1
eetlepels bertolli pesto alla genovese;1
herb cheese;1
halved;1
piece salt;1
broccoli stalk;1
spicy italian sausag;1
magere kwark;1
double crust;1
vanilla pastry cream;1
favorite oliv;1
bone in chicken thigh;1
sparkle;1
one inch cooky;1
sub water;1
dreamfields lasagna;1
omit;1
spaghetti marinara sauce;1
spicy v juice;1
ml coffee;1
pizza salami;1
lack pepper;1
paneer;1
vermont creamery brand;1
polenta prepar;1
kraft light mayonnaise;1
progresso balsamic vinegar;1
dozen cockl;1
oz envelop;1
delallo cannellini bean;1
laurentiis genovese basil pesto;1
bread yeast;1
lid;1
matzo;1
pork shank;1
boule;1
tb part skim ricotta cheese;1
beef mince;1
italian salami;1
tvp;1
cheese takeout pizza;1
raw rice;1
rotel tomato;1
delallo marinara pasta sauce;1
nicoise oliv;1
green sicilian oliv;1
cherry juice;1
splenda;1
simple tomato sauce;1
chili bean;1
grams pecorino romano cheese;1
cointreau;1
tartufata;1
bas;1
basil walnut pesto;1
teentje knoflook;1
milkfat;1
red enchilada sauce;1
medley;1
stalk fennel;1
meyer lemon zest;1
container nonfat cottage cheese;1
whole wheat fettuccine;1
cherrystone clam;1
rustic countrystyle bread;1
tso salt;1
hand cheese;1
young ramps leaf;1
links italian sausage;1
t vanilla;1
box pasta;1
chunky spaghetti sauce;1
nbsp thicknes;1
creole style;1
mild grass fed beef sausage link;1
size head;1
white cheese;1
rice cereal;1
calory;1
inch thick baguette;1
grain risotto rice;1
perch;1
young pecorino;1
chunky;1
white stale bread;1
good mother stallard bean;1
abruzzese;1
bay;1
best quality tomato sauce;1
squid tentacl;1
mini pasta shell;1
friendly marinara sauce;1
favorite bread;1
italian deli meat;1
strong espresso;1
savoiardi cookie;1
aisle;1
cacio di roma cheese;1
fat anchovy fillet;1
zucchini pasta;1
free bread;1
carton sour cream;1
northern white bean;1
tamarack cellars firehouse;1
rozijnen;1
onion marinara;1
fresno chile;1
sprig sage;1
mediterranean meatball;1
nozzle;1
wide ribbon pasta;1
colavita pinot grigio;1
lbsjumbo shrimp;1
creamy alfredo sauce;1
pork shoulder roast;1
cubano chile pepper;1
g oz rocket;1
submarine roll;1
easy direction;1
links italian sausag;1
psyllium husk;1
raspberry vinegar;1
oz cans canellini bean;1
turkey italian sausage link;1
cup gms vegan mascarpone cheese;1
ginger garlic paste;1
garlic bulb;1
mozzarella garlic bread;1
sorbet;1
tablespoons butter;1
syrupy kind;1
low fat sour cream;1
grapefruit juice;1
easy bake yeast;1
teaspons oregano;1
calamata;1
mushroom scrap;1
batch pizza dough;1
less sodium beef broth;1
xa cup xa pesto;1
crescenza cheese;1
sherry wine vinegar;1
insid;1
free sour cream;1
crescenza stracchino cheese;1
natural goodness chicken broth;1
boneless sirloin;1
inch piece parmigiano reggiano cheese rind;1
free feta cheese;1
veggie meat;1
walnuts pecan;1
ready lasagna sheet;1
c canola oil;1
regular basil;1
c part skim mozzarella cheese;1
trimmed;1
butter pickl;1
uf f t pkg tricolor pasta;1
lemon verbena;1
sweet sherry;1
leafy;1
firm eggplant;1
gr bechamel sauce;1
skim ricotta;1
italian flour;1
clean dish towel;1
imperial sugar brand;1
red desiree potato;1
tub ricotta cheese;1
york steak;1
creminelli sopressata italian salami;1
brown rice pasta;1
low fat cheddar cheese;1
oounces boneless beef chuck roast;1
elbow pasta;1
arborio risotto rice;1
bellino risotto;1
ounce cans italian style tomato;1
second puls;1
pastry flour;1
short tubular pasta;1
cor;1
medium size zucchini;1
tarragon vinegar;1
heirloom tomato sauce;1
c acquerello carnaroli rice;1
dreamfields penne;1
black kalamata oliv;1
grain rice;1
sunflower sprout;1
onion cream cheese;1
lime zest;1
gaeta oliv;1
veal fillet steak;1
envelope lipton recipe secrets beefy onion soup;1
grams tagliatelle pasta;1
favorite meatball recipe;1
foods section;1
store bought ravioli;1
thin slice rye bread;1
loav;1
thick ring;1
excess water;1
mexican chorizo;1
breyers coffee ice cream;1
soft french bread crumb;1
curry leaf;1
lb penne pasta;1
standard wine glas;1
day;1
ronzoni penne rigate;1
litre cr me fra che;1
envelope lipton recipe secrets vegetable soup;1
banana pepper ring;1
strawberry yogurt;1
meat ball;1
bottle alfredo sauce;1
additional olive oil;1
soft peak;1
pesto garlic bread;1
hot;1
basic basil pesto;1
ladyfinger biscuit;1
g button mushroom;1
limoncello liqueur;1
loaves semolina bread;1
blue corn tortilla chip;1
phyllo sheet;1
bunch flat leaf parsley;1
caciocavallo;1
delallo instant polenta;1
spicy tomato sauce;1
potje witte bonen;1
mild banana pepper ring;1
beef cutlet;1
shark steak;1
vegan mozzarella cheese;1
do a elena;1
wild clam;1
roman style pizza crust;1
solid white albacore tuna;1
g pecorino;1
olivieri lasagna sheet;1
pineappl;1
oz can roma tomato;1
light rye bread;1
lowfat mozzarella cheese;1
department;1
oz pecorino romano cheese;1
hard sausage;1
midi baguette;1
cento cherry pepper;1
natural buttery;1
tobasco sauce;1
carton lite ricotta cheese;1
cappicola ham;1
taleggio;1
rotini corkscrew pasta;1
sicilian oliv;1
gran marnier;1
g penne pasta;1
i pint cherry tomato;1
sliced xa into inch;1
gluten free vegetable stock;1
ounce bag spinach;1
fat garlic;1
black cod fillet;1
crisp crouton;1
dark chocolate candy bar;1
fajita;1
chunk parmesan;1
palm oil;1
soft cheese;1
whole wheat pasta noodl;1
chunky breadcrumb;1
bertolli riserva marinara;1
envelop;1
bacon dripping;1
lb chicken breast;1
big black oliv;1
flat lasagna noodl;1
burger style crumbl;1
etc you;1
monosodium glutamate;1
wild boar;1
skewer;1
crumbl;1
g orecchiette;1
squirt;1
light sour cream;1
dark lager;1
food;1
beef bon;1
flavorful oliv;1
concentrate;1
twirl;1
morningstar farms meal starters veggie meatball;1
bulghur wheat;1
cheese cream;1
gluten free spaghetti;1
artisanal style bread;1
non fat cottage cheese;1
substitute puree;1
onion mixture;1
julienne cut fennel bulb;1
stalks tuscan kale;1
handfuls arugula leaf;1
progresso artichoke heart;1
kleine stokbroden;1
sprig thyme;1
double crust pie;1
whole yellow bell pepper;1
head cabbage;1
don t;1
season salt;1
pork butt;1
surface area;1
delallo mini potato gnocchi;1
squid ink linguine pasta;1
espresso any coffee;1
tbls basil leaf;1
knorr beef flavor bouillon;1
tomato basil variety;1
parmiggiano reggiano cheese;1
leftover spaghetti sauce;1
thick asparagus stalk;1
grams sugar;1
cheese crouton;1
red sauce;1
broccoli raab;1
bottle beer;1
perciatelli;1
el suiker;1
deli pepperoni;1
chunky tomato pasta sauce;1
flageolet bean;1
creami tast;1
good bread;1
halloumi cheese;1
ramekin refrigerate;1
teaspoon italian;1
ranch dip;1
exotic mushroom blend;1
liquid egg whit;1
dark chocolate shaving;1
lemon pie;1
parsley paste;1
gala appl;1
heavy pur e;1
garlic clov;1
fruit vinegar;1
castelvetrano oliv;1
bittersweet cocoa powder;1
quinoa pasta;1
whole grain orzo;1
pheasant;1
ounce swordfish steak;1
meaty;1
tb caster sugar;1
demerara;1
whole mushroom;1
durum wheat semolina;1
meatball starter;1
cupswheat flour;1
l water;1
gold medal flour;1
aubergine;1
beef tenderloin;1
individual on;1
good quality tomato puree;1
liter vegetable broth;1
israeli couscou;1
cumin powder;1
seedy center;1
dark chocolate cocoa powder;1
lowfat;1
instant potato;1
mccormick;1
fusili pasta;1
recipe tomato basil sauce;1
black plum;1
fennel head;1
waffle;1
good rustic bread;1
whole wheat bread dough;1
elderflower liqueur;1
qt vegetal stock;1
gram kikkererwten;1
center cut pork loin chop;1
chicken breast meat;1
pork stock;1
shots vodka;1
olive bruschetta;1
gesneden boerenkool;1
manicotti pasta shell;1
bag pizza blend cheese;1
tomato alfredo sauce;1
fat free sour cream;1
red grape tomato;1
french bread roll;1
stale crusty bread;1
italian market;1
use panko;1
sugar sauce;1
g mascarpone cheese;1
tb caper;1
sponge finger;1
g best quality ricotta cheese;1
reduced fat mozzarella cheese;1
smooth pasta sauce;1
delallo provolone cheese;1
extra cheese;1
colour;1
oily black oliv;1
oz pepperoni;1
young pecorino romano cheese;1
loui;1
picante sauce;1
montrachet;1
french salad;1
ounce envelope;1
fontina cheeses sauce;1
bulbs spring garlic;1
didn t use;1
white grit;1
tins plum tomato;1
vegan anymore;1
erythritol;1
beef shoulder;1
xa cup xa frozen pea;1
cups gram;1
whole cherry tomato;1
rucola;1
c ricotta;1
butter cut;1
pepperocinis banana pepper;1
g parmesan cheese;1
milk chocolate block;1
lemon curd;1
lasagna noodle;1
individual pizza;1
bottles italian style salad;1
key lime juice;1
mango salsa;1
gr mozzarella cheese;1
ears corn on the cob;1
thick cut prosciutto;1
plastic freezer bag;1
beach diet;1
cantaloup;1
italian liquor;1
rasp;1
flat pasta;1
nutmeg xa see;1
cal;1
fruity kind;1
italian style chicken sausage link;1
lattice top py;1
pint sour cream;1
c mascarpone cheese;1
skin removed;1
basil leaves chiffonade;1
salad leaf;1
aceto tradizionale balsamic vinegar;1
sponge biscuit;1
chocolate bar;1
g feta cheese;1
cherry tomato sauce;1
teaspoon nutmeg;1
garlic juice;1
cool place;1
tender arugula leaf;1
moon mountain vodka;1
balls buffalo mozzarella;1
chili pur e;1
reduced fat provolone cheese;1
oven ready lasagne noodl;1
ounce exotic mushroom blend;1
lettuce heart;1
tuscan kale;1
crisp ladyfinger cooky;1
heads lacinata kale;1
sweet gorgonzola cheese;1
cake batter;1
petite;1
own tomato sauce;1
favorite gluten free pasta;1
mushroom and olive pasta sauce;1
tough core;1
cheese blend cheese;1
gourmet mushroom;1
nasoya;1
parmagiano reggiano rind;1
fat italian;1
ounce cans tomato paste;1
teaspoon ml rum;1
fat parmesan style;1
bakery bread;1
amaretto cooky;1
cans cannellini xa bean;1
french sandwich roll;1
coho salmon;1
gram mozzarella;1
ripe tomato pizza sauce;1
xa tbsp butter;1
artisan variety;1
tilapia;1
heavy double cream;1
barefoot wine cabernet sauvignon;1
pork liver;1
use italian;1
cake yeast;1
omega egg;1
container fat free ricotta cheese;1
brummel;1
cans pelati tomato;1
good american bacon;1
weight tomato paste;1
eggplant ravioli;1
burrito size flour tortilla;1
pork pepperoni;1
room temperature water;1
sirloin tip;1
beef consomm;1
egg pasta sheet;1
malfaldine pasta;1
bertolli creamy alfredo sauce;1
wild rice;1
green leek leaf;1
mccormick montreal steak;1
style tomato paste;1
bruschetta;1
good mozzarella cheese;1
sugar pumpkin;1
gluten free king arthur flour;1
ck mondavi cabernet sauvignon;1
san marzano brand;1
easy chunky tomato sauce;1
white fish;1
virginia brand ham;1
inch chunk;1
favorite meatless pasta sauce;1
deli turkey breast;1
gr;1
g lb oz courgett;1
cow s milk;1
garlic herb feta;1
jarlsberg;1
big sage leaf;1
g pumpkin;1
noodle size;1
tins cannellini bean;1
organic bell pepper;1
low moisture whole milk mozzarella cheese;1
tube polenta;1
nescafe;1
bit chunky;1
fig balsamic vinegar;1
fennel pollen;1
garlic parmesan sauce;1
balsamic salad;1
brussels sprout leaf;1
inactive prep time;1
squeeze lemon juice;1
quorn sausag;1
kale walnut pesto;1
whole millet;1
bunch chard;1
lemon wedge;1
cento;1
box dreamfields penne rigate;1
tea biscuit;1
raw agave nectar;1
alphabet pasta;1
free white bread;1
potatoes hash brown;1
beet leaf;1
homemade chunky tomato sauce;1
use sargento;1
g pine nut;1
goodnes;1
container light ricotta cheese;1
classic italian style meatball;1
bel gioso tiramisu mascarpone cheese;1
aioli;1
codfish;1
italian style tomato;1
strong white flour;1
medium;1
style tomato sauce;1
g anchovy;1
sweet basil pasta sauce;1
g veggie style parmesan cheese;1
skippi natur super chunk peanut butter;1
ansjovisfilet;1
eggplant cut;1
handvol zwarte olijven;1
slaw;1
c vegetable broth;1
filippo berio olive oil;1
soymilk;1
g salt;1
cassi;1
box fudge marble cake;1
delicious tomato sauce;1
nielsen massey vanilla bean paste;1
pizza blend;1
tsps olive oil;1
batch homemade lasagna noodl;1
buttermilk ricotta;1
sugar cane;1
small;1
wheat germ;1
c italian bread crumb;1
carton mission fig;1
g chorizo;1
parma rosa sauce;1
good quality variety;1
vegan parm;1
pecorina cheese;1
locatelli;1
mccormick italian;1
bocconcini mozzarella ball;1
chunk salami;1
batch arugula pesto;1
fernet branca;1
excess liquid;1
gluten free chicken stock;1
chocolate liqueur;1
cm chunk;1
cl;1
round beef;1
c italian salad;1
cans garbanzo bean;1
bunashimeji;1
bittersweet chocolate shaving;1
sodium fat free chicken broth;1
bittersweet chocolate chip;1
kirby cucumber;1
xa tsp olive oil;1
francesco rinaldi pasta sauce;1
raw king prawn;1
smoother bottom;1
snail;1
substitute flank steak;1
torpedo roll;1
peanut butter chip;1
baharat;1
ricotta mixture;1
fin;1
regular salt;1
crostata;1
c provolone cheese;1
crystal farms butter;1
tallow;1
soprassata salami;1
mccormick oregano leaf;1
spinach pasta;1
cupsweet marsala wine;1
gemelli;1
savory pot roast;1
honey gold potato;1
cashew butter;1
krop sla;1
focaccia bun;1
sweet bermuda onion;1
pkgs bellino gnocchi;1
percent fat;1
pasta pizza sauce;1
heavy crust;1
cervasi spaghetti pasta;1
zucchini blossom;1
white cheddar;1
country style italian bread;1
whiskey;1
mild tomato basil pasta sauce;1
molen;1
pepperidge farm;1
gm beef mince;1
pints vanilla ice cream;1
nondairy;1
ball mozzarella cheese;1
mince;1
simple crostini recipe;1
regular lemon peel;1
additional pasta sauce;1
veal escallop;1
low sodium store bought;1
pole caught tuna;1
tobasco;1
cento pignoli nut;1
boneless flank steak;1
parmigiano regianno;1
ml butter;1
use muir glen;1
sauce cling;1
w herb;1
natural chicken stock;1
table caper;1
chunk parmesan rind;1
shortcrust pastry;1
chocolate leaf;1
back;1
harissa paste;1
sweet chocolate;1
strip;1
cherry syrup;1
original juice;1
whole pack tomato;1
cilantro pesto;1
wild mushroom ravioli;1
mascarporne cheese;1
coffee creamer;1
field pea;1
calabrese sausage;1
sieve;1
semi sweet chocolate bit;1
cranberry sauce;1
all natural bacon;1
stonewall kitchen apple cranberry chutney;1
x g tins plum tomato;1
rosetto;1
good quality chicken stock;1
tj s canola oil;1
tablespooon sugar;1
whole grain vegan bread;1
ounce onion;1
archer farms italian chicken sausage;1
g basil leaf;1
dreamfields spaghetti;1
wrung;1
buffalo meat;1
dark leafy green;1
bottle fat free marinara pasta sauce;1
shard;1
xa tablespoons xa bread crumb;1
no bake;1
garam masala;1
chiffonade basil leaf;1
crusty french bread;1
organic traditional sauce;1
buttermilk ranch;1
kalmata oliv;1
golden delicious appl;1
splash milk;1
costco kirkland brand;1
wineglasses chianti;1
whole wheat french bread baguette;1
head radicchio lettuce;1
balls good quality mozzarella;1
lite;1
crusty italian roll;1
vegetarian parmesan cheese;1
beef solar blade;1
fish meat;1
anchovy oil;1
pacific foods polenta;1
paper towel;1
sweet potato gnocchi;1
chimichurri;1
backyard tomato;1
round sandwich bun;1
veal shoulder;1
xl egg;1
pepper liquid;1
optional;1
day old rustic bread;1
crusty french baguette;1
cans chickpea;1
kahl a;1
medium grind bulgur;1
medium size plum tomato;1
pecorino cheese micro plane;1
coffee dip;1
traditional spaghetti sauce;1
block mozzarella cheese;1
basil arugula pesto;1
chunk provolone cheese;1
favorite dough;1
crab;1
flesh;1
non dairy creamer;1
tbsps italian;1
gr panklare sperziebonen;1
boneless turkey breast cutlet;1
store bought aioli;1
whole turkey;1
white chocolate chip;1
scallopini veal;1
l passata;1
chow mein noodl;1
albacore;1
pretzel;1
ritz u b garlic butter cracker;1
root;1
lemon ricotta;1
tuttorosso;1
no bake variety;1
additional hard cheese;1
fern;1
mini;1
garden pea;1
mafalda pasta;1
chicken leg quarter;1
tomato vinaigrette;1
whole wheat country bread;1
chocolate zabaglione;1
g mushroom;1
pork italian sausage;1
green grape;1
free buttery;1
french xa bread;1
instant chocolate;1
mixed herb gremolata;1
black tea;1
wedge parmesan;1
pepper onion blend;1
great northern white bean;1
bulk italian style pork sausage;1
italian prosecco;1
action yeast;1
oz full fat ricotta cheese;1
chili paste;1
okra pod;1
nettl;1
cream style corn;1
fresh cut italian parsley;1
rice krispies cereal;1
ml bottles cabernet sauvignon;1
almond ice cream;1
prosciutto end piece;1
curd;1
oz cans cannellini bean;1
white quinoa;1
c butternut squash;1
good way;1
julienne cut;1
t blood orange;1
original breadstick;1
parmigianno reggiano;1
parmesan cheese see;1
tomato scrap;1
crusty country bread;1
sheeps milk ricotta cheese;1
red pepper tomato sauce;1
basil laves torn;1
sargento;1
lobster tail meat;1
vanilla yogurt;1
clear vanilla;1
williams sonoma pecorino romano pasta sauce;1
chives potato;1
favorite pesto;1
extra smooth ricotta;1
wild arugula;1
japanese cucumber;1
marshmallow;1
mezzetta napa valley homemade pasta sauce;1
extra cheesy;1
tapenade;1
all natural cheese tortellini;1
ham steak;1
cook drain pasta ziti;1
kraft mozzarella cheese;1
whole wheat fusilli;1
form casing;1
flinters parmezaanse kaa;1
polly o;1
grissini;1
twine;1
original ranch;1
pork fat;1
whole peppercorn;1
bitter gall;1
burghul;1
oz fontina cheese;1
red swiss chard;1
ev olive oil;1
dutch process cocoa powder;1
shelf stable gnocchi;1
organic carrot;1
mandolin;1
sumac powder;1
butter flavor;1
g cauliflower;1
xa cups xa heavy cream;1
delallo brand;1
inch cm;1
delallo italian pizza dough kit;1
french mustard;1
italian whit;1
whole eggplant;1
chees pasta sauc;1
stracchino cheese;1
oz orecchiette pasta;1
thai fish sauce;1
handful caper;1
spinach spaghetti;1
heads iceberg lettuce;1
salt chicken broth;1
wholewheat;1
halibut steak;1
pesto genovese;1
firm ripe tomato;1
italian cherry tomato sausag;1
tortellini pasta;1
noodle;1
italian sandwich roll;1
stonefire artisan flatbread;1
premade pizza sauce;1
radiatori;1
clovess garlic;1
peppadew pepper;1
orange marmalade;1
hearty italian country bread;1
t egg yolk;1
breakfast sausage link;1
ts sugar;1
t apple cider vinegar;1
bacon fat;1
seitan;1
similar vegetarian alternative;1
breakfast sausage patty;1
chocolate sprinkl;1
good quality prosciutto;1
wheat cracker;1
citric;1
fruity taste;1
recipe chunky tomato sauce;1
soften;1
website;1
low fat turkey sausage;1
fresh cut oregano;1
bottl;1
leaves use;1
hard tip;1
italian blood orange soda;1
bunch cavolo nero;1
provolone chees;1
red bartlett pear;1
pasta macaroni;1
washed;1
rosemary needl;1
cups gr italian tomato sauce;1
cook lasagna noodl;1
sheep ricotta;1
box dreamfields spaghetti;1
black pepper biscotti;1
raspberry couli;1
vegetable marinara;1
whole cashew;1
parmesean cheese;1
cashew cr me fra che;1
stromboli dough;1
g streaky bacon;1
suggestion;1
bottle fat free marinara sauce;1
cervasi bowtie pasta;1
spelt spaghetti;1
red bells pepper;1
slender baguette;1
delallo orzo;1
castelvetrano;1
extra lemon;1
red pepper ak;1
wholewheat fusilli;1
bunch dinosaur kale;1
pork belly;1
wish bone house italian;1
tuna fillet;1
orange blossom honey;1
red wine money;1
chees rosa sauc;1
xa italian sausage link;1
blck peppercorn;1
oz container ricotta cheese;1
honeysuckle farms turkey sausage;1
cocktail sauce;1
san marzano tomato puree;1
size zucchini;1
sweet cherry tomato;1
ingredient;1
tonic water;1
bone in chicken leg quarter;1
xa tablespoon xa olive oil;1
tortilla wrap;1
italian cream cheese;1
firm whitefish fillet;1
wheat thins cracker;1
pork leg;1
cake crumb;1
portion;1
baton;1
lavender leaf;1
grams parmesan;1
cup ml soy milk;1
sweet cherry pepper;1
ounce containers part skim ricotta cheese;1
parmensan cheese;1
whole head;1
havarti;1
roast deli turkey breast;1
locatelli cheese;1
sweet white wine;1
posole;1
cartons chicken broth;1
roasted;1
yellow pea;1
turkey pepperoni;1
beef ju;1
handfuls tortilla chip;1
sugar tomato sauce;1
tbsp caper;1
chive cream cheese;1
arrowroot flour;1
toscano kale;1
regular tomato paste;1
pompeian balsamic vinegar;1
lasagnebladen;1
delallo pomodoro fresco tomato basil pasta sauce;1
burger;1
g pecorino cheese;1
jalape o pepper;1
g parsley;1
ounce tube polenta;1
garlice;1
punnet cherry tomato;1
vegetable juice;1
spicy red wine;1
good quality ricotta cheese;1
tablespoon xa tomato paste;1
great northern;1
box jumbo shell;1
adobo;1
balsamico;1
whole wheat rotini pasta;1
soft interior;1
tomato mozzarella salad;1
ounce container part skim ricotta cheese;1
red chile glak;1
pepperocini ring;1
caperberry;1
container polly o ricotta cheese;1
c pasta sauce;1
c spinach leaf;1
duck sausag;1
corn chip;1
halibut;1
seville;1
fig grower;1
lean;1
organic sugar;1
chicken parmesan breast;1
sliced;1
mozzarella pearl;1
cage free;1
quick pizza sauce;1
organic whole wheat farfalle pasta;1
g tomato paste;1
fresno chil;1
imitation crabmeat;1
fennel green;1
york style garlic parmesan panetini;1
low sodium chicken base;1
veal demi glace;1
sweet rice flour;1
light mozzarella;1
el olijfolie;1
serrano pepper;1
rosemary pin;1
table sultanas sultana;1
good red wine vinegar;1
thai basil;1
raisin bread;1
bunch cilantro;1
pesto ingredient;1
shredded xa mozzarella xa cheese;1
sodium pinto bean;1
bunch dill;1
spicy barbeque sauce;1
gram sperzieboontj;1
good balsamic vinegar;1
summer basil cream sauce;1
pine nuts walnuts almonds cashew nut;1
mineral water;1
flatout flatbread;1
lower salt chicken broth;1
tender celery stalk;1
crusty french;1
flat country bread;1
pepperidge farm puff pastry sheet;1
thick sliver;1
style hash brown;1
matchstick;1
sartori sarvecchio parmesan cheese;1
pickle spear;1
boneless rotisserie chicken breast meat;1
fat goat cheese;1
white peach;1
anna perciatelli;1
part skin mozzarella cheese;1
chef s knife;1
white truffl;1
kick;1
grueyere;1
mean;1
whole grain lasagna noodl;1
boneless center cut loin pork chop;1
sodium kidney bean;1
valley farmhouse originals homestyle italian;1
bundle asparagu;1
sartori bellavitano gold cheese;1
additional seasoning;1
ripe italian prune plum;1
dl halfvolle melk;1
gaeta;1
ripe lemon;1
nbsp cheese;1
acorn squash;1
ricotta impastata;1
ricotta gnocchetti;1
soy;1
i blend;1
wafer;1
shell pea;1
whole cow s milk ricotta cheese;1
nutty flavor;1
cavatappi pasta;1
homemade pizza sauce;1
flatten;1
three ingredient marinara;1
bitter cocoa powder;1
c spelt flour;1
plain gelatin;1
aborio rice;1
deep dish spinach pizza;1
pastry;1
c kale;1
natural bay leaf;1
takjes verse basilicum;1
slender asparagu;1
leek stalk;1
lamb chop;1
ricer;1
bone romano basil vinaigrett;1
parmigiano regiano;1
classic white sandwich bread;1
citrus vanilla compote;1
box krusteaz italian herb flatbread mix;1
hormone free chicken breast;1
c espresso;1
ea;1
octopus;1
stale rustic bread;1
organic pasta sauce;1
sheets pane carasau;1
day old sourdough bread;1
turnip;1
phyllo pastry;1
tomatoes san marzano;1
hard ladyfinger;1
edible flower;1
brown button mushroom;1
meatball ingredient;1
italian blend;1
xantham gum;1
knorr italian side creami garlic shell;1
soft roll;1
creamy style;1
navy;1
spicy salami;1
amaranth;1
parmezaanse kaa;1
oregon truffle oil;1
red beet;1
t lemon juice;1
envelope fleischmann s pizza yeast;1
use spinach;1
stick celery;1
sugar free vanilla;1
gluten free oat;1
fat free italian salad;1
round angel food cake;1
stonefire tandoori garlic naan;1
mccormick paprika;1
whole grain linguini;1
olive bar;1
grape juice;1
free spaghetti;1
coffee ice cream;1
high quality ricotta cheese;1
super;1
cento tomato paste;1
bison;1
parmigiano reggianno;1
gf elbow macaroni;1
sugar free pasta sauce;1
favorite crouton;1
pecorino pepato;1
creamy chicken;1
blaadjes gelatine;1
ready to serve salad green;1
use jack;1
low fat mayonnaise;1
carton;1
fat cheddar cheese;1
good substitut;1
chicken sausage link;1
relish;1
dozen;1
ripe apricot;1
black truffle;1
perciatelli pasta;1
mario batali pasta sauc;1
g tin chickpea;1
uf f tgreen oliv;1
beef meatball;1
garlic bread crumb;1
good mayonnaise;1
pernigotti;1
italian oliv;1
sweet corn kernel;1
parmesan wedge;1
grap;1
tj s basil;1
romano bean;1
green prawn;1
scape pesto;1
fregola grassa;1
spanish chorizo;1
pkg pepperoni;1
favorite marinara;1
cervasi fusilli pasta;1
fatty pancetta;1
bartlett;1
riceselect arborio rice;1
dairy milk;1
perugina chocolate;1
mutti;1
low sodium vegetable stock;1
spicy marinara;1
cheddar cheese soup;1
cans pizza sauce;1
firm roma tomato;1
italian style cheese;1
italian style light tuna;1
tri tip roast;1
heirloom grape tomato;1
kidney;1
seasonal artichok;1
r nonion;1
g oz chestnut mushroom;1
mushroom soup;1
barbeque sauce;1
busy night;1
cabernet;1
black pepper cooky;1
barilla oven ready lasagne;1
soft block;1
sweet chocolate chip;1
r nbalsamic vinegar;1
whole italian tomato;1
pimento pepper;1
wisconsin fontina cheese;1
mushroom risotto;1
ghost pepper;1
truffl;1
yellow potato;1
vegetable broth stock;1
teriyaki marinade;1
king prawn;1
garlic puree;1
whole piece chicken;1
custard;1
root ends removed;1
crawfish;1
free chicken;1
remoulade;1
sprout;1
yellow crookneck squash;1
whole wheat spiral pasta;1
old biscuit;1
good quality cocoa powder;1
green peppercorn;1
orange section;1
creamy lemon caper sauce;1
dumpling;1
c grit;1
capocolla;1
boneless beef top loin steak;1
spinach linguine;1
demerera sugar;1
steamable bag;1
bouillon chicken base;1
beansprout;1
pt cherry tomato;1
handfuls parmesan cheese;1
hedgehog;1
cervasi balsamic vinegar;1
good quality mozzarella;1
coco powder;1
san marzano type;1
supermarket style;1
cacao chocolate chip;1
tbps olive oil;1
day old tuscan style bread;1
saucy;1
artichoke quarter;1
saffron pasta;1
cerignola oliv;1
saltine cracker crumb;1
box instant chocolate;1
sprigs oregano;1
oyster mushroom cap;1
emmenthal cheese;1
bottle fat free italian salad;1
sweet english pea;1
turkey leg;1
perugina bittersweet chocolate;1
g spinach;1
top round sirloin;1
ravioli dough;1
continental parsley;1
tri color rotini pasta;1
smallest grate size;1
short rib bone;1
gr verse zalmfilet;1
dreamfields pasta lasagna noodl;1
melt;1
garlic tutorial;1
low fat cheese;1
seamless dough sheet;1
traditional breadcrumb;1
chicken flavor;1
teaspoon g salt;1
country dijon;1
full fat;1
neufch tel;1
boneless pork loin chop;1
mini phyllo dough shell;1
swordfish;1
grams bread flour;1
chopped xa;1
zelfrijzend bakmeel;1
wild boar scaloppini;1
premium beef mince;1
old country style bread;1
regular orange zest;1
brown rice lasagna noodl;1
non dairy cheese;1
polenta meal;1
green apple cucumber salsa;1
olive oli;1
spinach shell;1
eggplants aubergin;1
organic whole tomato;1
sugar cookie;1
cup xa parmesan xa cheese;1
jumbo shells pasta;1
button mushroom cap;1
hearty white bread;1
pepper monterey jack cheese;1
ball store bought pizza dough;1
pepperocini;1
mini ciabatta roll;1
instant oat;1
el becel dieetolie;1
plain fat free yogurt;1
mezzetta napa valley bistro;1
fat swiss cheese;1
wire whisk;1
drizzle olive oil;1
milano salami;1
cups low fat ricotta cheese;1
daiya mozzarella shred;1
polenta grit;1
cups chicken broth;1
classic red tomato sauce;1
progresso bread crumb;1
vegan margarine;1
low fat chicken broth;1
extra pizza sauce;1
parmigiano reggiano wedge;1
pumpkin pur e;1
house cucumber;1
fruity spanish olive oil;1
tomato basil soup;1
sm cans tomato sauce;1
italian meatball blend;1
woody end;1
butter cracker;1
egg fettucine;1
sweet italian turkey sausage link;1
robiola cheese;1
extra parmesan;1
delallo potato gnocchi;1
lower sodium beef broth;1
additional leaf;1
green sugar crystal;1
v;1
hass avocado;1
great flavor;1
rell bell pepper;1
favorite alfredo sauce;1
sriracha;1
honeysuckle farms turkey sausage link;1
quality chicken stock;1
cans kidney bean;1
favourite pizza sauce;1
sprigs flat leaf parsley;1
bottle italian;1
asagna noodl;1
leaf spinach;1
sorghum flour;1
ounce breast;1
ounce box lasagna noodl;1
litre beef stock;1
chipotle sauce;1
conchigliette;1
tbsp oil;1
tonnarelli;1
moules frit;1
bag potato chip;1
whole grain french baguette;1
naan;1
lardo;1
potato chip;1
jack;1
tub ricotta;1
sandwich size pepperoni;1
malt;1
italian four cheese blend;1
plain bagel;1
organic arborio rice;1
tarragon sprig;1
grasp;1
fresno pepper;1
mexican oregano;1
use fat free;1
center cut salmon fillet;1
organic whole wheat penne rigate;1
tater tot;1
regular spaghetti;1
prepared;1
or;1
panetini;1
individual rib;1
cub;1
sweet apple chicken sausage;1
tamari;1
leaves bay;1
grand size biscuit;1
lb block;1
dinosaur kale;1
scaloppine;1
reduced sodium fat free chicken broth;1
vegan butter;1
pepperoncini salad pepper;1
lt vegetable broth;1
homemade marinara sauce see post;1
whole sprig;1
teentjes knoflook;1
chestnut flour;1
baileys irish cream;1
icy water;1
red grapefruit;1
stalks oregano;1
whole grain spaghetti;1
italian dop san marzano tomato;1
cans anchovy;1
lamb sausag;1
bunches broccoli;1
oil mister;1
white grape juice;1
white pith;1
nasturtium pesto;1
delallo olives jubilee;1
cheek lard;1
lb g spaghetti;1
size butternut squash;1
inch no boil lasagna noodl;1
ultra;1
borlotti;1
whole bell pepper;1
apricots apricot;1
top loin beef roast;1
leaner;1
tomato sauce ingredient;1
wish bone light country italian;1
sartori rosemary asiago cheese;1
mccormick gourmet sicilian sea salt;1
small xa white onion;1
sorta semichunky;1
leafy top;1
prosciutto crudo;1
brooklyn;1
cheesecloth;1
vegetable soup;1
antipasto vegetabl;1
inch stalk rosemary;1
boneless pork butt;1
bay xa xa leaf;1
xa stamen;1
grams semolina flour;1
gumbo;1
garlic skillet sauce;1
montasio cheese;1
silken;1
crossway;1
spinach lasagna sheet;1
black olive;1
crusty sandwich roll;1
chihuahua cheese;1
basil basil;1
batter;1
neck clam;1
ml marsala;1
lb rigatoni;1
basic italian tomato sauce;1
artificial sweetener;1
lemongras;1
xa cup xa whole milk;1
similar pasta;1
rustic italian bread;1
organic gmo free polenta;1
tblsp;1
mild sausage;1
savory italian sauce;1
clear spirit;1
squacquerone cheese;1
pheasant polenta;1
chunky meatless spaghetti sauce;1
accompaniment;1
use gluten free flour;1
red sweet pepper;1
regular fettuccine;1
glug;1
container fat free ricotta;1
angel food cake;1
brown sauce;1
parmigiano reggiano shaving;1
chicken bon;1
italian savoiardi;1
madeira wine;1
refrigerator pizza dough;1
spicy marinara pasta sauce;1
nondairy creamer;1
saucepan;1
pkg;1
container part skim ricotta;1
tuscan pane bread;1
teaspoon salt;1
sodium soy sauce;1
peach nectar;1
gup parmigiano reggiano cheese;1
month;1
italian hoagie roll;1
x ml vegetable chicken stock;1
raw chicken breast;1
discard juice;1
island;1
recipe pizza dough;1
deli mustard;1
poblano chil;1
g beef sausag;1
easy marinara sauce;1
gourmet blend mushroom;1
tbl flour;1
boneless chicken meat;1
t dijon mustard;1
grit;1
assertive flavor;1
tteaspoon italian;1
tablespoon xa hazelnut liqueur;1
zakje knorr toscaanse groentesoep;1
cashew vodka sauce;1
clump;1
local market;1
gram tagliatelle;1
blade c;1
fusilli bucati pasta;1
cento capers nonpareil;1
seedless watermelon chunk;1
uncle steve s marinara sauce;1
gram pijnboompitj;1
italian sausage x casing;1
sideway;1
ounces shiitake mushroom;1
bunch broccolini;1
basilico basil;1
orange blossom water;1
paprik;1
cows milk ricotta;1
box ready to bake lasagna noodl;1
pomi;1
romano parmesan;1
biscotti;1
deli section;1
frankfurter;1
whole grain linguine;1
cannelloni tub;1
crust pizza dough;1
exchange;1
dairy free;1
cans less sodium beef broth;1
coconut amino;1
t pecorino romano cheese;1
sprigs italian parsley;1
great homemade meatball recipe click;1
plum tomato sauce;1
tripe;1
day old tuscan bread;1
g marscapone cheese;1
qt vegetable oil;1
whole wheat elbow macaroni noodl;1
easy homemade pizza sauce;1
rotelle macaroni;1
spinach lasagna noodl;1
boneless pork tenderloin;1
tuscany spice blend;1
whole milk cream;1
favorite cheese;1
king oyster mushroom;1
pizza peel;1
high quality butter;1
reduced fat mayonnaise;1
wood;1
mission fig;1
veg stock;1
lemon butter sauce;1
temp;1
standard eggplant;1
cannelinni bean;1
fat free buttermilk;1
rustic french baguette;1
inner ribs celery;1
tsp;1
nbsp sauvignon blanc;1
pizza counter;1
lite coconut milk;1
grey salt;1
cremini muchroom;1
carnation;1
pre made;1
italian ricotta;1
italian style poultry sausag;1
organic plain flour;1
pork sirloin chop;1
box delallo polenta;1
cream sherry;1
sushi rice;1
bertolli olive oil;1
whole grain english muffin;1
rustic peasant bread;1
medium size carrot;1
c italian parsley;1
scamorza;1
torani syrup;1
refrigerate;1
rosemary garlic crouton;1
delallo tomato paste;1
chocolate shav;1
brea bakery french baguette;1
recipe deep dish pizza dough;1
chervil sprig;1
free range chicken broth;1
s bunch basil;1
pecorino siciliano;1
flinke bos basilicum;1
steak roll;1
ready made pesto;1
cheese italian style chicken sausage;1
quick pomodoro sauce;1
reduced sodium beef broth;1
fresno;1
organic polenta;1
knorr french onion recip;1
box jumbo pasta shell;1
stelle;1
palm sugar;1
pangrattato;1
sausage version;1
blade roast;1
pork neck bone;1
pork shoulder boneles;1
sourdough boule;1
home made pizza dough;1
sucanat;1
navel orang;1
inexpensive beer;1
rest;1
pizza stone;1
tuaca liqueur;1
prosciutto di san daniele;1
crisp lettuce leaf;1
whole pork shoulder;1
box fettuccine;1
sea salt or;1
dreamfields rotini;1
russett potato;1
tomato sauce recipe;1
belgian endive;1
g punnet cherry tomato;1
watercress leaf;1
pint raspberry;1
gnocchi pasta;1
c pepperoni;1
green sweet pepper;1
egg yok;1
italian blend chees;1
low sodium spaghetti sauce;1
breakfast sausage;1
bundle;1
re;1
