panko breadcrumb;1873
salt;1859
egg;1512
garlic;1318
soy sauce;1129
flour;978
pepper;976
olive oil;904
black pepper;900
water;839
butter;837
sugar;809
ginger;784
mirin;771
parmesan cheese;598
sesame oil;554
onion;553
vegetable oil;526
green onion;510
sake;496
rice vinegar;492
sesame seed;461
kosher salt;455
scallion;437
carrot;427
milk;413
oil;395
chicken breast;389
garlic powder;353
parsley;331
mayonnaise;278
honey;272
cheddar cheese;262
lemon juice;255
paprika;242
red pepper;234
corn starch;229
brown sugar;229
sea salt;218
sauce;216
canola oil;214
beef;210
dashi;188
lemon;186
worcestershire sauce;175
dijon mustard;171
chicken;170
nori;168
basil;167
tomato;164
avocado;164
cayenne pepper;159
mozzarella cheese;158
ketchup;148
cilantro;148
egg whit;144
zucchini;142
yellow onion;141
onion powder;141
shrimp;140
spinach;136
oregano;133
cucumber;131
shiitake;130
sriracha;130
rice;128
chiv;125
shallot;125
salmon fillet;123
bread crumb;122
cream cheese;121
low sodium soy sauce;121
thyme;118
mushroom;117
soba noodl;114
paste;112
panko;112
spring onion;112
potato;110
pork;108
chicken thigh;105
bacon;104
chicken stock;99
sushi rice;99
red bell pepper;97
lime juice;96
nutmeg;96
jalapeno chily;94
flat leaf parsley;94
cheese;91
salmon;90
white sugar;89
black sesame seed;89
mustard;88
marinara sauce;88
cabbage;86
shiitake mushroom;86
heavy cream;84
cumin;83
japanese eggplant;81
sour cream;81
udon;81
konbu;80
firm;78
italian;78
eggplant;78
egg yolk;77
gari;76
chicken broth;76
peanut oil;75
whole milk;75
lemon zest;74
ginger root;74
purple onion;73
turkey;72
lime;72
chili powder;71
tamari soy sauce;68
white pepper;68
green bean;67
cauliflower;67
buttermilk;67
celery;65
light soy sauce;65
elbow macaroni;65
white rice;64
garlic salt;63
white wine;62
cream;62
wasabi;61
powder;61
basil leaf;60
broccoli;60
sweet potato;59
rice wine;59
pea;59
asparagu;58
brown rice;55
sodium soy sauce;55
white sesame seed;54
boneless chicken breast;53
parmigiano reggiano cheese;53
pasta;53
daikon;53
soup;51
japanese soy sauce;50
leek;50
extra firm;49
quinoa;48
wasabi paste;48
potato starch;47
bok choy;47
cinnamon;46
dill;46
apple cider vinegar;45
maple syrup;45
tomato paste;44
ramen noodl;44
ranch;44
balsamic vinegar;43
breadcrumb;43
orange juice;42
curry powder;42
vanilla;41
english cucumber;41
chicken finger;41
broccoli floret;41
cilantro leaf;39
white onion;38
soba;38
plain flour;38
ham;38
radish;37
dark soy sauce;37
whole wheat flour;37
tomato sauce;37
nonstick;37
vegetable broth;37
panko bread crumb;37
thyme leaf;37
noodl;37
fish sauce;37
edamame;36
coconut;36
bay leaf;36
red chili pepper;35
rosemary;35
teriyaki sauce;35
parmesan;35
snow pea;35
sweet onion;35
shichimi togarashi;34
hoisin sauce;34
caper;34
old bay;34
white vinegar;34
cayenne;33
nori sheet;33
beansprout;33
swiss cheese;33
vegetabl;32
lump crab meat;32
mozzarella;32
dark sesame oil;32
dark brown sugar;31
ponzu;31
coconut oil;31
caster sugar;31
white cheddar cheese;31
bamboo shoot;31
japanese cucumber;30
coriander;30
togarashi;30
kale;30
silken;30
corn flour;29
tahini;29
vinegar;29
blue cheese;29
short grain rice;29
dashi powder;29
oyster sauce;29
mint;29
goat cheese;29
low sodium chicken broth;29
sweet chili sauce;29
parsley leaf;29
pecan;28
lettuce;28
macaroni;28
soda;28
cherry tomato;28
coconut milk;27
italian style breadcrumb;27
gruyere cheese;27
tuna;26
orange;26
kewpie mayonnaise;26
almond;26
spaghetti;26
pork chop;26
napa cabbage;26
corn;26
chicken wing;26
arugula;26
pork belly;26
plain greek yogurt;25
enokitake;25
chicken tenderloin;25
tilapia fillet;25
chili oil;25
spic;25
cake flour;25
brussels sprout;25
rice wine vinegar;24
button mushroom;24
sage;24
russet potato;24
bread flour;24
sesame;23
appl;23
shoyu;23
sherry;23
spinach leaf;23
japanese mayonnaise;23
black bean;23
cajun;22
wasabi powder;22
light mayonnaise;22
pineapple;22
agave nectar;22
butternut squash;22
leaf;22
cornmeal;22
chickpea;22
wakame;22
low fat milk;22
bbq sauce;21
bell pepper;21
green bell pepper;21
fontina cheese;21
shiso leaf;21
chili paste;21
yukon gold potato;21
horseradish;20
chili sauce;20
herb;20
green tea powder;20
buffalo sauce;20
gochujang base;20
garlic chili sauce;20
japanese rice;20
red cabbage;20
pecorino romano cheese;19
barbecue sauce;19
flank steak;19
green tomato;19
chili;19
wine;19
provolone cheese;19
nutritional yeast;19
low fat buttermilk;19
white wine vinegar;19
green;19
beef stock;19
mustard powder;19
red onion;18
greek yogurt;18
cauliflower floret;18
dashi kombu;18
turmeric;18
beef broth;18
pepper sauce;18
gomashio;18
edamame bean;18
chicken cutlet;18
chili pepper;18
strawberry;18
pasta sauce;18
prawn;17
green cabbage;17
curry sauce;17
tabasco pepper sauce;17
celery rib;17
recipe;17
creole;17
boneless chicken thigh;17
margarine;17
garam masala;17
white mushroom;17
monterey jack;17
peanut;17
gyoza wrapper;17
red wine;17
skim milk;16
reduced fat milk;16
yellow mustard;16
walnut;16
monterey jack cheese;16
rice noodl;16
japanese turnip;16
lettuce leaf;16
portabello mushroom;16
lemongras;16
hamburger bun;16
orange zest;16
cremini mushroom;16
peanut butter;16
broth;15
persian cucumber;15
cider vinegar;15
crab meat;15
crimini mushroom;15
tonkatsu sauce;15
fish;15
pork loin chop;15
green pepper;15
sunflower oil;15
vegetable stock;15
soy milk;15
kimchi;15
pinenut;15
juice;15
sodium chicken broth;15
ginger juice;15
black peppercorn;15
canola;15
yeast;15
beer;15
star anise;15
salad;15
fillet;14
plain breadcrumb;14
pickl;14
white flour;14
marinade;14
spice;14
mango;14
chuck;14
instant yeast;14
ice;14
grape tomato;14
cheddar;14
lime zest;13
japanese rice vinegar;13
white sandwich bread;13
mitsuba;13
ricotta cheese;13
water chestnut;13
scallop;13
furikake;13
tarragon;13
red wine vinegar;13
romano cheese;13
green tea;13
roma tomato;13
steak;13
turnip;13
sweet paprika;13
vidalia onion;13
yellow squash;13
clove;13
sirloin steak;13
egg noodl;13
stock;12
crumb;12
cod fillet;12
chicken leg;12
asparagus spear;12
allspice;12
mint leaf;12
bread;12
satsuma imo;12
filet;12
cod;12
rice flour;12
sugar pea;12
meat;12
salad green;12
cannellini bean;12
feta cheese crumbl;12
pesto;12
sherry vinegar;11
gouda;11
aonori;11
rib;11
brown rice vinegar;11
coriander seed;11
salsa;11
basil pesto;11
liquid smoke;11
plain yogurt;11
jumbo shrimp;11
gluten;11
artichoke heart;11
shiitake mushroom cap;11
chicken thigh fillet;11
mochiko;11
chinese five spice powder;11
safflower oil;11
asiago;11
white bread;11
shiso;11
medium grain rice;11
curry;11
bun;11
sushi grade tuna;11
burger bun;11
seafood;11
flaxseed;11
lemon pepper;11
jasmine rice;10
prosciutto;10
mascarpone;10
free soy sauce;10
cornstarch;10
crabmeat;10
red potato;10
apricot;10
tangzhong roux;10
pork loin;10
soy;10
part skim mozzarella cheese;10
turkey breast;10
watercres;10
table salt;10
green chily;10
macadamia nut;10
shirataki;10
rotisserie chicken;10
seed;10
low sodium chicken stock;10
short rib;10
cashew nut;10
veggy;9
corn kernel;9
buckwheat soba noodl;9
ice water;9
halibut fillet;9
feta cheese;9
pineapple juice;9
sunflower seed;9
pork tenderloin;9
katakuriko;9
arborio rice;9
chicken breast tender;9
kale leaf;9
rib eye steak;9
abura age;9
anchovy fillet;9
cheese ravioli;9
shiro;9
nonfat greek yogurt;9
ramen;9
sambal ulek;9
colby jack cheese;9
artichok;9
slider bun;9
thigh;9
gyoza;9
sweet red bean paste;9
whole grain mustard;9
chicken drumstick;9
plum tomato;9
kelp;9
linguine;9
green pea;9
yellow bell pepper;9
sushi nori;8
honey mustard;8
romaine lettuce;8
squid;8
tilapia;8
kabocha squash;8
chip;8
good olive oil;8
liquid;8
reduced sodium tamari sauce;8
chicken breast fillet;8
imitation crab meat;8
salmon steak;8
mizkan oigatsuo tsuyu soup base;8
sweet rice wine;8
orange marmalade;8
sage leaf;8
buckwheat noodl;8
pecorino cheese;8
cane sugar;8
sardin;8
almond milk;8
oyster;8
boneless pork chop;8
pepper jack;8
beni shoga;8
fennel seed;8
avocado oil;8
broccolini;8
shimeji mushroom;8
thick cut bacon;8
light butter;8
sweet rice flour;7
low fat cheddar cheese;7
cake;7
onion soup;7
crust;7
buffalo meat;7
crosswise;7
whitefish fillet;7
raw honey;7
ginger paste;7
bean;7
thyme sprig;7
wheat;7
hothouse cucumber;7
thai chile;7
whole wheat pastry flour;7
round;7
salad oil;7
oyster mushroom;7
jack cheese;7
chile paste;7
chile sauce;7
thai basil;7
slaw;7
raw sugar;7
parmigiano reggiano;7
spaghetti squash;7
mexican cheese blend;7
yuzu juice;7
sansho;7
heirloom tomato;7
yellow cornmeal;7
chipotl;7
gorgonzola;7
ahi;7
crab;7
cherry;7
oat;7
squash;7
free milk;7
radish sprout;7
poblano pepper;7
bonito;7
banana;7
sirloin;7
black cod fillet;7
acorn squash;7
center cut salmon fillet;7
cracker;7
whole wheat pasta;7
mozzarella string cheese;7
konnyaku;7
mizuna;7
chinese cabbage;7
fish fillet;7
japanese bread crumb;7
yoghurt;7
coconut sugar;7
shell;7
pork cutlet;6
base;6
almond meal;6
rosemary leaf;6
asian pear;6
stevia;6
whole wheat bun;6
marjoram;6
swiss chard;6
matcha;6
quail egg;6
cashew;6
pasta shell;6
soymilk;6
deli ham;6
sea bass fillet;6
fat mozzarella;6
tomato ketchup;6
brown potato;6
wonton wrapper;6
sweet pickle relish;6
horseradish sauce;6
okra;6
meat bon;6
hummu;6
stalk celery;6
tartar sauce;6
poultry;6
tuna steak;6
chile;6
sesame paste;6
aioli;6
vegan mayonnaise;6
country crock;6
white button mushroom;6
glass noodl;6
tobiko;6
cheese stick;6
cumin seed;6
dill pickl;6
pumpkin;6
gobo root;6
szechwan peppercorn;6
wheat flour;6
wrapper;6
glaze;6
scallion green;6
sweet soy sauce;6
low fat sour cream;6
beet;6
sea scallop;6
whole wheat breadcrumb;6
soft goat cheese;6
penne pasta;6
kirby cucumber;6
meatball;5
non stick;5
sweet pepper;5
crescent roll;5
fat cream cheese;5
chinese eggplant;5
white part;5
peach;5
japanese breadcrumb;5
cr me fra che;5
red radish;5
coleslaw;5
roll;5
clam;5
maldon;5
dijon style mustard;5
pork shoulder;5
ragu;5
zest;5
ranch dip;5
gluten free flour;5
ranch style;5
clov;5
oliv;5
low sodium vegetable broth;5
italian sausage;5
pimento;5
confectioners sugar;5
fontina;5
egg substitute;5
condiment;5
anchovy;5
boneless salmon fillet;5
msg;5
string cheese;5
fennel bulb;5
potato flour;5
dish;5
pak choi;5
tabasco;5
wide egg noodl;5
havarti cheese;5
trout fillet;5
mentsuyu;5
frank;5
rum;5
orange bell pepper;5
white chocolate;5
jalapeno;5
nut;5
reduced fat sour cream;5
raisin;5
lump crabmeat;5
american cheese;5
fat mayonnaise;5
seedless cucumber;5
serrano chile;5
corn oil;5
arrowroot powder;5
tarragon leaf;5
yakisoba noodl;5
cardamom;5
lamb;5
velveeta;5
sprout;5
beef tenderloin;5
green oliv;5
almond flour;5
sticky rice;5
taco;5
butter cracker;5
savoy cabbage;5
pine nut;5
serrano pepper;5
plain bread crumb;5
japanese mountain yam;5
crouton;5
provence;4
wild mushroom;4
cranberry;4
bawang goreng;4
sea bas;4
rice cak;4
chinese egg noodl;4
chevre;4
chow mein noodl;4
burdock;4
neutral oil;4
free egg;4
ume plum vinegar;4
umeboshi;4
applesauce;4
cutlet;4
somen;4
agar;4
sashimi grade tuna;4
lacinato kale;4
tomato pur e;4
gelatin;4
chinese rice wine;4
liquid egg substitute;4
black oliv;4
sunflower sprout;4
shiromiso;4
sheets nori;4
shungiku;4
sweet italian sausage;4
montreal steak;4
tart appl;4
long grain rice;4
low fat cottage cheese;4
uni;4
ravioli;4
turbinado;4
couscou;4
relish;4
mozzarella ball;4
ritz cracker;4
free cream cheese;4
direction;4
chicken liver;4
butter oil;4
chiffonade;4
pepper jack cheese;4
chicken fillet;4
corn tortilla;4
japanese style bread crumb;4
brandy;4
mustard green;4
potato chip;4
chees mozzarella stick;4
coffee;4
sausage;4
part skim mozzarella;4
vegetable;4
hass avocado;4
cocoa powder;4
orange peel;4
chile powder;4
nonfat milk;4
vanilla bean paste;4
yuzu;4
cinnamon stick;4
daisy sour cream;4
fat;4
pancetta;4
pork fillet;4
yellow pepper;4
granny smith appl;4
red bean;4
poppy seed;4
chipotle chile pepper;4
room temperature;4
kamaboko;4
angel hair;4
whole grain dijon mustard;4
risotto;4
sheet;4
graham cracker;4
farro;4
tempura batter;4
pasta water;4
italian parsley leaf;4
cornichon;4
molass;4
safflower;4
penne;4
portobello cap;4
pan;4
pea shoot;4
vegan worcestershire sauce;4
tuna fillet;4
sandwich;4
flounder fillet;4
chicken meat;4
non fat sour cream;4
sweet mini bell;4
parsnip;4
whole wheat penne;4
red chile pepper;4
chipotle pepper;4
ricotta;4
mussel;4
raw cane sugar;4
matsutake mushroom;4
chuck roast;4
cavatappi;4
italian herb;4
lemon peel;4
basmati rice;4
puff pastry;4
kecap mani;4
gravy;4
free greek yogurt;4
low fat cream cheese;4
black vinegar;4
chile pepper;4
chinese noodl;4
skin;4
adobo sauce;4
bechamel;4
mild cheddar cheese;4
albacore;4
green chile;4
gluten free tamari;4
cornflak;3
napa cabbage leaf;3
shishito chile pepper;3
chard;3
caramel sauce;3
bean thread;3
barbecue;3
masago;3
thicknes;3
chicken bon;3
temperature;3
brown gravy;3
ikura;3
soft shell crab;3
japanese pumpkin;3
black eyed pea;3
tortilla chip;3
string bean;3
white cabbage;3
whole milk ricotta cheese;3
hatcho;3
pickle relish;3
horseradish mustard;3
aka;3
vanilla ice cream;3
vodka;3
meatloaf;3
french roll;3
bouillon;3
white bean;3
vegan butter;3
pearl couscou;3
caesar salad;3
fat free chicken broth;3
chilli paste;3
whole artichok;3
gingerroot;3
xanthan gum;3
chili garlic paste;3
floret;3
ice cream;3
white rice vinegar;3
italian fontina cheese;3
karashi;3
milk powder;3
sushi vinegar;3
apple cider;3
sandwich roll;3
green appl;3
whole wheat hamburger bun;3
summer squash;3
shell on shrimp;3
firm silken;3
daikon sprout;3
chicken breast cutlet;3
pomegranate molass;3
bone in pork chop;3
fresno chil;3
plain low fat greek yogurt;3
italian bread crumb;3
cayenne pepper sauce;3
mung bean sprout;3
vietnamese fish sauce;3
boneless chicken cutlet;3
tabasco sauce;3
tomato juice;3
mahi mahi fillet;3
ranch salad;3
spaghetti sauce;3
tortilla;3
trout;3
sumac;3
cardamom pod;3
coco;3
sausage casing;3
club soda;3
tokyo negi;3
vermicelli;3
dijon;3
champagne vinegar;3
seltzer water;3
teriyaki marinade;3
cottage cheese;3
bone in chicken breast;3
pumpkin pur e;3
hoagie roll;3
celery root;3
fuji apple;3
marsala wine;3
gai lan;3
breakfast sausag;3
low salt chicken broth;3
bay scallop;3
skirt steak;3
red food;3
coconut amino;3
yamaimo;3
tomato basil sauce;3
red kidney bean;3
caster;3
lox;3
bean paste;3
light agave nectar;3
dog bun;3
pork fat;3
orgeat syrup;3
pastry flour;3
dough;3
pistachio;3
red sockeye;3
creamy peanut butter;3
pink salmon;3
rigatoni;3
mellow;3
cheese tortellini;3
rock salt;3
chocolate;3
lasagna noodl;3
regular soy sauce;3
english muffin;3
veal cutlet;3
turkey bacon;3
kalamata;3
pecorino;3
egg beater;3
heart;3
ramp;3
cornflake crumb;3
cod filet;3
japanese yam;3
caraway seed;3
whole wheat bread;3
jumbo egg;3
collard green;3
orecchiette;3
beef steak;3
light cream cheese;3
rotini;3
organic cane sugar;3
mango salsa;3
microgreen;3
spam;3
barley;3
gochugaru;3
pork shoulder butt;3
red capsicum;3
roe;3
pita chip;3
fruit;3
burger;3
asian eggplant;3
sausag;3
blood orange;3
wheat germ;3
round steak;3
whisky;3
whitefish;3
soda water;3
saki;3
tiger prawn;3
yam;3
garlic paste;3
roast beef;3
fish stock;3
soybean paste;3
muenster cheese;3
malt vinegar;3
sausage link;3
canola mayonnaise;3
brie cheese;3
pickle spear;3
soya bean;3
hijiki;3
fat free cottage cheese;3
arbol;3
mild olive oil;3
pickle juice;3
portobello mushroom;3
guacamole;3
pork stock;3
ring;3
wondra flour;2
lemon twist;2
chipotle chile;2
slab bacon;2
asian noodl;2
white cheese;2
mild curry powder;2
kaiser roll;2
rice cracker;2
liquid amino;2
essence;2
sodium vegetable broth;2
work;2
taro;2
coriander powder;2
golden brown sugar;2
saltine cracker;2
black forest ham;2
dark leafy green;2
skim milk powder;2
pineapple ring;2
varnish clam;2
white peppercorn;2
kimchi juice;2
fettuccine pasta;2
black rice;2
clementin;2
kampyo;2
whole grain bread;2
capsicum;2
extra firm silken;2
organic chicken broth;2
biscuit;2
demi glace;2
bitter;2
right;2
fennel frond;2
ragu sauce;2
whole wheat tortilla;2
french bread;2
free chicken broth;2
full fat coconut milk;2
romaine lettuce leaf;2
pomegranate;2
boneless country pork rib;2
clam juice;2
gruyere;2
okra pod;2
alfredo sauce;2
palm sugar;2
italian parsley;2
vegan sour cream;2
onion salt;2
whole milk greek yogurt;2
leaf parsley;2
glutinous rice;2
kikkoman panko bread crumb;2
whole chicken;2
bibb lettuce;2
jalapeno pepper;2
tail;2
fennel;2
italian cheese;2
glutinous white rice;2
alfalfa sprout;2
tapioca starch;2
lager;2
espresso;2
grey poupon dijon mustard;2
garlic pres;2
corncob;2
starch;2
awase;2
soybean sprout;2
papaya;2
beef sirloin;2
inch;2
broad bean;2
red leaf lettuce;2
duck sauce;2
tahini paste;2
light brown sugar;2
pecorino romano;2
minut;2
red bean paste;2
rice bran oil;2
bacon bit;2
burrata;2
cockl;2
liqueur;2
head cauliflower;2
maui onion;2
nori paper;2
rainbow trout;2
pernod;2
gnocchi;2
bow tie pasta;2
squirt;2
sodium tamari;2
cak;2
vegan margarine;2
beef bouillon granul;2
risotto rice;2
green tea bag;2
gouda cheese;2
cremini;2
reduced fat mayonnaise;2
broccoli rabe;2
brown rice flour;2
liquid egg whit;2
chia seed;2
brioche bun;2
pineapple chunk;2
creole style;2
light;2
key lime;2
catfish fillet;2
hazelnut;2
calamari;2
yellow potato;2
whole tomato;2
roast peanut;2
plum;2
sambal chile paste;2
king prawn;2
roux;2
light sour cream;2
turkey meat;2
milk chocolate;2
cans tomato sauce;2
kelp noodl;2
ginger ale;2
black cod;2
pork sausage;2
loin pork chop;2
light corn syrup;2
low fat mozzarella cheese;2
original ranch;2
fenugreek seed;2
caramel;2
cashewmilk;2
almond butter;2
jello;2
flax seed meal;2
anchovy paste;2
cheese dip;2
chervil;2
vermicelli noodl;2
glutinous rice flour;2
littleneck clam;2
port wine;2
cinnamon sugar;2
rice stick noodl;2
grapefruit juice;2
mild italian sausage;2
drummett;2
fat free buttermilk;2
italian bread;2
lobster meat;2
fishcake;2
california avocado;2
green part;2
peppadew;2
ciabatta;2
sweet corn;2
lemon rind;2
salsa verde;2
gruy re cheese;2
fry vegetable blend;2
wild rice;2
parmigiano;2
waffl;2
cacao powder;2
plum sauce;2
cabbage leaf;2
pistachio nut;2
boneless pork shoulder;2
lotus root;2
muscovado sugar;2
lentil;2
cane juice;2
real mayonnaise;2
colby cheese;2
umeboshi paste;2
marcona almond;2
pinipig;2
whole grain;2
fat milk;2
bas;2
halibut;2
pie crust;2
mizkan rice vinegar;2
imitation crabmeat;2
coca cola;2
swordfish steak;2
dumpling;2
leaf oregano;2
havarti;2
veal;2
dog;2
spicy ranch;2
turnip green;2
franks wings sauce;2
whole egg;2
salmon sashimi;2
vital wheat gluten;2
mochi;2
non dairy milk;2
stick butter;2
blueberry;2
chili bean paste;2
philadelphia cream cheese;2
bourbon whiskey;2
yam noodl;2
fry oil;2
spaghettini;2
winter squash;2
yolk;2
boneless chicken leg;2
membran;2
sel;2
thai fish sauce;2
yellow summer squash;2
ziti;2
bacon grease;2
syrup;2
crispy bacon;2
mazola corn oil;2
yellowfin tuna;2
chipotle chile powder;2
chicken breast tenderloin;2
root vegetabl;2
baguette;2
garlic sauce;2
chorizo;2
gingersnap cooky;2
olive oil mayonnaise;2
maitake mushroom;2
sesame butter;2
garlic bulb;2
flat leaf spinach;2
dorito;2
boneles;2
golden zucchini;2
old fashioned oat;2
brown mustard;2
mackerel fillet;2
chickpea flour;2
popcorn;2
haddock fillet;2
italian cheese blend;2
za atar;2
tea;2
sirloin tip;2
light tuna;2
kaffir lime leaf;2
tea bag;2
coconut flour;2
celery seed;2
drain;2
manchego cheese;2
brown beech mushroom;2
butter lettuce;2
fat buttermilk;2
steak sauce;2
katsuo bushi;2
box grater;2
porcini mushroom;2
kochujang;2
onion top;2
bacon fat;2
yuzukosho;2
favorite pasta;2
process cheese sauce;2
;2
chestnut;2
sauerkraut;2
mahi mahi;2
bone in skin on chicken thigh;2
equal sweetener;2
cooky;2
pancake;2
low sodium beef broth;2
lager beer;2
flounder;2
sandwich bread;2
celery heart;2
yaki nori;2
calorie sweetener;2
kidney bean;2
yellowfin;2
pearl onion;2
seafood stock;2
martini;2
natto;2
poblano chil;2
oregano leaf;2
crab stick;2
bone broth;2
toast;2
balsamico bianco;2
pork bon;2
spicy brown mustard;2
shell pasta;2
boneless chicken;2
mackerel;2
vegan parmesan cheese;2
smokey barbecue sauce;2
flax;2
simple syrup;2
pizza sauce;2
whole wheat elbow macaroni;2
mandarin orang;2
liquid honey;2
bittersweet chocolate;2
knorr pasta side cheddar broccoli;2
italian breadcrumb;2
salmon roe;2
flour tortilla;2
cognac;2
tangerine;2
red pepper sauce;2
chunk;2
stalks celery;2
beefsteak tomato;2
razor clam;1
pint sour cream;1
hash brown;1
tamari almond;1
leaf lettuce;1
rice krispies cereal;1
pomegranate balsamic vinegar;1
orzo pasta;1
chrysanthemum leaf;1
solid pack pumpkin;1
thick stick;1
pesto sauce;1
mitsukan mirin;1
cream style corn;1
brown mustard seed;1
olive relish;1
homemade;1
aburage;1
ear;1
oregano sprig;1
tomato salsa;1
akamiso;1
kidney;1
foster farms chicken breast;1
tart;1
butter flavor;1
garden style pasta sauce;1
brown sugar blend;1
dashi granul;1
rice stick;1
cans chunk chicken;1
aquafaba;1
whole grain rice;1
chicken sausage;1
barbeque sauce;1
red curry paste;1
liver;1
coarse grain mustard;1
fruit juice;1
lamb loin;1
bia;1
blade steak;1
endive;1
spanish mackerel;1
catfish;1
bon;1
orange segment;1
hawaiian salt;1
doubanjiang;1
beef meat;1
chili bean sauce;1
peppermint oil;1
green top;1
rib steak;1
length;1
konbu dashi;1
dat;1
boneless skin on salmon fillet;1
green leaf lettuce leaf;1
base sauce;1
blood orange juice;1
country style bread;1
sweet potato starch;1
gluten free hoisin sauce;1
pastry;1
green chile pepper;1
knife;1
nori furikake;1
kraft ranch;1
kikkoman soy sauce;1
diameter;1
remoulade sauce;1
bean curd;1
lobster;1
white bread crumb;1
crisp;1
brown rice syrup;1
apple juice;1
dill sauce;1
grainy dijon mustard;1
au ju;1
whole wheat penne pasta;1
gin;1
part skim ricotta cheese;1
soybean flour;1
blue potato;1
popcorn kernel;1
gammon;1
pkt;1
neufch tel;1
shrimp meat;1
aleppo;1
whole wheat rotini;1
kraft mayonnaise;1
dozen chicken wing;1
i use;1
nonfat buttermilk;1
whole wheat linguine;1
honey dijon mustard;1
raspberry;1
barefoot pinot grigio;1
bai cai;1
head cabbage;1
chocolate chip;1
matchstick carrot;1
saltin;1
chicken heart;1
fusilli;1
lamb chop;1
lamb rib;1
al dente;1
onion melba round;1
white hamburger bun;1
chinese chiv;1
cans cannellini bean;1
chicken breasts chicken thigh;1
maggi;1
fromage blanc;1
count;1
coconut liqueur;1
sprinkl;1
cheese blend;1
food processor;1
whole pork belly;1
japanese sushi style rice;1
wafer;1
tomato soup;1
celery leaf;1
waffle iron;1
shad fillet;1
garland chrysanthemum;1
salt water;1
taco topping;1
solid white albacore tuna;1
duck;1
mignonette sauce;1
longhorn cheese;1
lower sodium chicken broth;1
average weight;1
garden cres;1
black cod filet;1
paprika powder;1
land o lakes egg;1
raw chicken breast;1
yellowtail fillet;1
garlic puree;1
turkey tenderloin;1
yellowtail;1
raw buckwheat groat;1
medaillon;1
mustard seed;1
pearl rice;1
elderflower liqueur;1
canadian bacon;1
wish bone light buffalo ranch;1
boneless beef chuck;1
gluten free pasta;1
meyer lemon;1
testicl;1
artisan bread;1
free range chicken;1
dandelion green;1
jumbo marshmallow;1
black quinoa;1
pepperoncino;1
octopus;1
free yogurt;1
usukuchi soy sauce;1
vitamin;1
white cake;1
red chard;1
purple cabbage;1
pork rib;1
tomatillo;1
tm;1
metaxa;1
whole wheat italian breadcrumb;1
millet;1
sub roll;1
yellow bean sauce;1
light parmesan alfredo sauce;1
rock sugar;1
mild salsa;1
low moisture part skim mozzarella cheese;1
chicken bouillon;1
spare rib;1
king oyster mushroom;1
pimento pepper;1
tomato passata;1
japanese soy;1
hominy;1
angel hair pasta;1
umeboshi plum vinegar;1
campbells french onion soup;1
good white bread crust;1
abalone;1
mascarpone cheese;1
slaw mix;1
mushroom broth;1
lard;1
reduced calorie margarine;1
pink peppercorn;1
celery stalk;1
chinese plum sauce;1
nigari;1
chimichurri;1
pork steak;1
san marzano tomato;1
hash;1
date honey;1
eyeball;1
gluten free macaroni;1
instant onion;1
teriyaki baste;1
parmigiana reggiano;1
pan inch;1
quick marinara sauce;1
non fat;1
original hearty pork sausage crumbl;1
trumpet royale mushroom;1
pizza dough;1
wagyu;1
guinness beer;1
pie shell;1
brioche;1
pumpkin puree;1
pepita;1
bottle chile sauce;1
bisquick;1
low sodium chicken;1
bbq;1
fat free sour cream;1
pretzel;1
haricots vert;1
gravlax;1
red snapper;1
muenster;1
bertolli classico olive oil;1
bocconcini;1
tequila;1
yellow pepper remoulade;1
brown butter;1
blackberry;1
tricolor quinoa;1
tapioca;1
sucanat;1
navel orang;1
laver;1
tri tip;1
japanese radish;1
jicama;1
watermelon;1
italian salad;1
pear juice;1
monkfish;1
cocktail cherry;1
vine;1
chicken carcas;1
watercress leaf;1
hamachi;1
fat creamy peanut butter;1
roast turkey;1
tortilla wrap;1
ragu alfredo sauce;1
mesclun salad green;1
pork shoulder boston butt;1
flatbread;1
brown mushroom;1
leaves oregano;1
popcorn chicken;1
bulgur wheat;1
vine tomato;1
squash blossom;1
fettucine;1
trefoil;1
flax seed;1
cans chicken;1
pea pod;1
caribbean jerk;1
sandwich thin;1
white mushrooms cap;1
blackstrap molass;1
low sodium spaghetti sauce;1
rosemary sprig;1
saffron;1
sweet relish;1
turkey stock;1
turkey breast deli meat;1
grate lime peel;1
carnaroli rice;1
citru;1
head napa cabbage;1
pancake syrup;1
no chicken broth;1
malt syrup;1
crispy rice cereal;1
asafoetida;1
melissa;1
thickness wise;1
saltine cracker crumb;1
boneless rib eye steak;1
sugar substitute;1
mango chutney;1
cod roe;1
elderflower syrup;1
lima bean;1
jalapeno chile;1
plain whole milk yogurt;1
chicken tender;1
vegetable sauce;1
taleggio;1
ciabatta bun;1
light cream;1
mccormick paprika;1
tortellini;1
oriental flavor;1
plum wine;1
red pepper tomato sauce;1
kingfish;1
brand;1
bowl ice water;1
tzatziki sauce;1
bacon salt;1
pomegranate juice;1
nonfat vanilla greek yogurt;1
chuka soba noodl;1
fry;1
mild green chil;1
wine vinegar;1
onion ring;1
natural sugar;1
kaiware;1
deli roll;1
chuno sauce;1
coconut nectar;1
pig;1
slow stream;1
bird chile;1
mushroom cap;1
lemon thyme;1
thinner chicken breast cutlet;1
romain lettuc leav;1
turkey breast cutlet;1
radicchio leaf;1
rye flour;1
lemon marmalade;1
jonagold appl;1
beef rib roast;1
ready to eat chicken;1
rye bread;1
pimenton;1
butter cooky;1
crema mexican;1
honeydew melon;1
bunch watercres;1
ciabatta bread;1
yellowfin tuna steak;1
cans chunk light tuna;1
chicken bouillon granul;1
low fat chicken broth;1
sherry wine;1
mission fig;1
usu age;1
portobello mushroom cap;1
organic butter;1
low sodium fat free chicken broth;1
crabstick;1
kraft lite zesty italian;1
digestive biscuit;1
extra lemon;1
porcini;1
sparerib;1
tentacl;1
sato imo;1
ancho chile pepper;1
cantaloupe;1
free range egg;1
juice concentrate;1
whole kernel corn;1
soften;1
chicken base;1
homemade mayonnaise homemade mayonnaise;1
pink ginger;1
duck breast;1
py;1
sweetener;1
chilean sea bas;1
grit;1
alcohol;1
wildflower honey;1
serrano;1
counter;1
cherry brandy;1
yellow cheddar;1
bran cereal;1
ritz;1
lite coconut milk;1
rye;1
soy yogurt;1
rhubarb;1
garbanzo bean;1
onion dip;1
top ramen;1
carrot juice;1
mentaiko;1
rooster;1
quick oat;1
rainbow chard;1
french breakfast radish;1
hemp seed;1
bucatini;1
kikkoman ponzu lime;1
lump meat;1
bitter melon;1
french fri;1
honey mustard sauce;1
mozzarella cheese stick;1
red lentil;1
imitation bacon bit;1
cheese sauce;1
ginkgo nut;1
french bread baguette;1
ginger syrup;1
fennel pollen;1
farm egg;1
cole slaw;1
spear;1
bass fillet;1
radicchio;1
cucumber salad;1
percent;1
drizzle;1
pumpkin pie spice;1
beef roast;1
garlic pepper;1
kalamata oliv;1
basil sauce;1
kraft singl;1
salsify;1
backfin;1
mild pork sausage;1
tatsoi;1
milk bread;1
genmai;1
chili garlic sauce;1
oat flour;1
tenderloin steak;1
nonfat yogurt;1
orang;1
pacific halibut fillet;1
orange bitter;1
and xa shell;1
chicken leg quarter;1
shaving;1
white beech mushroom;1
moon;1
soup stock;1
mature cheddar;1
snow pea pod;1
cabbage head;1
way;1
book;1
blender;1
green chil;1
turkey thigh;1
pork rib chop;1
bean sauce;1
buttercup squash;1
katsuo dashi;1
blood;1
asian chili sauce;1
store bought ravioli;1
halloumi;1
mogen david wine;1
red chile;1
green chard;1
grain salt;1
use muir glen;1
seltzer;1
edible flower;1
harissa;1
pita bread;1
emerils essence;1
flat iron steak;1
dinner roll;1
venison;1
wheel;1
jumbo lump crabmeat;1
cilantro sprig;1
handheld slicer;1
yellow cheddar cheese;1
spanish onion;1
bread dough;1
crush;1
meat ball;1
water spinach;1
shortbread cooky;1
cube;1
red appl;1
bbq glaze;1
mccormick mustard;1
penne rigate;1
rice bran;1
whole wheat sourdough bread;1
natural peanut butter;1
petal;1
arrowroot;1
crusty kaiser roll;1
puff pastry sheet;1
yu choy;1
pork butt;1
japanese style breadcrumb;1
squid ring;1
ciabatta loav;1
rice paper;1
dill pickle spear;1
yellow tomato;1
kumquat;1
bulk italian sausag;1
ghee;1
fresca;1
elbow pasta;1
country bread;1
fish ball;1
tangelo;1
sweet sherry;1
mexican chorizo;1
shrimp shell;1
golden raisin;1
garlic chiv;1
brill;1
tapioca flour;1
cres;1
round cracker;1
french fry;1
serrano chily;1
ocean perch;1
paleo mayonnaise;1
grape;1
button mushroom cap;1
day old bread;1
vegan bacon;1
fettuccine noodl;1
potato gnocchi;1
miracle whip;1
whole grain bun;1
azuki bean;1
pepperoncini;1
chinese parsley;1
fish finger;1
extra sprig;1
pisco;1
udon noodl;1
king salmon;1
chinese bun;1
madras curry powder;1
parsley sprig;1
fisher pecan;1
falafel;1
sweet soy;1
ball;1
organic vegetable broth;1
scoop;1
mccormick garlic powder;1
earth balance margarine;1
garlic oil;1
veal mince;1
dijonnaise;1
delicata squash;1
inch thick;1
light soy butter;1
japanese horseradish;1
balsamic reduction;1
ancho powder;1
vodka sauce;1
classic alfredo sauc;1
pork sausag;1
roquefort cheese;1
globe eggplant;1
hamburger;1
reduced sodium chicken broth;1
cheese soup;1
taste;1
ripe hass avocado;1
bone buffalo ranch;1
vanilla essence;1
tomato pesto;1
multigrain bread;1
strip steak;1
whole black peppercorn;1
ros wine;1
gruy re;1
bunch celery;1
flaxseed oil;1
damp cloth;1
oreo cooky;1
monterey jack pepper cheese;1
oven ready lasagna noodl;1
light beer;1
snapper fillet;1
fuyu persimmon;1
ounce gram;1
black label bacon;1
herb cheese;1
salad leaf;1
vanilla almondmilk;1
leaves napa cabbage;1
collard leaf;1
boneless pork loin;1
nbsp;1
stick;1
natural sweetener;1
squash seed;1
horseradish tartar sauce;1
knudsen light sour cream;1
escarole;1
light green part;1
steel cut oat;1
pumpkin seed;1
stalk;1
red raspberry;1
hakusai;1
celery salt;1
gallo cabernet sauvignon;1
ginger pur e;1
tvp;1
apple butter;1
casserole;1
drumett;1
peasant bread;1
old fashioned oatmeal;1
light coconut milk;1
vermouth;1
squab;1
toothpick;1
claw;1
peppercorn;1
lemon wedge;1
albacore tuna;1
beef bouillon;1
cilantro lime mayonnaise;1
white tuna;1
spice islands onion powder;1
bone ranch;1
silver tequila;1
acacia honey;1
minute steak;1
tamarind pulp;1
sea urchin;1
boneless top pork loin chop;1
tomato basil soup;1
rotisserie chicken breast;1
extra sauce;1
contadina tomato sauce;1
habanero pepper;1
merluza;1
sprig;1
caviar;1
less sodium chicken broth;1
boneless turkey breast;1
asian fish sauce;1
homemade chunky tomato sauce;1
fillet steak;1
pork blade steak;1
soup powder;1
italian style tomato;1
clementine juice;1
organic tomato;1
tea leaf;1
good soy sauce;1
crusty roll;1
boneless beef sirloin steak;1
fat coconut milk;1
tea powder;1
beet green;1
turmeric root;1
aji mirin;1
whole coriander seed;1
alphabet pasta;1
potato roll;1
corn husk;1
whole milk mozzarella cheese;1
chile garl sauc;1
bag;1
organic milk;1
bok choy sum;1
pike;1
coconut butter;1
garlic sauc;1
soft bun;1
knorr homestyl stock chicken;1
prosciutto di parma;1
vietnamese chile paste;1
whole wheat panko;1
black cardamom pod;1
c flour;1
ripe banana;1
cream sauce;1
breast;1
key lime juice;1
india pale ale;1
jumbo pasta shell;1
snapper;1
cardamon;1
celtic salt;1
sablefish;1
sour cherry;1
pear;1
steak fillet;1
soya flour;1
meadow gold sour cream;1
chipotle paste;1
sazon;1
mccormick poppy seed;1
dark rum;1
homemade marinara sauce;1
grind sea salt;1
haas avocado;1
butterscotch;1
joshin ko;1
pizza crust;1
polenta;1
black rice vinegar;1
mian;1
rice paper round;1
sheets sushi;1
louis kemp crab delight;1
cashew butter;1
duck sausag;1
bunch;1
duck drumstick;1
corn chip;1
buckwheat;1
fat free milk;1
garnet yam;1
grill;1
candy;1
liquor;1
clementine zest;1
guava;1
baton;1
hand;1
andouille sausage;1
sweet pea;1
beef stew meat;1
white rice flour;1
graham cracker pie crust;1
dove;1
whole cashew;1
percent milk;1
pear vodka;1
kohlrabi;1
non fat chicken stock;1
ramen noodle soup;1
rack;1
golden beet;1
liverwurst;1
idaho potato;1
braggs liquid amino;1
sweet rice;1
free range chicken breast;1
chop;1
leg;1
full fat cream cheese;1
taco shell;1
tapioca pearl;1
fat cheddar cheese;1
foil;1
bag potato chip;1
low fat mayonnaise;1
raw cashew;1
panko crumb;1
smooth peanut butter;1
spring salad;1
reduced fat cheddar cheese;1
lamb sausag;1
sweet mustard;1
cashew milk;1
fork;1
japanese sushi rice;1
brown sugar substitute;1
watermelon radish;1
yakisoba sauce;1
eel;1
vegetable stock concentrate;1
shrimp head;1
shiitak;1
double cream;1
allspice berry;1
low sodium teriyaki sauce;1
vanilla sugar;1
bacon dripping;1
dark chocolate;1
crayfish;1
himalayan salt;1
savory;1
potato bun;1
white radish;1
frisee;1
reduced fat swiss cheese;1
chunk light tuna;1
boat;1
chicken feet;1
deep dish pie crust;1
earth balance buttery;1
garlic alfredo sauce;1
asparagus tip;1
goat curd;1
goat milk feta;1
variety;1
brown shrimp;1
breadstick;1
butter bean;1
green lentil;1
wheat sandwich roll;1
creme fraiche;1
saffron thread;1
sweet corn kernel;1
lasagne;1
black mustard seed;1
goat;1
medjool dat;1
branzino fillet;1
sponge;1
chipotle;1
chai tea;1
sea vegetabl;1
pattypan summer squash;1
corn syrup;1
boneless chicken breast meat;1
ginger piece;1
fat parmesan cheese;1
kalamata olive oil;1
green curry paste;1
hawaiian bread;1
banana pepper;1
mini mozzarella ball;1
soft dinner roll;1
chicken patty;1
diagonal;1
pimento cheese;1
gold potato;1
kikkoman katsu sauce;1
nectarin;1
black bean sauce;1
cheese mexican;1
crystal farms butter;1
mayo;1
green tea leaf;1
streaky bacon;1
veget;1
sole fillet;1
linguini;1
stevia powder;1
brown lentil;1
camembert;1
whole wheat corkscrew pasta;1
petite corn kernel;1
smoother bottom;1
rotel tomato;1
korean chile;1
free butter;1
masala;1
bamboo;1
ton wrapper;1
thai chili garlic sauce;1
t;1
devein;1
white fish;1
spelt flour;1
slider roll;1
instant rice;1
chinese rice vinegar;1
neufchatel cheese;1
ogura an;1
wing;1
heat;1
buttery cracker;1
eggs whit;1
iceberg lettuce;1
buttermilk ranch;1
free beef broth;1
spicy level;1
flavour;1
curry leaf;1
piece french bread baguette;1
red enchilada sauce;1
vidalia;1
end;1
original ranch dip;1
mushroom sauce;1
dill pickle;1
bertolli;1
wild salmon;1
buckwheat flour;1
dig;1
green food;1
wholemeal flour;1
parmesan romano;1
whole wheat lasagna noodl;1
bottle barbecue sauce;1
quinoa flour;1
sesame seeds bun;1
wesson canola oil;1
casing;1
berry;1
clear honey;1
fry sauce;1
aisle;1
tamarind paste;1
broccoli slaw;1
adzuki bean;1
soy ginger salad;1
citrus juice;1
beef consomme;1
arame;1
captain morgan rum;1
tawny port;1
angostura bitter;1
anaheim chile;1
turkey sausage;1
pork sirloin;1
whole oat groat;1
chocolate wafer;1
whole wheat egg noodl;1
foamy;1
processor;1
nama yuba;1
sesame roll;1
walnut oil;1
sour sauce;1
flat beer;1
gallo;1
container spam;1
prun;1
kasu;1
wasabe;1
light meat;1
solid white tuna;1
wood ear mushroom;1
boneless sirloin steak;1
nappa cabbage;1
raspberry vinegar;1
sweet vermouth;1
tongue;1
lim;1
tubetti;1
rutabaga;1
cocoa;1
molasses sugar;1
kernel;1
dungeness crabmeat;1
black sesame paste;1
calamari ring;1
organic sugar;1
instant;1
tomato puree;1
whole wheat macaroni;1
free blend;1
rice vermicelli;1
sourdough bread;1
spice islands garlic powder;1
cippolini onion;1
bread roll;1
crescent dinner roll;1
young ginger;1
low fat feta;1
almond sliver;1
pound;1
handful;1
mccormick oregano leaf;1
green plantain;1
ready to eat mesclun;1
catsup;1
ras el hanout;1
york strip steak;1
