cilantro;2333
salt;2082
garlic;1842
cumin;1605
tomato;1534
avocado;1292
onion;1237
olive oil;1213
lime;1083
black bean;1081
chili powder;1045
jalapeno chily;972
pepper;941
sour cream;937
salsa;906
lime juice;788
black pepper;739
cheddar cheese;689
water;687
green onion;586
purple onion;552
corn;550
flour tortilla;517
kosher salt;510
corn tortilla;492
chicken breast;475
cheese;457
beef;455
oregano;442
taco;432
butter;397
egg;391
garlic powder;382
vegetable oil;360
cilantro leaf;354
red bell pepper;337
green chily;324
yellow onion;298
paprika;298
white onion;293
chicken;290
cayenne pepper;289
bean;279
tortilla chip;271
flour;267
sea salt;257
sauce;250
sugar;248
guacamole;247
chicken broth;246
lettuce;234
mexican cheese blend;220
red pepper;220
cinnamon;212
oil;207
milk;201
corn kernel;200
enchilada sauce;194
mayonnaise;189
tomato sauce;187
green bell pepper;186
canola oil;182
monterey jack cheese;179
tortilla;176
roma tomato;170
black oliv;167
onion powder;157
scallion;157
bell pepper;157
cotija;156
coriander;150
chicken stock;146
rice;146
quinoa;140
monterey jack;140
queso fresco;140
white rice;139
cream cheese;136
tomatillo;136
carrot;135
romaine lettuce;131
cherry tomato;125
pinto bean;119
chipotl;119
vanilla;115
tomato paste;110
brown rice;110
red onion;109
green chile;107
shrimp;107
gallo;101
poblano pepper;101
turkey;100
salsa verde;99
plum tomato;97
zucchini;94
vegetable broth;93
bay leaf;92
chili;88
whole kernel corn;88
honey;88
mexican style cheese;85
red enchilada sauce;84
sweet corn;84
lemon juice;81
cayenne;80
brown sugar;79
pepper jack;78
low sodium chicken broth;76
mexican oregano;75
chile pepper;75
spinach;73
bacon;73
whole wheat tortilla;68
jack cheese;67
garlic salt;67
sweet potato;66
sweet onion;65
potato;65
radish;63
cream;63
mango;63
oliv;62
green chil;62
grape tomato;61
iceberg lettuce;60
chile powder;60
long grain rice;59
serrano pepper;59
green pepper;57
kidney bean;57
ancho powder;57
pepper jack cheese;57
tequila;57
soup;57
parsley;56
chicken thigh;56
mozzarella cheese;56
red wine vinegar;56
powder;56
plain greek yogurt;53
celery;53
cucumber;53
orange juice;52
taco sauce;50
hass avocado;50
cocoa powder;49
jalapeno pepper;49
chunky salsa;48
red cabbage;48
lemon;47
chipotle chile pepper;47
cinnamon stick;47
cabbage;46
lime zest;46
boneless chicken breast;46
jalapeno;44
yellow bell pepper;43
pork;43
orange;41
serrano chile;41
greek yogurt;40
parmesan cheese;40
whole milk;40
chorizo;39
beer;39
coconut oil;39
white vinegar;39
ranch;38
rotisserie chicken;37
adobo sauce;37
orange bell pepper;36
ear;36
mexican chocolate;36
shallot;35
ancho chile pepper;34
corn husk;34
worcestershire sauce;34
pineapple;33
mild salsa;33
corn starch;33
cumin seed;33
colby jack cheese;33
heavy cream;32
chipotle chile;32
beef broth;32
apple cider vinegar;32
white sugar;32
sodium chicken broth;31
taco shell;31
cauliflower;31
reduced fat sour cream;31
ice;30
corn tortilla chip;30
juice;30
clov;30
poblano chil;30
tabasco pepper sauce;29
hominy;29
chipotle pepper;29
clove;29
red kidney bean;29
low fat sour cream;28
light sour cream;28
ketchup;28
almond;28
old el paso taco;28
vegetable stock;27
pepper sauce;27
chocolate;27
nonstick;27
crema mexican;27
meat;26
tomato salsa;26
jicama;26
green enchilada sauce;26
chili pepper;25
crema;25
pork shoulder;25
lim;25
cilantro sprig;24
skirt steak;24
salad;24
mushroom;24
fajita;23
cornmeal;23
sweet pepper;23
ripe oliv;23
soda;23
green cabbage;23
haas avocado;23
cider vinegar;22
chorizo sausage;22
raisin;22
thyme;22
cheese blend;22
beef stock;22
rotelle;22
flank steak;22
mexican;22
corn chip;22
masa harina;21
mexican chorizo;21
mexicorn;21
picante sauce;21
fat cheddar cheese;21
fat;21
vegetabl;21
jack;21
egg whit;20
spring onion;20
tomato juice;20
agave nectar;20
red chili pepper;20
wonton wrapper;20
chipotle;20
egg yolk;19
green chile pepper;19
coriander seed;19
chipotle chile powder;19
nutritional yeast;19
white bean;19
old el paso flour tortilla;19
pepita;18
feta cheese;18
corn oil;18
yellow pepper;18
vinegar;18
allspice;18
serrano chily;18
non fat sour cream;18
plain yogurt;17
spinach leaf;17
chuck roast;17
soy sauce;17
lasagna noodl;17
pea;17
pasta;17
mexican beer;17
yeast;16
lard;16
white hominy;16
celery rib;16
red potato;16
boneless pork shoulder;16
tomato pur e;16
guajillo chil;16
kale;16
white corn tortilla;15
ripe avocado;15
goat cheese;15
green pepper sauce;15
buttermilk;15
tostada shell;15
cream style corn;15
steak;15
anaheim chile;15
noodl;15
white wine vinegar;15
green oliv;15
pecan;14
bbq sauce;14
slaw;14
oregano leaf;14
pork tenderloin;14
bread crumb;14
black peppercorn;14
spic;14
dark chocolate;14
mustard;14
dijon mustard;14
tilapia fillet;14
biscuit;14
strawberry;14
hamburger;14
old el paso enchilada sauce;14
avocado oil;13
corn on the cob;13
jalape o pepper;13
hummu;13
orange liqueur;13
rotel tomato;13
bread;13
cornbread;13
green bean;13
balsamic vinegar;13
confectioners sugar;13
chuck;13
tomatillo salsa;13
basil;13
low fat cheddar cheese;13
chili sauce;13
maple syrup;12
recipe;12
arbol;12
chicken bouillon;12
coffee;12
soft corn tortilla;12
yellow squash;12
triple sec;12
turmeric;12
sriracha;12
chiv;12
pork butt;12
seed;12
panko breadcrumb;12
mint;11
tostada;11
chickpea;11
sweet corn kernel;11
basmati rice;11
lettuce leaf;11
sirloin;11
spaghetti squash;11
spanish onion;11
cottage cheese;11
table salt;11
butternut squash;11
almond milk;11
chip;11
russet potato;11
habanero pepper;11
gluten;11
elbow macaroni;11
ginger;11
cashew nut;11
pumpkin seed;11
wheat;10
chili bean;10
tortilla shell;10
queso blanco;10
dark brown sugar;10
colby cheese;10
frito;10
epazote;10
garbanzo bean;10
pasilla chil;10
jumbo pasta shell;10
crumbl;10
mild cheddar cheese;10
cajun;10
cheddar;10
blue cheese;10
free greek yogurt;10
roll;10
silver tequila;10
low fat milk;10
marinade;10
ricotta cheese;9
crema mexicana;9
tomato soup;9
pizza dough;9
hamburger bun;9
american cheese;9
dorito;9
ham;9
boneless pork loin;9
low sodium vegetable broth;9
semi sweet chocolate morsel;9
walnut;9
piloncillo;9
taco meat;9
light beer;9
beef stew meat;9
red wine;9
french bread;9
feta cheese crumbl;9
serrano;9
broccoli floret;9
broth;9
veggy;9
pork roast;9
pizza sauce;9
nutmeg;9
chayot;9
knudsen sour cream;9
mild green chil;9
sausag;8
white cheddar cheese;8
brown potato;8
dog bun;8
peanut oil;8
filet;8
knorr chicken flavor bouillon;8
fresca;8
lentil;8
fish;8
white corn;8
adobo;8
cannellini bean;8
chicken meat;8
cod;8
chihuahua cheese;8
chocolate chip;8
peppercorn;8
yellow corn;8
manchego cheese;8
nut;8
pork shoulder roast;8
spike;8
arugula;8
hash;8
taco topping;8
caper;8
spice;8
bouillon;8
chile;8
raw cashew;8
chocolate syrup;8
light mayonnaise;8
lemon pepper;8
vegetable;8
extra firm;8
barbecue sauce;8
corn flour;8
watermelon;8
container sour cream;8
yellow cornmeal;8
margarine;7
fat mexican cheese;7
carnita;7
light cream cheese;7
philadelphia cream cheese;7
red chile powder;7
liquid;7
tuna;7
almond flour;7
salmon fillet;7
italian salad;7
leaf;7
turkey meat;7
sesame seed;7
sausage;7
chicken finger;7
allspice berry;7
garnish;7
crescent roll;7
ancho chil;7
salad green;7
basil leaf;7
pizza crust;7
coleslaw;7
poblano;7
orange zest;7
masa;7
green leaf lettuce;7
mango salsa;7
pimento;7
nonfat greek yogurt;7
flat leaf parsley;7
buffalo sauce;7
lump crab meat;7
white pepper;7
corn salsa;7
low sodium chicken stock;7
bittersweet chocolate;7
vidalia onion;7
guajillo;7
instant rice;6
bunch cilantro;6
boneless beef chuck roast;6
bun;6
blue corn tortilla chip;6
rotini;6
red snapper;6
pasta sauce;6
rice vinegar;6
mild olive oil;6
coconut milk;6
boneless pork shoulder roast;6
muffin;6
herdez salsa verde;6
taco bell taco;6
fat free chicken broth;6
bow tie pasta;6
leaves oregano;6
asadero;6
soft taco size flour tortilla;6
pork sausag;6
vanilla ice cream;6
drain;6
bean dip;6
couscou;6
firm;6
breakfast sausag;6
base;6
red chili powder;6
whitefish;6
ranch style bean;6
husk;6
anise;6
cans chicken broth;6
plum;6
burger bun;6
reduced fat milk;6
jasmine rice;6
ripe tomato;6
sodium;6
chipotle sauce;6
coconut;6
cracker;6
cocoa;6
himalayan salt;6
stock;6
great northern bean;6
tilapia;6
portabello mushroom;6
classic hummu;6
spanish rice;6
white flour;6
penne pasta;6
sweet yellow corn;5
fennel seed;5
vinaigrette;5
lime peel;5
pomegranate seed;5
white wine;5
crescent dinner roll;5
knorr garlic minicub;5
old world style pasta sauc;5
vine tomato;5
vegan cheese;5
appl;5
mini marshmallow;5
corn bread;5
parsley leaf;5
yukon gold potato;5
diameter;5
low fat cheese;5
fat monterey jack cheese;5
butter lettuce;5
liquid smoke;5
pumpkin;5
english cucumber;5
ears corn;5
oven ready lasagna noodl;5
short rib;5
whole wheat flour;5
spaghetti;5
coconut sugar;5
vermicelli;5
sausage casing;5
chipotle salsa;5
yoghurt;5
coffee liqueur;5
skin;5
skim milk;5
green;5
california avocado;5
cornstarch;5
sherry vinegar;5
sweet chili sauce;5
boston lettuce;5
creole;5
ranch dip;5
marshmallow;5
english muffin;5
low sodium taco;5
seedless cucumber;5
heirloom tomato;5
pickl;5
turkey breast;5
macaroni;5
cheese sauce;5
thigh;5
low fat;5
pinenut;5
herb;5
saffron;5
clam juice;5
achiote paste;5
squash;5
neutral oil;5
polenta;5
inch flour tortilla;5
bone in chicken breast;4
cauliflower floret;4
spanish paprika;4
chicken tenderloin;4
mccormick oregano leaf;4
brisket;4
plantain;4
serrano chil;4
rum;4
stew meat;4
popcorn;4
dill;4
mexican rice;4
coriander powder;4
chocolate sauce;4
vegan sour cream;4
yellow hominy;4
cooky;4
red lentil;4
flatbread;4
free milk;4
rigatoni;4
yellow mustard;4
star anise;4
mild red enchilada sauce;4
pace picante sauce;4
leek;4
broccoli;4
reduced sodium chicken broth;4
ancho chile powder;4
vanilla bean;4
chipotle paste;4
red bean;4
kraft miracle whip;4
instant coffee;4
crush;4
tortilla wrap;4
wrapper;4
leche;4
mazola corn oil;4
buttermilk biscuit;4
fat mayonnaise;4
cod fillet;4
beef brisket;4
wine;4
boneless chuck roast;4
shell;4
thick cut bacon;4
banana;4
sirloin steak;4
marinara sauce;4
catalina;4
bisquick;4
free tortilla;4
sweet mini bell;4
garlic paste;4
brussels sprout;4
pasta shell;4
part skim ricotta cheese;4
organic tomato;4
carne asada;4
heat;4
mccormick chili powder;4
velveeta;4
plain flour;4
vegetable bouillon;4
vegan mayonnaise;4
sodium vegetable broth;4
halibut fillet;4
burger;4
romaine lettuce leaf;4
sweetener;4
white button mushroom;4
tapioca flour;4
pork loin;4
salsa verde cruda;4
sazon;4
mole sauce;4
knorr fiesta sides spanish rice;4
part skim mozzarella cheese;4
cheddar cheese soup;4
colby;4
short grain rice;4
dog;4
gold tequila;4
red chile sauce;4
ghee;4
ancho;4
low fat cream cheese;3
grain rice;3
tater tot;3
pasilla pepper;3
dough;3
raw almond;3
mint leaf;3
maggi;3
soy milk;3
queso asadero;3
muenster cheese;3
non dairy milk;3
knorr cilantro minicub;3
chicken breast fillet;3
mexican cheese;3
peanut butter;3
daisy sour cream;3
dill pickl;3
country crock;3
caster sugar;3
favorite salsa;3
bolillo;3
pork sausage;3
chile sauce;3
jalape o;3
cremini mushroom;3
banana leaf;3
grill;3
cr me fra che;3
cereal;3
baguette;3
tamal;3
olive oil mayonnaise;3
chunk;3
key lime;3
habanero chile;3
mccormick garlic powder;3
chicken base;3
boneless country pork rib;3
white bread;3
tarragon vinegar;3
pork belly;3
pork stew meat;3
cummin;3
soup powder;3
bread flour;3
capsicum;3
plain tortilla;3
tortilla bowl;3
mexican style cheese blend;3
lobster meat;3
chipotle chil;3
curry powder;3
tahini;3
kidney;3
fajita size flour tortilla;3
grand marnier;3
molass;3
mostaccioli;3
seedless watermelon;3
oscar mayer bacon;3
cumin powder;3
flatout flatbread;3
fat ranch;3
ancho chili powder;3
jumbo shrimp;3
mexican lager beer;3
red quinoa;3
sunflower oil;3
red capsicum;3
fudge;3
homemade chicken stock;3
old bay;3
lime rind;3
chocolate bar;3
head iceberg lettuce;3
pasilla;3
portobello cap;3
marjoram;3
pepperidge farm puff pastry sheet;3
turkey stock;3
coffee granul;3
veget;3
jalapeno jack cheese;3
fresno chil;3
green pea;3
grate lime peel;3
chicken drumstick;3
oat;3
peach;3
prawn;3
mexican blend cheese;3
chicken bouillon granul;3
scallop;3
fat free cheddar cheese;3
medium grain rice;3
whole grain rice;3
chicken wing;3
popcorn kernel;3
buttery;3
angel hair;3
pineapple chunk;3
breadcrumb;3
boneless pork butt;3
corn masa flour;3
chunky tomato salsa;3
bacon fat;3
boneless sirloin steak;3
artichoke heart;3
sweet pea;3
anise seed;3
edamame;3
pork shoulder boston butt;3
fish sauce;3
cotija cheese;3
persian cucumber;3
yellow rice;3
venison;3
saltin;3
shrimp uncook;3
farro;3
fruit;3
swiss cheese;3
rosemary;3
reduced fat cheddar cheese;3
lime wedge;3
salmon;3
vegan butter;3
sweet paprika;3
whole chicken;3
tomato ketchup;3
gorgonzola;3
peach salsa;3
beef shank;3
almond butter;3
cayenne pepper sauce;3
clamato juice;3
bacon bit;3
heart;3
navy bean;3
button mushroom;3
mozzarella;3
simple syrup;3
less sodium chicken broth;2
sprig;2
mini chocolate chip;2
italian;2
pearl barley;2
ham steak;2
bone ranch;2
tostito;2
cocktail sauce;2
fat italian;2
piquillo pepper;2
seamless crescent dough;2
tabasco sauce;2
instant yeast;2
coconut nectar;2
envelope;2
seafood;2
egg noodl;2
top;2
french vanilla cake;2
tamari soy sauce;2
marshmallow creme;2
ciabatta roll;2
orange marmalade;2
orange peel;2
mild pork sausage;2
potato chip;2
pozole;2
whole tomato;2
margarita;2
portobello mushroom;2
ibarra;2
mild green chily;2
slider bun;2
raw milk;2
safflower;2
wish bone italian;2
grapefruit juice;2
low fat feta;2
pineapple salsa;2
watermelon pur e;2
bread dough;2
avocado salsa;2
zesty italian;2
chicken leg quarter;2
breakfast sausage patty;2
brioche;2
pita pocket;2
low sodium fat free chicken broth;2
whole wheat bread flour;2
whole wheat lasagna noodl;2
land o lakes butter;2
low sodium;2
key lime juice;2
piecrust;2
pumpkin pur e;2
breakstone s sour cream;2
burger style crumbl;2
ripe;2
pan;2
flax seed meal;2
brown basmati rice;2
banana pepper;2
beef tongue;2
white cheese;2
butter margarine blend;2
yellow food;2
whole wheat breadcrumb;2
ginger beer;2
italian sausage;2
fillet;2
green salsa;2
raw honey;2
taco bell home original;2
nopal;2
pot roast;2
free yogurt;2
jackfruit;2
avocado leaf;2
pork butt roast;2
free ranch;2
white cabbage;2
mi;2
onion salt;2
red radish;2
stevia;2
old bread;2
yolk;2
fat sour cream;2
nonfat milk;2
n chunky salsa;2
garlic pepper;2
organic brand;2
rotini pasta;2
low fat cheddar;2
free chili powder;2
italian plum tomato;2
hazelnut;2
has;2
guajillo chile powder;2
orzo pasta;2
saffron thread;2
peanut;2
chard;2
colby monterey jack cheese;2
summer squash;2
round roast;2
homemade;2
napa cabbage;2
kale leaf;2
bone in skin on chicken thigh;2
poblano chile pepper;2
plain low fat greek yogurt;2
rib;2
broccoli slaw;2
canola;2
poblano chily;2
reposado;2
thyme leaf;2
turkey broth;2
soda water;2
sandwich roll;2
goya sazon;2
cream sauce;2
handful cilantro;2
buffalo meat;2
regular sour cream;2
pumpkinseed;2
horseradish;2
crumb;2
head cabbage;2
sesame oil;2
queso anejo;2
dat;2
pineapple juice;2
iceberg;2
free egg;2
ricotta;2
soy sauce tamari;2
alfalfa sprout;2
bunch radish;2
start;2
cheese mexican;2
espresso;2
pita bread;2
jalapeno chile pepper;2
acorn squash;2
sprinkl;2
hollandaise sauce;2
onion top;2
limeade concentrate;2
italian pizza crust;2
dark chocolate chip;2
dark beer;2
tomato passata;2
coca cola;2
orange juice concentrate;2
almond meal;2
pistachio;2
v juice;2
vodka;2
elk;2
bean soup;2
cheese soup;2
boneless chicken thigh;2
margarita salt;2
fat free cottage cheese;2
lima bean;2
vegan worcestershire sauce;2
pomegranate juice;2
whole wheat hamburger bun;2
canela;2
apricot;2
red chile;2
dark chocolate cocoa powder;2
sodium beef broth;2
sofrito;2
cheese tortellini;2
raw cacao powder;2
c water;2
organic coconut oil;2
italian bread;2
red pepper sauce;2
half moon;2
gold medal flour;2
roast beef;2
yellow tomato;2
coffee bean;2
cans tomato sauce;2
low fat mayonnaise;2
seltzer;2
piece;2
whole wheat english muffin;2
yogurt;2
red chili;2
beef roast;2
puff pastry;2
condiment;2
knorr vegetable recipe;2
cherry;2
spanish chorizo;2
sandwich;2
mustard seed;2
inch;2
meat bon;2
roast peanut;2
ton wrapper;2
silken;2
panko;2
coconut flour;2
double cream;2
golden raisin;2
imitation crab meat;2
waffle fry;2
limeade;2
bunch scallion;2
garlic bulb;2
cuban pepper;2
portion;2
syrup;2
leaf lettuce;2
gouda;2
roast turkey;2
wesson canola oil;2
achiote;2
vanilla pod;2
accompaniment;2
soy protein;2
chicken cook pre;2
shoepeg corn;2
amaranth;2
blanco tequila;2
table cream;2
anise powder;2
sazon goya;2
eggplant;2
boneless pork chop;2
pork lard;2
roast;2
low sodium beef broth;2
crimini mushroom;2
cheese dinner;2
brandy;2
halibut;2
citru;2
undrain;2
fat cream cheese;2
lowfat greek yogurt;2
shiitake;2
orange segment;2
whole wheat pastry flour;2
butter oil;2
fish fillet;2
loin pork roast;2
dark red kidney bean;2
minute rice;2
ice cream;2
parsley sprig;2
whitefish fillet;2
pickle relish;2
organic chicken;2
swiss chard;2
milk chocolate chip;2
uncle ben;2
cheese dip;2
white mushroom;2
havarti cheese;2
vine;2
doritos chip;2
posole;2
full fat coconut milk;2
knudsen light sour cream;2
kahlua;2
mahi mahi;2
turkey sausage;2
caraway seed;1
snack cracker;1
sweet chocolate;1
curacao;1
gourmet salad green;1
tomato basil sauce;1
kraft sour cream;1
tony chacheres creole;1
tricolor quinoa;1
tip;1
boneless beef top sirloin steak;1
spring;1
tempura batter;1
lacinato kale;1
gluten free tamari;1
colby longhorn cheese;1
blackberry;1
buckwheat;1
pepper cheese;1
fat milk;1
t jalapeno;1
filet mignon;1
tripe;1
modela especial;1
dark molass;1
french;1
size flour tortilla;1
tarragon;1
lemon zest;1
habenero pepper;1
sandwich wrap;1
string bean;1
homemade vegetable stock;1
bone broth;1
c;1
low fat cottage cheese;1
flat leaf spinach;1
feet;1
coconut amino;1
pasta wagon wheel;1
flaxseed;1
green lentil;1
vein;1
breakfast sausage;1
bowl;1
free chicken broth;1
low fat chicken broth;1
whole wheat bagel;1
avocado soup;1
vegetarian burger crumbl;1
french roll;1
salsa con queso;1
club soda;1
pineapple ring;1
direction;1
jalepe o;1
vanilla bean paste;1
light agave nectar;1
apple pie spice;1
bone in pork shoulder;1
leaf mexican oregano;1
haricot bean;1
sugar cookie;1
knorr homestyl stock chicken;1
good amount;1
garlic pepper sauce;1
rest;1
longhorn cheddar cheese;1
grapefruit soda;1
hamburger meat;1
spears asparagu;1
squash blossom;1
corn muffin;1
cans kidney bean;1
green chile sauce;1
sage leaf;1
cranberry;1
red chile sauc;1
fajita size corn tortilla;1
reduced fat cheese;1
v;1
garlic butter crescent dinner roll;1
empty can;1
fennel;1
knorr reduc sodium chicken flavor bouillon;1
french baguette;1
;1
plain breadcrumb;1
soft mexican chorizo;1
container;1
brioche bread;1
sub bun;1
clementin;1
ginger liqueur;1
beet sugar;1
black eyed pea;1
spanish oliv;1
kaiser roll;1
apple cider;1
brown mushroom;1
steamer;1
grit;1
regular chili powder;1
ice water;1
c cilantro;1
ancho chili puree;1
percent agave tequila;1
green chili enchilada sauce;1
store bought mole poblano;1
broccoli rabe;1
asparagu;1
dozen corn tortilla;1
whole grain;1
gelatin;1
pace salsa;1
herdez salsa;1
size;1
good quality corn tortilla;1
white rice flour;1
avocado meat;1
green tomato;1
country bread;1
cajun spice;1
rock salt;1
hatch chil;1
heads bibb lettuce;1
chipotle powder;1
cacique queso fresco cheese;1
mccormick onion salt;1
pork rind;1
warmed;1
whole wheat penne pasta;1
achiote seed;1
light;1
cilantro stalk;1
hard chorizo;1
pints cherry tomato;1
fat free low sodium chicken broth;1
arrowroot starch;1
meatball;1
quorn crumbl;1
artichok;1
arepa;1
red chil;1
turkey ham;1
rice pilaf;1
tabasco chipotle pepper sauce;1
low salt beef broth;1
campanelle;1
additional cilantro;1
white cornbread;1
mission corn tortilla;1
beef rump steak;1
graham cracker;1
white tequila;1
japleno;1
island;1
excess fat;1
blood orange juice;1
gin;1
ripe mango;1
raja;1
mexican sour cream;1
cans chily;1
king prawn;1
maitake mushroom;1
fusilli;1
homemade taco;1
whole garlic;1
cactu;1
chex cereal;1
additional taco sauce;1
guajillo chily;1
creole style;1
heat tolerance;1
whole wheat couscou;1
block monterey jack cheese;1
shrimp meat;1
spicier;1
toaster oven;1
extra light olive oil;1
chilli paste;1
low sodium vegetable stock;1
mccormick taco;1
whole wheat rotini;1
coating;1
cans hominy;1
tri tip roast;1
natural yogurt;1
style cheese;1
chili con carne;1
grenadine;1
vinaigrette salad;1
cactus paddl;1
cans vegetable broth;1
x inch;1
green portion;1
cacique crema table cream;1
c cilantro leaf;1
color;1
millet;1
sprout;1
cilantro oil;1
room temperature;1
chily;1
jalape o chil;1
mexican style crema;1
vanilla bean ice cream;1
savoy cabbage;1
spare rib;1
crusty bread;1
minute tapioca;1
qt chicken stock;1
mango margarita;1
white sandwich bread;1
co jack;1
spring salad;1
pasta spiral;1
t cilantro;1
blade roast;1
drummett;1
bulb garlic;1
antelope backstrap;1
peppadew;1
bay scallop;1
cinnamon sugar;1
c mexican blend cheese;1
ragout;1
rice noodl;1
light cream;1
mexican style corn;1
full fat cream cheese;1
cans jalapeno salsa;1
caramel syrup;1
paneer;1
heirloom cherry tomato;1
cool whip;1
box au gratin potato;1
rich chicken stock;1
kewpie mayonnaise;1
curry;1
whole green chily;1
cantaloupe;1
endive;1
heads garlic;1
gluten free pasta;1
mulato chil;1
shrimp shell;1
grill pan;1
pie crust;1
baja tempura batter;1
swede;1
jalape o chily;1
whole cane sugar;1
lasagne;1
finger chili;1
sandwich bun;1
meal;1
orata;1
pork tenderloin tip;1
albacore;1
sodium chicken flavor bouillon;1
jerk;1
clabber girl corn starch;1
tostitos salsa;1
rice flour;1
beef base;1
rice wine vinegar;1
vine ripe tomato;1
calamari;1
whole wheat pizza crust;1
original ranch dip;1
red chile pepper pod;1
spaghetti noodl;1
green chile enchilada sauce;1
potato puree;1
achiote powder;1
coconut milk yogurt;1
boneless cod;1
parmesan;1
turkey kielbasa;1
head lettuce;1
rocket leaf;1
bottle taco sauce;1
inch whole wheat tortilla;1
quality mexican chorizo sausage;1
leftover meat;1
fork;1
cheese food;1
spanish rice pilaf;1
ounce cans beef broth;1
ceylon cinnamon;1
head;1
monterey cheese;1
negro modelo;1
good olive oil;1
roast turkey meat;1
land o lakes egg;1
espresso powder;1
white almond bark;1
hawaiian roll;1
milk powder;1
bone in;1
radiatori;1
top sirloin;1
instant tapioca;1
pasillas chil;1
red sweet bell pepper;1
sherry;1
spice islands garlic powder;1
garlic shoot;1
mexican vanilla;1
whole green chil;1
bunch cilantro leaf;1
round tortilla chip;1
jasmine;1
concoction;1
pit;1
beef frank;1
fideos pasta;1
free oat flour;1
quesadilla;1
poblano chile;1
ancho pepper;1
cane sugar;1
ounce cans frito lay bean dip;1
mascarpone;1
crosswise;1
maraschino cherry;1
matchstick;1
mild green pepper;1
sausage link;1
cake;1
queso fresca;1
head leaf lettuce;1
ounce bottle taco sauce;1
brown lentil;1
bragg liquid amino;1
serrano chile pepper;1
mexican bolillo roll;1
boneless rotisserie chicken;1
green appl;1
green part;1
chaya;1
cashew butter;1
whole wheat rotini pasta;1
monterrey cheese;1
cabot pepper jack;1
deep dish pie crust;1
whole wheat bread;1
hoagie bun;1
light cheddar cheese;1
food;1
sour orange juice;1
boneless chicken breast meat;1
beef tenderloin;1
instant polenta;1
caramel;1
grap;1
spicier flavor;1
hint;1
key limes zest;1
whole wheat spaghetti;1
mature cheddar;1
relish;1
planters pecan;1
stonefire tandoori garlic naan;1
open flame;1
liquid egg whit;1
celtic salt;1
cans chicken noodle soup;1
medjool dat;1
castelvetrano oliv;1
vegetable juice;1
commercial salsa;1
cashewmilk;1
marshmallow fluff;1
stagg chili;1
halloumi cheese;1
bagel;1
c sour cream;1
kiwi fruit;1
beef flank steak;1
corn taco shell;1
kalamata;1
cob;1
whole grain hamburger bun;1
broiler fryer chicken;1
buttermilk ranch salad;1
aleppo pepper;1
kielbasa;1
verde sauce;1
white fish;1
mexico chile pod;1
container guacamole;1
chicken noodle soup;1
tastebud;1
mexican avocado;1
spicy black bean veggie burger;1
round steak;1
halloumi;1
puff pastry sheet;1
cola;1
fat free mayonnaise;1
kraft crumbl;1
bitter;1
mussel;1
spicy brown mustard;1
boneless center cut loin pork chop;1
tangerine;1
italian meatball;1
part skim mozzarella;1
beef bouillon;1
use;1
romano cheese;1
watkins chili powder;1
reg salt;1
purple;1
anise oil;1
buttermilk cornbread;1
ribs celery;1
wild rice;1
beef tomato;1
sirloin tip;1
lager style beer;1
burrito size flour tortilla;1
bottle balsamic vinaigrette salad;1
jarlsberg;1
inch diameter;1
dr pepper;1
gluten free chicken stock;1
fideo;1
collard green;1
dark leafy green;1
semolina;1
reduced fat monterey jack cheese;1
daisy brand light sour cream;1
salsa con queso sauce;1
fat free;1
seville orange juice;1
pigeon pea;1
blackpepper;1
end;1
lemon lime soda;1
dill pickle;1
guajillo chile pepper;1
niblet corn;1
original cayenne pepper sauce;1
soft white corn tortilla;1
double concentrate tomato paste;1
tequila lime;1
bag;1
loin;1
medium heat tomato salsa;1
choice;1
cans crescent roll;1
instant espresso powder;1
old el paso taco shell;1
wheel;1
chipotle crema;1
nixtamal;1
soymilk;1
snow pea;1
risotto;1
strong black coffee;1
homemade corn tortilla;1
egg beater;1
chinese rice wine;1
progresso chicken broth;1
turkey meatball;1
whole grain mustard;1
bunch;1
sweet rice wine;1
cranberry sauce;1
special k cereal;1
white sauce;1
salmon steak;1
pomegranate;1
tabasco;1
knorr beef bouillon;1
ounce;1
white cake;1
tartar sauce;1
arepa flour;1
frank;1
naan;1
m s candy;1
pork sparerib;1
peppermint schnapp;1
lowfat monterey jack cheese;1
organic chicken broth;1
velveeta cheese;1
manicotti shell;1
good quality bacon;1
brie cheese;1
non fat;1
sweet vidalia onion;1
turkey breast deli meat;1
bibb lettuce;1
low moisture mozzarella;1
beef steak;1
tail;1
substitute cilantro;1
chunky tomato;1
beef shoulder;1
starch;1
beef sirloin;1
cocoa puff;1
pretzel;1
pork chop;1
minced;1
grain sea salt;1
queso fresco cheese;1
bottom;1
thaw;1
alaska halibut fillet;1
nonfat sour cream;1
turkey breast cutlet;1
parsnip;1
angel hair slaw;1
m;1
chicken sausage;1
artisan bread;1
grey poupon country dijon mustard;1
chipotle cream;1
cacique queso fresco;1
shuck corn;1
mini cucumber;1
wheat cracker;1
garbanzo bean flour;1
soya cheese;1
soften;1
post;1
old el paso tostada shell;1
egg substitute;1
mexican lime;1
c chicken broth;1
neapolitan ice cream;1
ortega;1
chipotle chili pepper;1
hard roll;1
leek top;1
nakano rice vinegar;1
london broil;1
use leftover steak;1
tuna fillet;1
grouper fillet;1
blueberry;1
boneless beef roast;1
vegetable juice cocktail;1
sorghum syrup;1
eyeball;1
gluten free rice flour;1
chimichurri;1
chili paste;1
knorr parslei minicub;1
buffalo chicken;1
chopped xa cilantro;1
marlin;1
market;1
red chile pod;1
elderflower liqueur;1
low sodium beef stock;1
chile guajillo;1
mutton;1
firm ripe avocado;1
kraft mayonnaise;1
white quinoa;1
jumbo egg;1
pint sour cream;1
hog casing;1
mushy;1
chipotle pepper flavor;1
bag boil in bag rice;1
cornish hen;1
big segement;1
pastry;1
free miracle whip tm;1
shortcrust pastry;1
anaheim chil;1
jumbo shell;1
philadelphia neufchatel cheese;1
good quality feta cheese;1
yukon gold;1
turnip;1
crabmeat;1
chunk chicken;1
kraft zesty italian;1
cajeta;1
romaine lettuce heart;1
feta;1
mango juice;1
reheat;1
t lime juice;1
pork stock;1
jalapeno pita chip;1
light cottage cheese;1
cans college inn chicken broth;1
waxy potato;1
honeydew melon;1
bag dorito;1
herdez salsa casera;1
greek cream cheese;1
small medium acorn squash;1
macadamia nut;1
fluff;1
honeydew;1
mexican four cheese blend;1
desire;1
fat free sour cream;1
work;1
sodium chicken stock;1
amaretto;1
mild italian sausage;1
jalapeno chile;1
soft flour tortilla;1
mushroom cap;1
light vanilla ice cream;1
arborio rice;1
fajita meat;1
ancho chily;1
blue cornmeal;1
fry;1
pork shoulder butt;1
romain lettuc leav;1
free flour tortilla;1
whole wheat fusilli;1
nasoya;1
excess moisture;1
cacao powder;1
parmigiano reggiano cheese;1
amount;1
tortellini;1
boneles;1
chicken breast deli meat;1
pinches saffron;1
mexican cream;1
chex;1
edible flower;1
candy can;1
mexico chile powder;1
cheddar monterey jack cheese blend;1
chocolate chunk;1
chicken breast tenderloin;1
jamaica;1
chicken breast tender;1
shell on shrimp;1
tender;1
sour;1
butter flavor vegetable;1
traditional italian sauce;1
jalapeno bean dip;1
chuck steak;1
zest;1
hoja santa;1
low sodium salt;1
cake flour;1
lager;1
sirloin tip steak;1
low fat yogurt;1
fat free reduced sodium chicken broth;1
recipe masa;1
light pepper jack cheese;1
cilantro lime sour cream;1
chipotle cheese;1
arbol chil;1
knorr onion;1
ounce cans kidney bean;1
signature tilapia;1
queso manchego;1
franks wings sauce;1
penne rigate;1
creamy havarti cheese;1
tortilla factory;1
bologna;1
paleo mayonnaise;1
good quality mayonnaise;1
liquid egg substitute;1
kumquat;1
stalks celery;1
sodium soy sauce;1
pesto;1
pork fat;1
salad leaf;1
green top;1
pastry flour;1
crab meat;1
pan dripping;1
red serrano pepper;1
filet mignon part;1
oxtail;1
grocers freezer;1
beefsteak tomato;1
ramen noodl;1
navel orange;1
chocolate ice cream;1
rice milk;1
kimchi;1
bone;1
tomato bouillon;1
salt pork;1
flat iron steak;1
alouette;1
bunches cilantro;1
mazola chicken flavor bouillon powder;1
bulk italian sausag;1
cans pinto bean;1
balsamic reduction;1
sugar pea;1
pineapple pulp;1
arrowroot;1
lamb;1
alfredo sauce;1
kelp granul;1
varieti;1
knorr rice side cheddar broccoli;1
sausage meat;1
culantro;1
stalk;1
gray salt;1
chile ancho;1
knorr chicken flavor rice sid;1
ricotta salata;1
six inch corn tortilla;1
green plantain;1
chocolate shaving;1
ras el hanout;1
bbq;1
bitter orange juice;1
free blend;1
fat free flour tortilla;1
big red onion;1
use worcestershire sauce;1
corncob;1
ham hock;1
plantain chip;1
old world style tradit pasta sauc;1
dark rum;1
sherry wine vinegar;1
silk vanilla soymilk;1
whole corn kernel;1
orzo;1
original barbecue sauce;1
gochujang base;1
wheat flour;1
deli rotisserie chicken;1
lemonade;1
blades lemongras;1
flan;1
prun;1
carton sour cream;1
fatback;1
monterrey jack cheese;1
jalapeno tabasco sauce;1
raw pumpkin seed;1
jalape o chile;1
commercial tortilla;1
clam juice cocktail;1
fideo pasta;1
vegan cheddar cheese;1
low sodium soy sauce;1
wafer roll;1
cinnamon graham cracker;1
french lentil;1
gold potato;1
liquid amino;1
nectarin;1
kiwifruit;1
crouton;1
mayo;1
light kidney bean;1
organic cane sugar;1
vidalia;1
beef shoulder roast;1
sea bas;1
dos equis beer;1
browny;1
whole wheat pizza dough;1
cassia cinnamon;1
vegetable protein;1
vegetable stock powder;1
godiva chocolate liqueur;1
kraft;1
hamburger patty;1
cacao;1
lemon rind;1
pillsbury biscuit;1
cointreau;1
sunny side;1
cans jalapeno pepper;1
vege sal;1
p t;1
water chestnut;1
crudit;1
beef mince;1
result;1
black salt;1
dairi dessert;1
inch piece cinnamon bark;1
chocolate hazelnut;1
glaze;1
annatto seed;1
corn niblet;1
natural vanilla ice cream;1
romaine;1
mild cheddar;1
chutney;1
scallion green;1
bunch celery;1
sour orang;1
anaheim chily;1
crust;1
hunk;1
veal tongue;1
guajillo pepper;1
ripe hass avocado;1
taste;1
country crock honey;1
kraft tuscan house italian;1
italian parsley leaf;1
free corn tortilla;1
flavor;1
pineapple juice concentrate;1
corn syrup;1
raw shrimp;1
gluten free flour;1
black bean salsa;1
rennet;1
stick;1
salt pepper;1
penne;1
green chile salsa;1
negra modelo;1
easy homemade;1
chocolate drink;1
garlic glov;1
pig feet;1
round corn tortilla chip;1
mezcal;1
cacao nib;1
pine nut;1
celery seed;1
jose cuervo tradicional;1
boneless beef top sirloin;1
ginger root;1
t sea salt;1
baja cabbage slaw;1
chihuahua;1
tapioca;1
pork loin chop;1
homemade beef stock;1
white fish fillet;1
chees;1
sprigs cilantro;1
chorizo egg;1
jack chees;1
high quality mexican chorizo;1
cans enchilada sauce;1
ravioli;1
mccormick garlic;1
haddock fillet;1
low fat greek yogurt;1
wolf brand chili;1
shrimp tail;1
gluten free breadcrumb;1
real mayonnai;1
classic ranch;1
chicken wingett;1
brine;1
caramel sauce;1
pancetta;1
bouillon powder;1
black turtle bean;1
turkey mince;1
aioli;1
bone guacamol ranch;1
organic vegetable broth;1
bag mexican cheese;1
reduced fat cheese mexican blend cheese;1
vanilla bean seed;1
pancake;1
garlic oil;1
easy guacamole;1
amout;1
sunflower seed;1
simple sofrito;1
sirloin tip roast;1
hot pepper sauce;1
vermouth;1
six inch flour tortilla;1
mint sprig;1
extra wide egg noodl;1
old fashioned oat;1
yellow corn kernel;1
soybean oil;1
hoagie roll;1
golden mushroom soup;1
rotisserie chicken breast;1
fryer chicken;1
dip;1
cheddar jack cheese;1
crisp salad green;1
beet green;1
light monterey jack cheese;1
ripe roma tomato;1
dark muscovado sugar;1
tuna steak;1
tyson crispy chicken;1
orang;1
grapefruit;1
v vegetable juice;1
rockfish;1
strip steak;1
duck fat;1
mexican spice blend;1
sweet grape tomato;1
onion ring;1
lipton recipe secrets onion soup;1
ready made salsa;1
green jalepeno;1
spice islands onion powder;1
toston;1
anaheim pepper;1
italian style salad;1
chile lime marinade;1
tequila shot;1
t salt;1
young shark fillet;1
haddock;1
tb butter;1
oregano powder;1
lager beer;1
flounder;1
sweet spanish paprika;1
fontina cheese;1
daiya;1
etc;1
t vegetable oil;1
taco size flour tortilla;1
low fat mozzarella cheese;1
raw;1
chobani yogurt;1
hormel chili;1
skin on chicken breast;1
champagne;1
chipotle mayonnaise;1
boston butt pork roast;1
favorite brand;1
mexican recipe;1
drained;1
lemon peel;1
vitamin d;1
thai chile;1
envelope taco;1
chile negro;1
bone in chicken thigh;1
yellow corn tortilla;1
spring roll;1
bacon grease;1
taco bell;1
store bought rotisserie chicken;1
free mayonnai;1
garlic chili sauce;1
cornflak;1
marjoram leaf;1
