olive oil;2643
garlic;2535
salt;1911
black pepper;1281
onion;1218
tomato;1204
pepper;1125
paprika;838
kosher salt;804
water;692
butter;617
egg;613
red pepper;597
parsley;558
spanish onion;552
cumin;541
red bell pepper;467
bay leaf;455
oregano;442
white wine;430
cilantro;399
sea salt;397
flour;366
thyme;359
sugar;357
yellow onion;355
purple onion;330
flat leaf parsley;320
lemon;319
spanish paprika;306
chicken stock;296
carrot;296
lemon juice;289
shrimp;279
vegetable oil;279
sherry vinegar;278
spanish chorizo;260
potato;259
saffron thread;254
chili powder;243
green bell pepper;239
cayenne pepper;214
tomato paste;211
pea;210
chicken broth;203
red wine vinegar;202
chorizo;200
almond;198
chicken thigh;182
cucumber;180
chicken breast;177
saffron;176
garlic powder;176
green oliv;169
jalapeno chily;169
lime juice;160
beef;158
chorizo sausage;156
shallot;155
parmesan cheese;154
chicken;152
sour cream;150
canola oil;149
rice;147
tomato sauce;145
basil;144
lime;141
green onion;140
white rice;139
ginger;137
milk;133
mussel;133
red wine;132
avocado;131
sweet paprika;131
cinnamon;129
scallion;126
plum tomato;125
heavy cream;124
chickpea;121
coriander;121
celery;120
cheddar cheese;118
oil;117
brown sugar;116
rosemary;115
honey;115
worcestershire sauce;111
cherry tomato;110
orange;110
caper;110
green pepper;109
turmeric;109
cilantro leaf;109
balsamic vinegar;108
sherry;108
chiv;107
oliv;107
baguette;106
manchego cheese;104
mayonnaise;104
onion powder;103
sauce;103
bell pepper;102
black bean;102
bacon;97
dijon mustard;96
nutmeg;93
spinach;93
zucchini;92
pimenton;92
basil leaf;91
low sodium chicken broth;88
arborio rice;88
thyme leaf;87
white onion;84
black oliv;81
sweet onion;81
cheese;80
chili;77
feta cheese;75
bread;75
white wine vinegar;75
cayenne;73
yellow bell pepper;72
bread crumb;72
pork;72
yukon gold potato;71
pimento;70
vegetable broth;68
whole milk;67
leek;66
peanut;65
celery rib;65
ham;65
clam;65
mushroom;65
spanish oliv;64
mint;62
roma tomato;61
beef broth;61
lemon zest;61
gruyere cheese;60
orange juice;60
salsa;59
sodium chicken broth;58
egg yolk;58
green bean;58
cumin seed;57
flour tortilla;57
beef stock;57
sweet spanish paprika;56
cream;55
long grain rice;54
littleneck clam;54
english cucumber;53
apple cider vinegar;52
corn;51
artichoke heart;50
vanilla;50
brown rice;50
vegetable stock;49
kale;49
mustard;48
ketchup;48
soy sauce;48
white vinegar;48
russet potato;48
eggplant;47
green chily;47
parsley leaf;47
spanish rice;47
french bread;46
juice;46
sweet potato;46
corn starch;46
white bread;45
corn tortilla;45
allspice;45
italian parsley leaf;45
soda;45
arugula;45
ancho powder;44
white pepper;43
black peppercorn;43
red potato;43
fennel seed;43
brandy;42
butternut squash;42
kalamata;42
mozzarella cheese;40
pancetta;40
sage;40
piquillo pepper;40
fennel bulb;40
spaghetti;39
bean;39
serrano ham;39
powder;39
cauliflower;39
clov;39
garam masala;39
tomato juice;38
short grain rice;38
thyme sprig;37
orange bell pepper;37
cinnamon stick;36
kalamata oliv;36
clove;36
quinoa;36
corn kernel;36
coriander seed;36
white sugar;36
crusty bread;35
taco;35
sausag;35
cider vinegar;35
prawn;35
herb;35
chipotl;34
vegetabl;34
pinenut;34
egg whit;33
vinegar;33
red onion;33
red chili pepper;33
raisin;33
breadcrumb;33
pepper sauce;33
boneless chicken breast;32
tomato pur e;32
romaine lettuce;31
rib;31
buttermilk;31
stock;30
panko breadcrumb;30
turkey;30
peanut oil;30
grape tomato;30
cream cheese;29
paella rice;29
plain yogurt;29
pork tenderloin;29
manzanilla oliv;29
basmati rice;29
golden raisin;29
coconut milk;28
sherry wine vinegar;28
enchilada sauce;28
poblano pepper;28
oregano leaf;28
jumbo shrimp;28
pasta;28
dark brown sugar;28
yeast;27
low sodium chicken stock;27
cannellini bean;27
pinto bean;27
goat cheese;27
squid;27
italian;27
beer;27
molass;26
fish stock;26
dill;26
country bread;26
pecorino romano cheese;26
anchovy fillet;25
gruy re cheese;25
green pea;25
heirloom tomato;25
fennel;25
greek yogurt;25
garbanzo bean;25
lettuce;25
maple syrup;24
white bean;24
yellow pepper;24
kidney bean;24
parmigiano reggiano cheese;24
flank steak;24
broth;24
rosemary leaf;24
clam juice;23
curry powder;23
sesame seed;23
tabasco pepper sauce;23
veal;23
meat;22
serrano chile;22
artichok;22
sweet pepper;22
cr me fra che;22
swiss cheese;22
mango;22
spring onion;22
vidalia onion;22
recipe;22
hungarian paprika;22
tarragon;22
fat;22
appl;22
orange zest;21
asparagu;21
short rib;21
bomba rice;21
medium grain rice;21
tortilla chip;21
blue cheese;21
provolone cheese;21
ancho chile pepper;21
rice vinegar;21
ice water;21
cremini mushroom;20
salad green;20
sriracha;20
sage leaf;20
scallop;20
crouton;20
pork shoulder;20
plain flour;20
swiss chard;20
cocoa powder;20
monterey jack cheese;20
sourdough bread;19
prun;19
andouille sausage;19
light corn syrup;19
tahini;19
cod fillet;18
lentil;18
turnip;18
ricotta cheese;18
walnut;18
spic;18
marjoram;18
feta cheese crumbl;18
knorr fiesta sides spanish rice;18
pizza dough;18
red capsicum;18
garlic salt;18
vodka;18
whole kernel corn;18
strawberry;18
salad;17
chocolate;17
apricot;17
horseradish;17
button mushroom;17
french baguette;17
mint leaf;17
celery salt;17
chile pepper;17
sea scallop;17
low salt chicken broth;17
hazelnut;17
crust;16
parsnip;16
anchovy;16
leaf;16
lard;16
wine;16
ghee;16
yellow cornmeal;16
prosciutto;16
pumpkin;16
liquid smoke;16
seed;16
serrano pepper;16
sausage casing;15
poblano chil;15
lamb;15
chile powder;15
parmesan;15
sausage;15
coffee;15
ice;15
chuck;15
ham hock;15
chicken wing;15
peach;15
lobster;15
vermouth;15
chicken leg;15
fish;15
rosemary sprig;15
marinara sauce;15
calamari;15
capsicum;15
cabbage;14
butter bean;14
polenta;14
chicken drumstick;14
lacinato kale;14
chili pepper;14
tortilla;14
radish;14
nutritional yeast;14
cornmeal;14
sesame oil;14
pecorino;14
broccoli;14
coconut oil;14
soup;14
mozzarella;13
lima bean;13
mustard seed;13
chip;13
old bread;13
hamburger bun;13
cognac;13
sofrito;13
pine nut;13
thigh;13
marcona almond;13
barbecue sauce;13
queso fresco;13
pineapple;13
seafood;13
chipotle chile;13
adobo;13
lime zest;13
parsley sprig;13
fish sauce;13
tuna;13
seedless cucumber;13
triple sec;13
celery stalk;13
green cabbage;13
sausage link;13
steak;13
gluten;13
raw almond;13
table salt;13
italian bread;12
salmon fillet;12
crimini mushroom;12
watermelon;12
monterey jack;12
italian sausage;12
liquid;12
guacamole;12
currant;12
spinach leaf;12
whole chicken;12
panko;12
mexican chorizo;12
agave nectar;12
slab bacon;12
iceberg lettuce;12
pork loin;12
thick cut bacon;12
green lentil;12
beefsteak tomato;12
portabello mushroom;11
crosswise;11
corn husk;11
star anise;11
cauliflower floret;11
chipotle chile pepper;11
salami;11
potato chip;11
great northern bean;11
ginger root;11
hothouse cucumber;11
stalks celery;11
pumpkin seed;11
white sandwich bread;11
shiitake;11
mustard powder;11
chipotle chile powder;11
green;11
salmon;11
green tomato;11
yoghurt;11
cod;11
lettuce leaf;11
roll;11
elbow macaroni;11
green chile;11
beet;11
cherry;11
halibut fillet;11
peppercorn;11
mexican cheese blend;11
tomatillo;11
granny smith appl;11
bone in skin on chicken thigh;11
lemon rind;10
pear;10
pomegranate seed;10
coconut;10
skirt steak;10
cardamom;10
brussels sprout;10
broccoli floret;10
pepita;10
cardamom pod;10
egg noodl;10
couscou;10
farro;10
pecan;10
whole grain mustard;10
green grape;10
red kidney bean;10
waxy potato;10
jack cheese;10
pineapple juice;10
red cabbage;10
plain greek yogurt;10
homemade chicken stock;10
champagne vinegar;10
sodium beef broth;10
boneless pork shoulder;10
kirby cucumber;10
chipotle pepper;10
boneless chicken thigh;10
aleppo pepper;10
leg;10
cajun;9
ripe tomato;9
margarine;9
collard green;9
chuck roast;9
pita bread;9
hass avocado;9
brown lentil;9
sel;9
min;9
lemon peel;9
sunflower oil;9
serrano chily;9
varnish clam;9
fontina cheese;9
seafood stock;9
beef stew meat;9
chunk;9
chicken sausage;9
puff pastry sheet;9
free egg;9
san marzano tomato;9
rotisserie chicken;9
sweet corn;9
linguine;9
chili sauce;9
sirloin;9
whole wheat flour;9
harissa;9
neutral oil;9
chipotle;9
whole almond;9
cotija;9
penne pasta;8
spanish mackerel;8
whitefish;8
nut;8
green grap;8
yellow rice;8
butter oil;8
tarragon leaf;8
low fat milk;8
blood orange;8
bread flour;8
caster sugar;8
poblano;8
pepper jack;8
jasmine rice;8
beef brisket;8
celery seed;8
pork sausag;8
yellow tomato;8
ricotta;8
chicken cutlet;8
tequila;8
cranberry;8
zest;8
jalapeno pepper;8
anaheim chile;8
shell;8
meat bon;8
gallo;8
bittersweet chocolate;8
meyer lemon;8
round steak;8
soft goat cheese;8
instant rice;8
dough;8
apple cider;8
tilapia fillet;8
italian parsley;8
dat;8
chunky salsa;8
angel hair;8
rabbit;8
kale leaf;8
oyster mushroom;8
cilantro sprig;8
shell on shrimp;7
plantain;7
okra;7
vanilla bean;7
poultry;7
garden pea;7
gochujang base;7
masa harina;7
fig;7
shiitake mushroom;7
fava bean;7
risotto rice;7
good olive oil;7
homemade beef stock;7
mexican oregano;7
organic vegetable broth;7
sazon;7
spice;7
sumac;7
persian cucumber;7
cracker;7
vegetable bouillon;7
fish fillet;7
haas avocado;7
spanish queen oliv;7
peanut butter;7
lobster tail;7
ranch;7
pesto;7
oyster;7
egg substitute;7
jicama;7
celery root;7
nonstick;7
vera;7
semi sweet chocolate morsel;7
low sodium soy sauce;7
cuban pepper;7
lager beer;7
pistachio;7
gold potato;7
chevre;7
marsala wine;7
anchovy paste;7
pomegranate molass;7
chicken finger;7
vanilla ice cream;7
chicken bouillon;7
tomato passata;7
bbq sauce;7
yellow squash;7
vinaigrette;6
vegan parmesan cheese;6
simple syrup;6
arbol chile;6
non fat sour cream;6
radicchio;6
asiago;6
lamb shoulder;6
corn oil;6
italian tomato;6
low sodium vegetable broth;6
idaho potato;6
haricots vert;6
chicken breast tender;6
plain breadcrumb;6
king prawn;6
white cheddar cheese;6
mace;6
ripe oliv;6
chickpea flour;6
knorr chicken flavor bouillon;6
string;6
reduced fat sour cream;6
masala;6
adobo sauce;6
reduced fat milk;6
rioja;6
annatto seed;6
serrano;6
sprigs thyme;6
oxtail;6
taco sauce;6
confectioners sugar;6
clementin;6
pie dough;6
romano cheese;6
padron pepper;6
genoa salami;6
ear;6
creole;6
san marzano;6
navy bean;6
codfish;6
club soda;6
brine;6
pecorino cheese;6
red lentil;6
country style bread;6
olive brine;6
turkish bay leaf;6
whitefish fillet;6
sake;6
whole black peppercorn;6
sunflower seed;6
black eyed pea;6
bouillon;6
red chile pepper;6
sweet pea;6
sardin;6
jalapeno;6
tomato soup;6
almond milk;6
low sodium beef broth;6
turkey breast;6
porcini mushroom;6
bacon fat;6
sweet italian sausage;6
parmigiano reggiano;6
vegetable juice;6
anchovy filet;6
fruit;6
lump crab meat;6
vegetable;6
onion soup;6
orecchiette;5
pearl onion;5
bun;5
thai chile;5
reduced sodium chicken broth;5
grap;5
italian plum tomato;5
arbol;5
cashew nut;5
orange liqueur;5
puff pastry;5
orzo pasta;5
crema;5
whole milk yoghurt;5
apple juice;5
summer squash;5
orzo;5
provence;5
gouda;5
pumpkin pur e;5
dark chocolate;5
aioli;5
low sodium vegetable stock;5
mustard green;5
green cardamom pod;5
low sodium beef stock;5
ribs celery;5
celery leaf;5
anise seed;5
bone in chicken breast;5
ras el hanout;5
giardiniera;5
russet;5
pork butt;5
crab;5
firm;5
whole peppercorn;5
california bay leaf;5
himalayan salt;5
noodl;5
gorgonzola;5
drain;5
raspberry;5
lasagna noodl;5
brisket;5
balsamico bianco;5
grate lime peel;5
pita;5
scotch bonnet chile;5
cornichon;5
harissa paste;5
popcorn kernel;5
pork shoulder butt;5
sirloin steak;5
rutabaga;5
pearl barley;5
pepperoni;5
blueberry;5
rye bread;5
corn flour;5
lemon pepper;5
bamboo shoot;5
extra firm;5
melon;5
bourbon whiskey;5
sandwich;5
greek;5
light mayonnaise;5
ciabatta bread;5
jalape o pepper;5
italian style breadcrumb;5
honeydew melon;5
nigella seed;5
cantaloupe;5
dill pickl;5
fideo;5
canola;5
rustic bread;5
yellow mustard;5
kimchi;5
fresno chil;5
sweet white wine;4
pork rib;4
spring water;4
swanson beef broth;4
orange peel;4
squash;4
savoy cabbage;4
turkey sausage;4
mini marshmallow;4
french lentil;4
seltzer;4
pork loin chop;4
grit;4
bow tie pasta;4
juniper berry;4
edamame;4
amontillado sherry;4
sprig;4
grouper;4
cottage cheese;4
bay scallop;4
veggy;4
piecrust;4
rum;4
pie crust;4
hoagie roll;4
allspice berry;4
chinese five spice powder;4
broccoli rabe;4
mission fig;4
winter squash;4
york strip steak;4
parmigiano;4
tuna steak;4
hominy;4
tart appl;4
shrimp shell;4
monkfish;4
head cauliflower;4
dinner roll;4
tomato salsa;4
pomegranate juice;4
red bean;4
ham steak;4
rice noodl;4
boneless pork loin;4
colby jack cheese;4
yukon gold;4
whole tomato;4
vegan yogurt;4
tapenade;4
acorn squash;4
ros wine;4
gin;4
belgian endive;4
cranberry juice;4
coffee bean;4
guanciale;4
corn syrup;4
brioche;4
penne;4
sweet sherry;4
mild curry powder;4
truffle salt;4
bacon dripping;4
fennel frond;4
corn chip;4
soften;4
broccolini;4
berry;4
base;4
american cheese;4
cassia cinnamon;4
carnaroli rice;4
frisee;4
watercres;4
frond;4
chile;4
cranberry bean;4
clover honey;4
beef chuck;4
pizza sauce;4
red grap;4
chicken thigh fillet;4
banana leaf;4
ripe avocado;4
almond flour;4
leaf parsley;4
blackberry;4
part skim mozzarella cheese;4
wild mushroom;4
pork belly;4
anise;4
spanish brandy;4
morcilla;4
vegan mayonnaise;4
loin pork roast;4
sourdough baguette;4
leaves oregano;4
pea shoot;4
lemongras;4
avocado oil;4
broad bean;4
seedless watermelon;4
inch;4
pork picnic shoulder;4
liquor;4
pomegranate;4
turkey kielbasa;4
pork chop;4
fenugreek;4
yellow mustard seed;4
salsa verde;4
guajillo chil;4
red quinoa;4
almond oil;4
rocket leaf;4
whole wheat bread;4
pineapple chunk;4
plum;4
red appl;4
cockl;4
garlic paste;4
peanut butter chip;4
pigeon pea;4
espresso;4
mexican style cheese;4
free blend;4
golden brown sugar;4
chipotle sauce;4
taco shell;4
ciabatta;4
boneless beef chuck roast;4
dark rum;4
choice;4
whole wheat breadcrumb;4
curry paste;4
bucatini;4
flaxseed;3
bosc pear;3
milk chocolate;3
caraway seed;3
salt pork;3
japanese eggplant;3
direction;3
garnish;3
ranch dip;3
whole wheat couscou;3
greek feta;3
almond meal;3
low fat swiss cheese;3
green chile pepper;3
mild green chil;3
green appl;3
chicken bouillon granul;3
whole nutmeg;3
navel orang;3
pork shoulder boston butt;3
nbsp;3
white mushroom;3
chestnut;3
sherry wine;3
round roast;3
tagliatelle;3
wine vinegar;3
chicken part;3
annatto;3
safflower oil;3
orange juice concentrate;3
cutlet;3
chutney;3
flavor;3
dark beer;3
caramel;3
maldon sea salt;3
linguisa;3
meatball;3
habanero;3
kiwi;3
candy;3
cranberry sauce;3
mazola corn oil;3
bok choy;3
cake;3
raw spanish peanut;3
romaine lettuce heart;3
red chili powder;3
hoisin sauce;3
pasilla chil;3
chop;3
granny smith apple;3
pizza crust;3
halibut;3
gelatin;3
chard;3
chicken breast fillet;3
tuna fillet;3
fillet;3
shrimp stock;3
frankfurter;3
old bay;3
proscuitto;3
light sour cream;3
applesauce;3
asafoetida;3
cornbread;3
stalk celery;3
marinade;3
duck breast;3
mozzarella ball;3
popcorn;3
goat s milk cheese;3
mint sprig;3
instant yeast;3
organic chicken broth;3
skin;3
coconut cream;3
sodium vegetable broth;3
spanish mackerel fillet;3
chile paste;3
crusty roll;3
port;3
tabasco;3
boston butt;3
macaroni;3
pan;3
crisp;3
potato starch;3
provolone;3
juic;3
paste;3
dog;3
fettucine;3
coleslaw;3
equal sweetener;3
mild cheddar cheese;3
raw cashew;3
grain;3
white truffle oil;3
turkey bacon;3
manzanilla sherry;3
butter lettuce;3
white almond bark;3
corn tortilla chip;3
muenster cheese;3
store bought low sodium beef broth;3
chipotle salsa;3
oloroso sherry;3
sweet mini bell;3
whole wheat tortilla;3
whole wheat hamburger bun;3
meyer lemon juice;3
crab meat;3
hard cheese;3
turkey thigh;3
sugar pea;3
fajita;3
natural yogurt;3
brioche bun;3
devein;3
italian turkey sausage;3
spanish pepper;3
pepper jack cheese;3
pasta sauce;3
fat free chicken broth;3
coriander powder;3
double cream;3
kielbasa;3
mizuna;3
leaf oregano;3
enokitake;3
minut;3
orange flower water;3
boneless pork chop;3
homemade;3
chicken liver;3
gochugaru;3
grana padano;3
bacon rasher;3
mexican;3
fusilli;3
sparerib;3
pancake;3
lardon;3
liqueur;3
cherrystone clam;3
rotel tomato;3
tomato ketchup;3
fatback;3
black cod fillet;3
chocolate chip;3
cola;3
barley;3
green chil;3
boneles;3
hard salami;3
free yogurt;3
tiger prawn;3
sweet chili sauce;3
ale;3
soy;3
coconut sugar;3
beef tenderloin;3
toast;3
queso manchego;3
slaw;3
snail;3
raw honey;3
page;3
konbu;3
chicken leg quarter;3
pumpkinseed;3
vital wheat gluten;3
sourdough;3
stalk;3
white flour;3
penne rigate;3
duck;3
sprout;3
casing;3
nonfat greek yogurt;3
lavender;3
napa cabbage;3
pickl;3
plain whole milk yogurt;3
mortadella;3
fat mayonnaise;3
filo dough;3
matzo meal;3
fino sherry;3
crabmeat;3
bunch kale;3
fat cheddar cheese;2
halloumi cheese;2
pork sausage;2
california avocado;2
shank;2
ceylon cinnamon;2
flounder fillet;2
medjool date;2
yellow heirloom tomato;2
bagel;2
sodium soy sauce;2
skin on chicken thigh;2
whole green bell pepper;2
virginia ham;2
banana pepper;2
whole cumin seed;2
kasuri methi;2
black salt;2
ton wrapper;2
walla walla;2
tater tot;2
red beet;2
snapper;2
pepperoni sausage;2
cardamon;2
room temperature;2
black sea bas;2
cornish hen;2
hake fillet;2
ni oise oliv;2
drummett;2
canadian bacon;2
creole mustard;2
dijon;2
clam meat;2
minute steak;2
marjoram leaf;2
cashew milk;2
green plantain;2
plain seltzer;2
membrillo;2
meat stock;2
tortilla shell;2
italian roll;2
supermarket;2
camembert;2
low fat ricotta cheese;2
chervil;2
chicken fillet;2
sour orange juice;2
root;2
black cardamom pod;2
ruby port;2
annatto oil;2
breadstick;2
squid tube;2
mustard oil;2
thicknes;2
brown rice flour;2
sweet pickle relish;2
tabasco sauce;2
cavaillon melon;2
rock salt;2
white chocolate chip;2
bunch italian parsley;2
root vegetabl;2
garlic pepper;2
marmalade;2
orang;2
sobrasada;2
goya lemon juice;2
grapefruit;2
grapefruit juice;2
chicken base;2
merguez sausage;2
food mill;2
people;2
pinot grigio;2
crisco;2
red chili;2
millet;2
golden beet;2
squid ink;2
lamb shank;2
gallon water;2
sweet corn kernel;2
soft polenta;2
beef rib;2
tapioca flour;2
twist;2
turkey meat;2
cook egg;2
asadero;2
chourico;2
whole wheat angel hair pasta;2
red bliss potato;2
strong white bread flour;2
blue corn tortilla chip;2
coconut rum;2
low fat mayonnaise;2
rice pilaf;2
beef shoulder;2
soy milk;2
saltine cracker;2
white part;2
top sirloin;2
buttermilk biscuit;2
sweet bell pepper;2
skim milk;2
swordfish;2
petite pea;2
spring salad;2
xanthan gum;2
mild olive oil;2
corn on the cob;2
natural peanut butter;2
empanada dough;2
english pea;2
california chile;2
pomegranate balsamic vinegar;2
green tail shrimp;2
achiote;2
chily;2
hibiscus flower;2
calamansi;2
crumb;2
caper berry;2
high gluten flour;2
low sodium vegetable juice;2
flatbread;2
spaghetti sauce;2
basmati;2
crush;2
swanson vegetable broth;2
sodium swiss cheese;2
red leaf lettuce;2
day old italian bread;2
rib eye steak;2
butterscotch chip;2
grand marnier;2
gruyere;2
pale ale;2
fudge;2
caponata;2
rice flour;2
limeade concentrate;2
japanese breadcrumb;2
caraway;2
chocolate sandwich cooky;2
old el paso enchilada sauce;2
polenta corn meal;2
chile sauce;2
skin on;2
plain low fat yogurt;2
lemon thyme;2
brown basmati rice;2
low sodium chick pea;2
uncle ben;2
green portion;2
tail;2
key lime;2
soft corn tortilla;2
boneless sirloin steak;2
duck fat;2
vegan cheese;2
passata di pomodoro;2
instant coffee;2
salad oil;2
whiskey;2
merlot;2
pork sirloin;2
mesclun;2
mazola chicken flavor bouillon powder;2
green garlic;2
duck drumstick;2
green leaf;2
naan;2
oyster cracker;2
head garlic;2
poblano chily;2
asparagus spear;2
coca cola;2
blood orange juice;2
buckwheat flour;2
chipotle puree;2
oat;2
free range chicken;2
jerk;2
wrapper;2
english muffin;2
burger bun;2
italian salad;2
lim;2
kaffir lime leaf;2
dozen littleneck clam;2
low fat cheddar cheese;2
boneless chicken;2
squid ring;2
beef fillet;2
multigrain bread;2
white button mushroom;2
sugar pumpkin;2
corn salsa;2
goya adobo;2
cheese blend;2
whole wheat pastry flour;2
french bread loav;2
velveeta;2
montreal steak;2
cuttlefish;2
andouille chicken sausage;2
brown mushroom;2
oven ready lasagna noodl;2
garlic puree;2
veg oil;2
pork roast;2
french onion soup;2
salad leaf;2
pesto sauce;2
fideos pasta;2
peperoncini;2
stew meat;2
sprinkl;2
elephant garlic;2
jamon serrano;2
dukkah;2
florida avocado;2
cashew;2
beef tenderloin steak;2
ap flour;2
cashew butter;2
gluten free flour;2
snapper fillet;2
pineapple ring;2
swordfish steak;2
vine tomato;2
pint cherry tomato;2
snow pea;2
sandwich roll;2
organic carrot;2
hand;2
california;2
hearty red wine;2
white cabbage;2
mazola sobrecitos chicken flavor bouillon packet;2
banana;2
zucchini blossom;2
spicy sausage;2
aleppo;2
cava;2
white potato;2
lemonade concentrate;2
squash blossom;2
quahog clam;2
tortellini;2
garlic chiv;2
end;2
twine;2
tri tip;2
lamb neck;2
green cardamom;2
cheese sauce;2
chili paste;2
sweet relish;2
vegan sour cream;2
langoustin;2
white quinoa;2
curry;2
rice wine;2
chayot;2
light coconut milk;2
vermicelli;2
sazon goya;2
rotelle;2
tamarind paste;2
espresso bean;2
celery stick;2
goya;2
pistachio nut;2
cippolini onion;2
licor;2
raw sugar;2
crispy bacon;2
fish broth;2
coconut flour;2
beef bouillon;2
rice a roni;2
imitation crab meat;2
ll use;2
silver tequila;2
broiler fryer chicken;2
microgreen;2
regular pepperoni;2
valencia rice;2
cassi;2
leche;2
gazpacho;2
sound hollow;2
brown shrimp;2
spicy brown mustard;2
cardamom seed;2
pepperoncini;2
greek olive;2
rump roast;2
rainbow chard;2
szechwan peppercorn;2
monkfish fillet;2
balsamic reduction;2
pork liver;2
hoagie bun;2
quince paste;2
grape leaf;2
pappadum;2
octopus;2
tangerine;2
wild rice;2
bittersweet chocolate chip;2
instant couscou;2
sea bass fillet;2
whole red bell pepper;2
ancho;2
pastrami;2
blender;2
claw;2
sleeve;2
peppadew;2
habanero pepper;2
hog casing;2
spanish peanut;2
lamb stew meat;2
tamari soy sauce;2
garlic bulb;2
whole grain bread;2
bone broth;2
chia seed;2
artisan bread;2
european cucumber;2
bread roll;2
chicken bon;2
tahini paste;2
basil sprig;2
portobello cap;2
cream sherry;2
wheat;2
meal;2
brown mustard;2
pasta water;2
country crock;2
white peach;2
cornstarch;2
etc;2
pork fillet;2
nasturtium;2
spring;2
red snapper;2
golden zucchini;2
campari;2
syrup;2
broccoflower;2
whole wheat baguette;2
chiffonade;2
celtic salt;2
cans cannellini bean;2
parmesan romano cheese blend;2
organic tomato;2
less sodium chicken broth;2
escarole;2
lime rind;2
sturgeon caviar;2
roast peanut;2
spice islands bay leaf;2
merluza;2
pasta spiral;2
red radish;2
file powder;2
quinc;2
balsamic vinaigrette salad;2
thai basil;2
condiment;2
ragu;2
daikon;2
runny honey;2
sweet yellow onion;2
old fashioned oat;2
parmigiana reggiano;2
rotini;2
tart cherry;2
mushroom sauce;2
bas;2
hash;2
chinese sausage;2
lemon lime soda;2
mango chutney;2
mini phyllo dough shell;2
light beer;2
portuguese chorizo;2
cremini;2
italian pork sausage;2
empanada dough xa;1
johnsonville andouille sausage;1
vietnamese fish sauce;1
avocado meat;1
hummu;1
low sodium;1
quick oat;1
homemade chicken broth;1
achiote seed;1
dark sesame oil;1
link;1
yellow potato;1
liquid honey;1
buttercup squash;1
macaroni pasta;1
lamb fillet;1
cumin powder;1
root vegetable;1
pizza cheese;1
sangria;1
homemade vegetable stock;1
peeeld;1
lamb loin chop;1
ragout;1
rind;1
french roll;1
mushroom powder;1
knorr garlic minicub;1
nonfat buttermilk;1
whole deli roll;1
sub roll;1
brand;1
green pistou;1
mccormick sea salt;1
sweet italian sausage link;1
chicken sauce;1
pompeian olivextra premium oil blend;1
rainbow trout;1
sprigs basil;1
philadelphia cream cheese;1
paprika powder;1
palm sugar;1
boniato;1
honey dijon mustard;1
field lettuce;1
ml milk;1
bundle thyme;1
rotel;1
saltin;1
skewer;1
crawfish;1
tvp;1
whole wheat orzo;1
giant white bean;1
glass noodl;1
round italian;1
cheese stick;1
beef broth stock;1
sambal chile paste;1
triple cheddar cheese;1
sandwich bun;1
boneless pork butt;1
free beef stock;1
pimiento;1
tagliatelle noodl;1
spice aisle;1
;1
cup g wholewheat flour;1
seltzer water;1
whole grain;1
pearl rice;1
monkfish loin;1
beef oxtail;1
pot roast;1
quart beef broth;1
soda water;1
english mustard;1
whole grain rotini;1
whit;1
head iceberg lettuce;1
shiitake mushroom cap;1
dogfish;1
sweet tomato basil pasta sauc;1
japanese rice vinegar;1
soy chorizo;1
tonic;1
c balsamic vinaigrette;1
pace picante sauce;1
vine ripe tomato;1
dreamfields penne rigate;1
cup milk;1
guajillo chile powder;1
haricot bean;1
zesty italian;1
udon;1
red curry paste;1
bunch chiv;1
wasabi paste;1
bulgur;1
loin;1
nbsp bomba;1
ml cr me fra che;1
turkey carcas;1
pink lady apple;1
maitake mushroom;1
spicy mayonnaise;1
dubliner cheese;1
lasagne;1
graham cracker;1
ready lasagna noodl;1
black mustard seed;1
taco topping;1
bottom shell;1
non dairy sour cream;1
tough fiber;1
goat;1
brat;1
garlic sauce;1
tex mex;1
cans tomato;1
panko bread crumb;1
mandolin;1
cream yogurt;1
merguez lamb sausage;1
spaghetti squash;1
puy lentil;1
candlenut;1
decoration;1
pimento oliv;1
neck;1
valley ranch;1
sugar dissolv;1
low salt beef broth;1
low fat mozzarella cheese;1
brown button mushroom;1
chanterelle;1
quail;1
crema mexicana;1
portobello mushroom cap;1
amberjack;1
nduja;1
reduced fat swiss cheese;1
samphire;1
calamari steak;1
cans chicken broth;1
butcher;1
fat ranch;1
jambalaya;1
old world lentil soup;1
cracker meal;1
hubbard squash;1
teriyaki sauce;1
jack;1
ragu sauce;1
shuck corn;1
french mustard;1
ounce;1
vegan butter;1
fork;1
leaves hand;1
tomato paste concentrate;1
spanish rice pilaf;1
whole red onion;1
grams slab bacon;1
no chicken broth;1
lamb leg;1
dog bun;1
lacinato;1
italian style;1
gruy re;1
orange marmalade;1
sheep s milk cheese;1
pound chicken;1
skin on cod fillet;1
boneless beef chuck;1
mango nectar;1
temperature;1
guinness beer;1
knorr reduc sodium chicken flavor bouillon;1
month;1
bloody mary;1
cheese curd;1
canela;1
poussin;1
ramekin;1
crispy rice cereal;1
dark meat;1
lox;1
pound piece jicama;1
rotelle macaroni;1
beef consume;1
calamata oliv;1
whole butternut squash;1
medium ish yukon gold potato;1
day old tuscan style bread;1
wesson canola oil;1
pappardelle;1
mussel stock;1
kaiser roll;1
whole scotch bonnet pepper;1
milk chocolate candy;1
bouillon shrimp;1
kimchi juice;1
usu age;1
reduced fat mayonnaise;1
classic white sandwich bread;1
lima;1
merguez;1
mild paprika;1
hero roll;1
oreo cooky;1
cherry brandy;1
capicola;1
tonic water;1
cabral;1
cavatappi;1
tomato basil sauce;1
kahl a;1
stew;1
mission corn tortilla;1
leftover pasta;1
cervasi balsamic vinegar;1
trefoil;1
cool whip;1
t stick;1
rice wine vinegar;1
sucanat;1
poppy seed;1
light agave nectar;1
castelvetrano;1
gourmet garden garlic;1
spanish manzanilla oliv;1
onion ring;1
bouquet;1
bitter orange juice;1
morrow;1
thaw;1
tripe;1
perugina bittersweet chocolate;1
chicken vegetable broth;1
grey salt;1
portuguese roll;1
black rice;1
dark molass;1
golden syrup;1
orange blossom honey;1
bone in ribeye steak;1
bunch scallion;1
squirrel;1
madeira wine;1
amount;1
apricot nectar;1
sauerkraut;1
nectarine;1
hake;1
kewpie mayonnaise;1
carnation;1
qt water;1
farfalle pasta;1
yogurt;1
tiger nut;1
grams honey;1
fingerling;1
lemon olive oil;1
mackerel fillet;1
porcini;1
pomegranate syrup;1
head;1
weight mozzarella cheese;1
peach nectar;1
chicken meat;1
lobster meat;1
savory duck fat pie crust;1
artichoke quarter;1
yuca;1
popsicle;1
cerignola oliv;1
white currant;1
tyson chicken;1
arrow root;1
coconut amino;1
albacore;1
rice cracker;1
bean curd;1
good quality deli roast beef;1
ounce butter;1
lucid absinthe;1
wish bone light raspberry walnut vinaigrette;1
black quinoa;1
whole grain baguette;1
light cream;1
worcestershire;1
crostini;1
sour pickle;1
pint raspberry;1
caul fat;1
roast turkey;1
pearl couscou;1
candy bar;1
bags boil in bag long grain rice;1
sansho;1
rye flour;1
pekin;1
mild salsa;1
black mission fig;1
whole roma tomato;1
beef bouillon granul;1
lemonade;1
peanut oil work;1
short grain spanish rice;1
celeriac;1
boneless lamb shoulder;1
demi baguette;1
demi glace;1
endive;1
bunches kale;1
cervasi fusilli pasta;1
lavender flower;1
havarti cheese;1
gravy;1
cholent;1
cassava root flour;1
cassava;1
chilli paste;1
rapid rise yeast;1
bicarbonate;1
kahlua;1
lemon glaze;1
bonito;1
chardonnay;1
perugina chocolate;1
pomegranate soda;1
cavolo nero;1
loin pork chop;1
al dente;1
heritage turkey;1
ranch salad;1
original ranch;1
t butter;1
color;1
low sodium tomato sauce;1
knorr homestyl stock beef;1
rice bran oil;1
kefir;1
frank;1
reduced sodium beef broth;1
greek kalamata oliv;1
black onion seed;1
flat leaf parsley sprig;1
raclette;1
piece parmigiano reggiano rind;1
peach liqueur;1
tsp salt;1
free chicken broth;1
chocolate cake;1
angel hair pasta;1
turbinado;1
sugar pie pumpkin;1
turkey liver;1
extra firm silken;1
tbsp olive oil;1
bock beer;1
watercress leaf;1
vanilla pod;1
veal shank;1
canola mayonnaise;1
quorn crumbl;1
diameter;1
creamy peanut butter;1
tea;1
vine;1
laurel leaf;1
crawdad;1
container;1
capon;1
rotini pasta;1
pernod;1
au ju;1
whole wheat penne pasta;1
tapioca starch;1
graham cracker crumb;1
reduced fat feta cheese;1
ice cream;1
cream vodka;1
pilsner beer;1
bottle clam juice;1
pork shoulder roast;1
vegetarian bacon;1
low salt beef stock;1
mini chocolate chip;1
leaf lettuce;1
root ginger;1
cod fish;1
bakers yeast;1
raw rice;1
pie shell;1
bisquick;1
white roll;1
cabot chipotle cheddar;1
bertolli classico olive oil;1
iceberg;1
ripe plum tomato;1
thawed;1
block style less fat cream cheese;1
red serrano pepper;1
comt cheese;1
white karo;1
red rice;1
anasazi bean;1
onion marmalade;1
littleneck;1
bone in;1
strong black coffee;1
stevia;1
cabernet sauvignon;1
island;1
sourdough sandwich roll;1
miniature marshmallow;1
rib bone;1
bird chile;1
marrow;1
italian eggplant;1
tasajo;1
squab;1
radish sprout;1
german chocolate;1
daiya;1
sea bream;1
green papaya;1
full fat mozzarella;1
peak;1
artichoke bottom;1
sugarcane;1
reserve;1
chili oil;1
pork cutlet;1
chili bean paste;1
fernet branca;1
whole grain rice;1
non dairy milk;1
box sugar free fat free butterscotch;1
cheddar;1
jack chees;1
freekeh;1
haddock fillet;1
risoni;1
old el paso taco;1
grams potato;1
whole wheat pita;1
brown mustard seed;1
fish finger;1
whole piece chicken;1
full cream;1
sandwich steak;1
whole ripe tomato;1
envelope lipton recipe secrets onion soup;1
original tabasco sauce;1
capellini;1
bone in chicken;1
garlic shoot;1
wheat bread;1
rice pasta;1
balsamic vinegar glaze;1
queso anejo;1
torr;1
spike;1
malibu caribbean rum;1
garlic oil;1
mexican style tomato;1
cream lowfat;1
lengthway;1
homemade marinara sauce;1
gouda cheese;1
bamboo skewer;1
baton;1
bucatini pasta;1
whole milk ricotta;1
turkey fat;1
shellfish;1
italian sausag;1
stick;1
san marzano brand;1
bolognese sauce;1
elderflower liqueur;1
easy chunky tomato sauce;1
duck bon;1
turnip green;1
cartons reduced sodium beef stock;1
phyllo pastry;1
jerusalem artichok;1
beef roast;1
market;1
beef sausage;1
speck;1
balls buffalo mozzarella;1
roast beef;1
spanish type;1
semi sweet chocolate chip;1
burrata;1
part skim mozzarella;1
caper brine;1
burger roll;1
use;1
pita chip;1
bottles clam juice;1
emmenthal;1
german chocolate bar;1
moon mountain vodka;1
gold s horseradish;1
ice wine;1
england clam chowder;1
spaghetti work;1
arugula leaf;1
sunchok;1
pork bon;1
knorr garlic;1
shin;1
brown ale;1
pints cherry tomato;1
lavash;1
challa;1
chinkiang vinegar;1
pickle relish;1
mild paprika powder;1
elea olive oil;1
orange soda;1
round;1
beef shank;1
soft shell crab;1
cup g all purpose plain flour;1
wafer cooky;1
ginger paste;1
fuyu persimmon;1
tzatziki sauce;1
herb cheese;1
broccoli raab;1
popcorn salt;1
tanier;1
shoulder meat;1
boneless duck breast;1
orange segment;1
white corn tortilla;1
t olive oil;1
edam;1
centimetre;1
focaccia roll;1
extra smooth ricotta;1
haddock;1
oyster sauce;1
piment despelette;1
delicata squash;1
extra butter;1
reduced sodium vegetable broth;1
thick spaghetti;1
beefeater gin;1
celery heart;1
fromage blanc;1
chicken cook pre;1
shallow pan;1
citrus fruit;1
posole;1
whole milk ricotta cheese;1
good quality low sodium beef broth;1
clam base;1
amaranth;1
galanga;1
horseradish cream;1
swis;1
oakleaf lettuce;1
instant espresso granul;1
g p;1
dorito;1
bean soup;1
dark corn syrup;1
g;1
white meat;1
tomato pesto;1
ripe hass avocado;1
sweet n;1
dark leafy green;1
rib steak;1
belacan;1
v juice;1
bulk italian style pork sausage;1
boneless chuck roast;1
caramel sauce;1
mushroom stock;1
raw hazelnut;1
bouillon powder;1
black turtle bean;1
lemon gras;1
manzanilla;1
bulgur wheat;1
chorizo spanish;1
dashi;1
squash seed;1
chianti;1
matsutake mushroom;1
boneless ny strip steak;1
whole plum tomato;1
vanilla essence;1
black vinegar;1
sorghum molass;1
boneless cod fillet;1
cacao nib;1
pretzel twist;1
sea urchin roe;1
yellow hominy;1
beef blade meat;1
maggi;1
crimini;1
chicory;1
organic milk;1
moon;1
scallion green;1
pace chipotle chunky salsa;1
arrowroot powder;1
bottle vegetable juice;1
globe eggplant;1
recaito;1
lamb neck fillet;1
tikka masala curry paste;1
grill;1
fat free milk;1
lemon soda;1
japanese bread crumb;1
favorite green;1
colby cheese;1
real mayonnaise;1
monterrey cheese;1
whole yellow bell pepper;1
table wine;1
black cherry soda;1
white poppy seed;1
asiago cheese;1
t stalks celery;1
favorite bbq sauce;1
green pepper sauce;1
mexican chile;1
castelvetrano oliv;1
white cheddar;1
part;1
dumpling;1
picholine oliv;1
kraft zesty italian;1
green part;1
asian eggplant;1
burgundy;1
spanish redskin peanut;1
pepperidge farm cracker;1
cane sugar;1
truffle oil;1
wide shallow skillet;1
italian cheese;1
savory soup;1
whole green chil;1
milk chocolate chip;1
jasmine;1
cachaca;1
borlotti bean;1
organic chicken;1
pit;1
jif creamy peanut butter;1
flat beer;1
fruit vinegar;1
glugs olive oil;1
calvado;1
instant polenta;1
tomato basil pasta sauce;1
filet;1
pastry;1
cornflake cereal;1
wheatberry;1
boneless chicken breast meat;1
romano bean;1
best quality plum tomato;1
greek style vinaigrette;1
knorr chicken stock pot;1
minute rice;1
rib celery;1
medjool dat;1
syrah;1
cans tomato sauce;1
relish;1
suet;1
length;1
lower sodium beef broth;1
mushroom trimming;1
gluten free breadcrumb;1
young eggplant;1
grappa;1
goya caper;1
red chile powder;1
furikake;1
almond butter;1
veget soup;1
semolina flour;1
original barbeque sauce;1
prosciutto di parma;1
green enchilada sauce;1
ahi;1
egg beaters egg whit;1
pheasant;1
preference;1
meaty beef bon;1
sweet basil;1
dijon vinaigrette;1
beef flank steak;1
perciatelli;1
pace chunky salsa;1
sodium worcestershire sauce;1
low sodium ketchup;1
organic sugar;1
bread bowl;1
fat free mayonnaise;1
fuji appl;1
lime peel;1
head romaine lettuce;1
gourmet garden garlic paste;1
vegetable fat;1
whole basil leaf;1
tomato cream sauce;1
spice islands cilantro;1
st;1
bouquet garni;1
sauce cling;1
chinese rice wine;1
old world style pasta sauc;1
bluefish;1
glutenfre rice;1
green pumpkin seed;1
helix snail;1
free worcestershire sauce;1
tortiglioni;1
black lentil;1
veal ju;1
chipotle chil;1
soymilk;1
back;1
sweet chocolate;1
seville orange juice;1
canton noodl;1
pickle juice;1
container low fat sour cream;1
gr;1
dr pepper;1
french fry;1
cres;1
anise liqueur;1
moonshine;1
whole yelow onion;1
greek style yogurt;1
use chicken broth;1
pasta shell;1
soft sandwich roll;1
instant espresso powder;1
delicate casing;1
buffalo meat;1
cherry syrup;1
wheel;1
safflower;1
knorr parslei minicub;1
semi sweet chocolate bit;1
head radicchio lettuce;1
best quality mayonnaise;1
seafood cocktail sauce;1
jalapeno jack cheese;1
ripe peach;1
red chile;1
citron;1
mackerel;1
madeira;1
tallow;1
golden caster sugar;1
summer savory;1
bottle barbecue sauce;1
mini mozzarella ball;1
streaky bacon;1
fat free cheddar cheese;1
valle;1
calamansi juice;1
queso fresca;1
malt vinegar;1
masa dough;1
heavy cream double cream;1
pole;1
silver floss sauerkraut;1
green leaf lettuce;1
thick cut;1
wondra;1
edamame bean;1
boneless lamb;1
golden delicious appl;1
low fat sour cream;1
free beef broth;1
tspn salt;1
crusty french bread;1
bunch cilantro;1
double concentrate tomato paste;1
sesame seeds bun;1
vegan bouillon;1
peach schnapp;1
white hominy;1
sweet rice flour;1
heat;1
mascarpone;1
lamb chop;1
red chilli;1
raw cane sugar;1
original ranch salad;1
mexicorn;1
champagne;1
black rice vinegar;1
sashimi grade tuna;1
chicken broth stock;1
hamburger patty;1
nappa cabbage;1
cans campbells beef broth;1
fennel tomato sauce;1
vine cherry tomato;1
romano;1
pink salt;1
cointreau;1
pres;1
cane vinegar;1
chili bean;1
golden veggie fettuccine pasta;1
mexican style chorizo;1
cherry juice;1
diet coke;1
glass;1
linguini;1
sauvignon blanc;1
about;1
low fat;1
veal sweetbread;1
broiler chicken;1
homemade stock;1
port wine;1
raclette cheese;1
shishito chile pepper;1
wheat berry;1
pasti;1
bomba;1
sodium beef stock;1
ricotta salata;1
whole allspice;1
sprigs mint;1
black forest ham;1
beef heart;1
stale white bread;1
cubano chile pepper;1
acorn;1
dark rye bread;1
red chilly;1
whole wheat country bread;1
use worcestershire sauce;1
raspberry vinegar;1
organic cane sugar;1
low sodium tomato juice;1
water chestnut;1
whole wheat pizza dough;1
vegetarian sausage;1
cm;1
moscato;1
vidalia;1
classic alfredo sauce;1
bermuda onion;1
hand cheese;1
free cream cheese;1
cinnamon raisin bread;1
chocolate syrup;1
old el paso flour tortilla;1
baguette bread;1
homemade fish stock;1
creamy cheese sauce;1
pork steak;1
equal portion;1
red enchilada sauce;1
chimichurri;1
sausage meat;1
brown potato;1
white cheese;1
good brandy;1
cherry vodka;1
italian tomato paste;1
floret;1
cane syrup;1
boule;1
pork shank;1
rye cracker;1
rice syrup;1
lemon twist;1
lid;1
roast;1
thick ring;1
knox;1
seashell pasta;1
turkey stock;1
pin bon;1
veget;1
sweet piquant pepper;1
white peppercorn;1
ginger ale;1
coriander leaf;1
corn bread;1
less sodium beef broth;1
seedless orang;1
low fat yogurt;1
vermicelli noodl;1
pretzel;1
brown cardamom;1
kind;1
oatmeal;1
white sesame seed;1
grenadine syrup;1
sub bun;1
fruity spanish olive oil;1
piri piri sauce;1
corn grit;1
kohlrabi;1
gluten free macaroni;1
fiddlehead fern;1
sheet;1
didn t use;1
cod filet;1
nonfat milk;1
string bean;1
bunch;1
peanut sauce;1
guava paste;1
coin;1
methi;1
splash;1
egg bun;1
fat swiss cheese;1
olive juice;1
fregola;1
soba;1
low fat chicken broth;1
jessie tirsch;1
emmental;1
ancho chili puree;1
red sockeye;1
veal stock;1
use basmati rice;1
whole wheat pasta;1
red leicester;1
chow mein noodl;1
pink kidney bean;1
garlic pepper sauce;1
gari;1
bowl;1
trout fillet;1
v;1
fat milk;1
scampi;1
white yam;1
broccoli slaw;1
chilean sea bass fillet;1
egg pasta;1
chunky tomato;1
filet mignon;1
gandul;1
chocolate candy bar;1
mirin;1
garlic bread;1
white grape juice;1
grams salt;1
pam;1
raw pumpkin seed;1
mincemeat;1
jalape o chile;1
bream;1
tawny port;1
non fat chicken stock;1
atlantic cod fillet;1
green peppercorn;1
snow pea shoot;1
rosa bianca eggplant;1
rice stick noodl;1
amber;1
burrito;1
soft shell clam;1
turkey london broil;1
ramp;1
purple potato;1
natural yoghurt;1
guava;1
crab claw;1
pinches saffron;1
karo syrup;1
village harvest arborio rice;1
flan;1
ch vre;1
wheat flour;1
instant potato;1
quaker oat;1
quahog;1
side;1
foie gra;1
white corn;1
navy;1
spanish chorizo sausag;1
soft hamburger bun;1
parsley root;1
mussel meat;1
heinz;1
goose;1
pasilla pepper;1
flat anchovy fillet;1
white asparagu;1
frogs leg;1
fettuccine;1
sweet italian pork sausage;1
wildflower honey;1
mexican spice blend;1
olive oil mayonnaise;1
rigatoni;1
albacore tuna;1
lipton recipe secrets onion soup;1
yucca;1
dente;1
kitchen bouquet;1
andouille sausage link;1
light soy sauce;1
cocktail sauce;1
vanilla yogurt;1
gallon tomato juice;1
ragu chunky pasta sauce;1
banger;1
non dairy margarine;1
dill seed;1
sweet yellow pepper;1
parma ham;1
alaskan king crab leg;1
eggnog;1
pomelo;1
kirschenliqueur;1
pork fat;1
boneless moulard duck breast;1
orgeat syrup;1
focaccia;1
patty;1
mandarin orang;1
pork rib chop;1
fleur du sel;1
black cumin seed;1
baba ghanoush;1
stick butter;1
ramen noodl;1
rogan josh curry paste;1
toston;1
boar;1
white rum;1
dessert;1
whole coriander seed;1
white chocolate;1
boneless rib eye steak;1
white bread flour;1
donnie s spice;1
whole egg;1
potato roll;1
envelope taco;1
soy sausage;1
mini bagel;1
red spanish table wine;1
method;1
bacon grease;1
teardrop tomato;1
asian fish sauce;1
gumbo file powder;1
prepar pesto;1
white velveeta;1
sweet italian turkey sausage;1
spicy mixed vegetable juice;1
octopu;1
italian style salad;1
calabaza;1
instruction;1
red chard;1
ciabatta roll;1
pink snapper;1
velveeta cheese;1
nori;1
apple liquor;1
whole scallion;1
goya corn oil;1
chicken sausag;1
williams sonoma pecorino romano pasta sauce;1
beet green;1
lamb stock;1
tumeric;1
turnip top;1
free marinara sauce;1
manicotti;1
ranch style;1
fryer chicken;1
cubanelle pepper;1
kahlua liqueur;1
french fri;1
bone;1
finger;1
ajwain;1
shungiku;1
mahi mahi fillet;1
cappicola ham;1
soft shell;1
lentilles du puy;1
edible flower;1
candy can;1
chocolate chunk;1
light rye bread;1
chickpeas garbanzo bean;1
soft taco size flour tortilla;1
yam;1
barberry;1
agar;1
liter ginger ale;1
brown dark firmli pack sugar;1
lower sodium soy sauce;1
chat masala;1
liver;1
link chorizo;1
toast point;1
circl;1
apricot juice;1
lager;1
cayenne pepper sauce;1
aguardiente;1
wish bone italian;1
roast turkey carcas;1
pork stock;1
paste tomato;1
spanish tuna;1
veal shoulder;1
whole zucchini;1
cumberland sausage;1
margarita;1
low sodium fat free chicken broth;1
curry leaf;1
sticky rice;1
white rice flour;1
lamb shoulder chop;1
japanese mayonnaise;1
low fat cream cheese;1
sodium chicken stock;1
rice bran;1
pita pocket;1
orange rind;1
balsamic vinaigrette;1
light rum;1
bulb;1
veal cutlet;1
loav;1
coppa;1
french bread baguette;1
linguica;1
bun dog frankfurt;1
pepper vodka;1
full fat coconut milk;1
macadamia nut;1
chicken tenderloin;1
cans pinto bean;1
gourmet garden parsley;1
greek oliv;1
tim;1
fajita size flour tortilla;1
alfredo sauce;1
organic butter;1
carrot juice;1
grams corn syrup;1
block mozzarella cheese;1
tomato bouillon;1
picante sauce;1
red swiss chard;1
raw pistachio;1
honeydew;1
empanada;1
stale crusty bread;1
xa teaspoon xa kosher salt;1
chuck beef;1
gluten free biscuit;1
white bean yogurt sauce;1
honeycrisp appl;1
chuck steak;1
cardoon;1
carpaccio;1
pink grapefruit juice;1
muffin;1
masa;1
regular tomato;1
galangal;1
links chorizo;1
boqueron;1
pumpkin puree;1
xa yellow onion;1
nonpareil caper;1
