garlic;2744
fish sauce;1785
cilantro;1618
ginger;1592
lime juice;1370
salt;1302
coconut milk;1210
soy sauce;1178
water;1027
carrot;1001
lime;1000
peanut;989
green onion;939
sugar;864
brown sugar;795
red pepper;757
chicken breast;703
vegetable oil;683
olive oil;679
onion;655
sesame oil;645
red bell pepper;612
red curry paste;595
rice vinegar;583
egg;577
shallot;567
pepper;534
cilantro leaf;523
lemongras;515
shrimp;511
scallion;487
oil;482
black pepper;453
red chili pepper;437
sriracha;429
coriander;418
honey;385
sweet chili sauce;385
beansprout;380
rice noodl;362
cucumber;355
thai basil;353
chicken;340
mint;326
peanut butter;325
kaffir lime leaf;321
coconut oil;317
basil;316
purple onion;299
thai chile;297
creamy peanut butter;276
kosher salt;272
basil leaf;265
canola oil;249
peanut oil;243
zucchini;237
sea salt;233
rice;233
palm sugar;229
corn starch;228
chicken stock;221
chicken broth;218
jalapeno chily;207
turmeric;207
curry powder;201
light coconut milk;200
chili;193
tomato;190
spring onion;189
sesame seed;187
cumin;186
green curry paste;185
sauce;181
chicken thigh;174
mushroom;172
mango;165
galangal;162
yellow onion;161
low sodium soy sauce;161
oyster sauce;156
red cabbage;153
jasmine rice;152
chili sauce;151
ginger root;148
curry paste;145
green bean;137
lemon juice;136
cayenne pepper;132
butter;130
thai fish sauce;129
white pepper;128
sweet potato;127
chili paste;127
cashew nut;125
garlic powder;121
coconut;119
bird chile;119
mint leaf;119
lemon gras;115
broccoli;115
bell pepper;114
flour;114
beef;113
pork;113
extra firm;109
white sugar;107
pineapple;106
lime zest;105
garlic chili sauce;104
vegetable broth;102
cherry tomato;101
hoisin sauce;100
tamari soy sauce;98
snow pea;98
cabbage;97
sodium soy sauce;97
asian fish sauce;96
milk;92
firm;91
tamarind paste;90
full fat coconut milk;90
green chily;90
white vinegar;88
chili powder;88
light soy sauce;87
coriander seed;87
coconut cream;85
bok choy;85
maple syrup;84
vegetabl;84
quinoa;83
napa cabbage;82
avocado;81
white rice;80
dark soy sauce;80
brown rice;79
sugar pea;79
lemon;79
peanut sauce;79
coconut sugar;78
roast peanut;77
shrimp paste;77
spinach;76
paprika;74
shiitake;73
radish;73
green bell pepper;71
coconut amino;70
agave nectar;69
turkey;68
apple cider vinegar;68
mayonnaise;68
pea;68
english cucumber;68
natural peanut butter;67
dark brown sugar;67
vegetable stock;67
potato;66
low sodium chicken broth;66
edamame;66
butternut squash;66
mung bean sprout;65
cashew;65
broccoli floret;65
eggplant;62
cumin seed;62
boneless chicken breast;61
romaine lettuce;60
bamboo shoot;60
corn;58
chunky peanut butter;57
almond;57
clove;56
chickpea;56
yellow bell pepper;55
flank steak;55
lettuce leaf;54
almond butter;54
cilantro root;53
tomato paste;52
lettuce;51
prawn;51
noodl;51
celery;51
kale;51
mozzarella cheese;50
lite coconut milk;50
chicken wing;50
rice vermicelli;49
vinegar;49
ketchup;49
cauliflower;48
white onion;48
star anise;48
parsley;47
serrano chile;47
sambal ulek;47
juice;47
cinnamon;46
green cabbage;46
leaf;46
salmon fillet;45
chiv;44
black peppercorn;43
chili pepper;43
asparagu;42
vanilla;41
lime leaf;41
chile pepper;41
marinade;41
ice;40
linguine;39
bean;39
sweet onion;38
cilantro sprig;38
panko breadcrumb;38
basmati rice;38
tamarind concentrate;37
mussel;37
cayenne;36
cinnamon stick;36
red capsicum;36
slaw;35
rice wine vinegar;35
rice stick noodl;35
bread crumb;35
spinach leaf;35
green pepper;34
salad green;34
red onion;34
chile paste;34
pumpkin;34
sunflower oil;34
water chestnut;33
white wine;33
yellow curry paste;32
onion powder;32
thai noodl;32
bay leaf;32
herb;32
sodium chicken broth;31
red chili;31
orange bell pepper;31
orange;31
salad;30
orange juice;30
worcestershire sauce;30
wine;30
sticky rice;29
flour tortilla;29
chinese five spice powder;29
gingerroot;29
butter lettuce;29
serrano pepper;29
thai chili paste;28
pasta;28
rotisserie chicken;28
rice paper;28
dark sesame oil;27
tamarind;27
egg whit;27
green papaya;27
corn flour;27
mirin;27
spaghetti squash;27
spaghetti;26
seed;26
wide rice noodl;26
pork tenderloin;26
tea;26
red wine vinegar;26
white wine vinegar;26
lime rind;25
chili oil;25
yellow pepper;25
teriyaki sauce;25
iceberg lettuce;25
ginger paste;25
brown rice noodl;25
green;24
straw mushroom;24
garlic paste;24
curry;24
raw cashew;24
chicken finger;24
broth;24
pineapple chunk;24
raw honey;23
broccoli slaw;23
sirloin steak;23
pineapple juice;23
pizza dough;23
powder;22
leek;22
ramen noodl;22
button mushroom;22
clov;21
lemon zest;21
stevia;21
vietnamese fish sauce;21
gluten free tamari;21
stock;21
cardamom;21
sweet soy sauce;21
edamame bean;20
peppercorn;20
yellow squash;20
celery rib;20
sherry;20
salmon;20
serrano chily;20
whitefish fillet;20
egg yolk;20
meat;20
wonton wrapper;20
salsa;20
wrapper;20
matchstick carrot;19
white peppercorn;19
rice flour;19
caster sugar;19
fry sauce;19
chicken breast fillet;19
cream;19
reduced sodium tamari sauce;19
white mushroom;19
nutmeg;19
pumpkin pur e;19
pork loin;19
bean sprout;19
heavy cream;19
rice stick;19
nam pla;18
brussels sprout;18
bawang goreng;18
red lentil;18
chile;18
cornstarch;18
gluten;18
cider vinegar;18
neutral oil;18
pepper sauce;18
mustard;18
watercres;18
egg noodl;18
zest;17
soda;17
boston lettuce;17
veggy;17
panang curry paste;17
shiitake mushroom;17
lim;17
chicken drumstick;17
panko;17
tomato sauce;17
cardamom pod;17
grape tomato;17
banana;16
persian cucumber;16
fry vegetable blend;16
raisin;16
steak;16
broccolini;16
crosswise;16
capsicum;16
black sesame seed;16
fish;16
soba noodl;16
tahini;16
black bean;15
chile sauce;15
coconut water;15
green pea;15
low sodium vegetable broth;15
jumbo shrimp;15
liquid amino;15
squid;15
boneless chicken thigh;15
skirt steak;15
rice wine;14
arugula;14
thyme;14
kecap mani;14
massaman curry paste;14
spic;14
chinese cabbage;14
whitefish;14
balsamic vinegar;14
fat;14
almond milk;14
rib;14
pork belly;14
molass;13
tortilla;13
cream cheese;13
corn kernel;13
gai lan;13
papaya;13
curry sauce;13
wheat;13
long grain rice;13
white sesame seed;13
plum tomato;13
light mayonnaise;13
roma tomato;13
daikon;13
dill;12
green chile;12
saffron;12
sweet basil;12
sour cream;12
vermicelli noodl;12
seedless cucumber;12
free soy sauce;12
fish fillet;12
sea scallop;12
cashew butter;12
cauliflower floret;12
red chile pepper;12
bread;12
tapioca flour;12
romaine lettuce leaf;12
glass noodl;11
plain greek yogurt;11
short rib;11
chia seed;11
chicken leg;11
tuna;11
bean thread;11
naan;11
low sodium chicken stock;11
rib eye steak;11
fresno chil;11
chili garlic paste;11
tamarind juice;11
beef sirloin;11
whole milk;11
regular soy sauce;11
tamarind pulp;11
oregano;11
garam masala;11
pea pod;11
yukon gold potato;11
bun;11
fish stock;10
corn tortilla;10
fennel seed;10
black tea;10
dijon mustard;10
avocado oil;10
cane sugar;10
parmesan cheese;10
spice;10
sprout;10
coleslaw;10
nutritional yeast;10
fillet;10
boneless chicken;10
apple juice;10
scallop;10
king prawn;10
beef tenderloin;10
crimini mushroom;10
grate lime peel;10
crab;10
sweet corn;10
udon;10
ghee;10
simple syrup;10
whole wheat tortilla;10
recipe;10
chicken meat;10
white button mushroom;10
jicama;10
bacon;10
japanese eggplant;10
tapioca starch;10
sweetener;9
sake;9
himalayan salt;9
floret;9
shirataki;9
chicken thigh fillet;9
turnip;9
safflower oil;9
parsley leaf;9
organic coconut milk;9
kaffir lime;9
brown rice vinegar;9
vanilla bean;9
garlic puree;9
sweet pepper;9
tiger prawn;9
coriander powder;9
tilapia fillet;9
thai eggplant;9
thai chili;9
plain yogurt;9
kabocha squash;9
hamburger bun;9
rice powder;9
hothouse cucumber;9
plain flour;9
kelp noodl;9
dat;9
sambal chile paste;9
thai basil leaf;9
flatbread;9
sodium tamari;8
black rice;8
soy;8
brown basmati rice;8
salad leaf;8
almond flour;8
flat leaf parsley;8
organic sugar;8
chicken tenderloin;8
beef stock;8
sunflower seed butter;8
angel hair;8
tomato ketchup;8
beef broth;8
nuoc nam;8
white cabbage;8
turbinado;8
cardamom seed;8
meatball;8
lime peel;8
greek yogurt;8
garlic chiv;8
asian chili sauce;8
sirloin;8
cheddar cheese;8
oliv;8
cremini mushroom;8
turkey breast;8
red potato;8
garlic salt;8
cardamon;8
length;7
shrimp shell;7
peach;7
thai tea leaf;7
curry leaf;7
tortilla chip;7
chinese chiv;7
orange marmalade;7
tomato pur e;7
red jalapeno pepper;7
pizza crust;7
boneless pork chop;7
cheese;7
pork loin chop;7
tamarind pur e;7
white rum;7
thigh;7
golden raisin;7
squash;7
coconut flour;7
savoy cabbage;7
jalapeno pepper;7
soup;7
smooth natural peanut butter;7
pomegranate seed;7
lump crab meat;7
splenda;7
pandanus leaf;7
shoyu;7
squirt;7
nut;7
burger bun;7
syrup;7
filet;7
glutinous rice;7
chicken breast tender;7
appl;7
mild curry powder;7
bone in skin on chicken thigh;7
arbol;7
yam;7
low fat coconut milk;7
seafood;7
fruit;7
pomelo;6
chiffonade;6
banana leaf;6
cans coconut milk;6
sesame;6
whole black peppercorn;6
drummett;6
tom yum paste;6
duck breast;6
roll;6
pak choi;6
vegan mayonnaise;6
boneless pork loin;6
vidalia onion;6
buttermilk;6
arborio rice;6
ponzu;6
crab meat;6
arrowroot powder;6
nama shoyu;6
liquid smoke;6
chinese egg noodl;6
nuoc mam;6
base;6
chunk;6
ear;6
mustard seed;6
coconut vinegar;6
watermelon;6
mango chutney;6
mung bean;6
medjool date;6
paste;6
oyster mushroom;6
plum sauce;6
white part;6
garbanzo bean;6
oat;6
erythritol;6
leaf lettuce;6
anaheim chile;6
pork chop;6
halibut fillet;6
clam juice;6
orange zest;6
whole chicken;6
jasmine;6
york strip steak;6
chilli paste;6
clam;6
mint sprig;6
shrimp stock;6
vodka;5
lentil;5
lo mein noodl;5
philadelphia cream cheese;5
farro;5
lard;5
asian eggplant;5
arrowroot;5
whole wheat spaghetti;5
red chilli;5
liquid;5
coffee;5
flaxseed;5
knife;5
tea bag;5
canola;5
bibb lettuce;5
apricot;5
yeast;5
acorn squash;5
serrano;5
sunflower seed;5
green mango;5
low salt chicken broth;5
sherry vinegar;5
gluten free tamari sauce;5
beef fillet;5
portabello mushroom;5
muscovado sugar;5
cod fillet;5
strawberry;5
raw sugar;5
homemade chicken broth;5
satay dip;5
red chili powder;5
haricots vert;5
spring;5
japanese cucumber;5
green leaf lettuce;5
red thai curry paste;5
pork shoulder;5
beef rump steak;5
root vegetabl;5
club soda;5
chuck;5
pink grapefruit;5
corn oil;5
sweet paprika;5
pearl tapioca;5
cornmeal;5
shell;5
linguini;5
red chilly;5
cole slaw;5
shrimp tail;5
chicken part;5
thai chili garlic sauce;5
baton;5
cm length;5
chile powder;5
fat creamy peanut butter;5
green peppercorn;5
chinese noodl;4
green part;4
oyster;4
walnut;4
granny smith appl;4
asparagus spear;4
bbq sauce;4
light corn syrup;4
ginger pur e;4
poblano chil;4
grapefruit;4
garnish;4
beet;4
whole cashew;4
cocoa powder;4
bia;4
allspice;4
sushi rice;4
boneless beef chuck;4
yellow summer squash;4
mung bean noodl;4
multigrain bread;4
mushroom soy sauce;4
russet potato;4
coriander leaf;4
low sodium vegetable stock;4
head cauliflower;4
gari;4
chip;4
salad oil;4
scallion green;4
stalk;4
ramen;4
whole wheat flour;4
soy milk;4
lemon peel;4
green cardamom pod;4
bouillon;4
breadcrumb;4
radicchio;4
pesto;4
skin;4
rump steak;4
string bean;4
thai jasmine rice;4
snapper;4
thai kitchen coconut milk;4
piece;4
snow pea pod;4
raspberry;4
red chile;4
champagne vinegar;4
halibut;4
golden beet;4
heirloom tomato;4
alfalfa sprout;4
vermicelli;4
lemongrass stalk;4
pistachio;4
thai chil;4
monterey jack;4
italian basil;4
lacinato kale;4
beef stew meat;4
seafood stock;4
fat coconut milk;4
cucumber salad;4
homemade chicken stock;4
oyster flavor sauc;4
rum;4
natural sweetener;4
sourdough bread;4
celery stick;4
puff pastry sheet;4
mini cucumber;4
barbecue sauce;4
lower sodium soy sauce;4
smooth peanut butter;4
pea shoot;4
cabbage leaf;4
gourmet garden garlic paste;4
chinese celery;4
orange peel;4
rice bran oil;4
duck drumstick;4
ice cream;4
organic coconut oil;4
pork fillet;4
sour sauce;3
bread roll;3
boneless sirloin steak;3
gochujang base;3
top sirloin;3
organic vegetable broth;3
low heat;3
red chile paste;3
pickl;3
sodium beef broth;3
galanga powder;3
chard;3
hokkien noodl;3
boneless pork shoulder;3
ancho powder;3
caramel sauce;3
bean paste;3
shimeji mushroom;3
turkey leg;3
white corn tortilla;3
light rum;3
raw shrimp;3
lamb shank;3
fish ball;3
fresno pepper;3
swiss chard;3
madras curry powder;3
arrowroot starch;3
country bread;3
beef brisket;3
red kidney bean;3
nigella seed;3
sweet mini bell;3
feta cheese;3
sandwich bread;3
date sugar;3
chinese rice vinegar;3
liquid stevia;3
mandarin orang;3
chily;3
pecan;3
poblano pepper;3
baguette;3
chickpea flour;3
tumeric;3
celery root;3
cannellini bean;3
summer squash;3
squash seed;3
teriyaki marinade;3
soybean sprout;3
light cream;3
steak fillet;3
bay scallop;3
asian basil;3
nappa cabbage;3
lemon rind;3
stevia powder;3
albacore;3
bow tie pasta;3
sweet rice;3
minut;3
banana pepper;3
diagonal;3
black bean sauce;3
fenugreek;3
peanut flour;3
bone in pork chop;3
hanger steak;3
whole wheat pizza crust;3
nut butter;3
french bread;3
coconut butter;3
lager;3
shiitake mushroom cap;3
pinenut;3
lamb;3
thai shrimp paste;3
reduced sodium chicken broth;3
couscou;3
white bean;3
chipotl;3
szechwan peppercorn;3
hemp seed;3
pork butt;3
crabmeat;3
coconut meat;3
kiwi;3
provolone cheese;3
red snapper;3
guajillo chil;3
chuck roast;3
roast beef;3
chow mein noodl;3
garlic sauce;3
ginger juice;3
applesauce;3
progresso chicken broth;3
tapioca pearl;3
soda water;3
tangerine;3
cake;3
pomegranate;3
sambal olek;3
vinaigrette;3
okra;3
goat cheese;3
nonfat yogurt;3
chinese mustard root;3
devein;3
mild olive oil;3
pea eggplant;3
galanga;3
pan;3
maldon sea salt;3
juice concentrate;3
hass avocado;3
fry noodl;3
reduced fat milk;3
rock salt;3
flax;3
tamarind water;3
homemade;3
buckwheat noodl;3
min;3
veget;3
macadamia nut;3
mustard green;3
tequila;3
collard green;3
dark leafy green;3
halloumi;3
golden brown sugar;3
asian noodl;3
vegetable bouillon;3
round steak;3
rock sugar;3
european cucumber;3
liquid honey;3
inch;3
blueberry;3
end;3
pork rib;3
table salt;3
whole makrut lime leaf;3
nonstick;3
calamansi juice;3
corn on the cob;3
pumpkin seed;3
whole wheat linguine;3
butternut;3
black sticky rice;3
beer;3
cod;3
beef steak;3
chocolate;3
freekeh;3
fish broth;3
raw almond;3
meat bon;3
ricotta cheese;3
kidney bean;3
red chile powder;3
seitan;3
anchovy paste;3
microgreen;3
caramel;3
jif creamy peanut butter;3
white flour;3
ginger piece;3
creole;3
fettucine;3
yoghurt;3
tilapia;3
sweet pea;3
star anise pod;3
light agave nectar;2
nonfat greek yogurt;2
focaccia;2
breast;2
pomegranate juice;2
liquid sweetener;2
cuttlefish ball;2
liqueur;2
flax egg;2
tahini paste;2
sweet thai basil;2
beef tenderloin steak;2
habanero chile;2
tatsoi;2
free variety;2
liver;2
tomato juice;2
container vanilla low fat yogurt;2
cal;2
makrut;2
mahi mahi fillet;2
celtic salt;2
ume plum vinegar;2
turkey meat;2
carrot stick;2
beef marrow;2
buckwheat soba noodl;2
asian;2
accompaniment;2
roast beef deli meat;2
mild salsa;2
honey mustard;2
key lime;2
balsamico bianco;2
crumb;2
pork rind;2
anchovy fillet;2
stalks lemongras;2
type;2
green chilly;2
lemon pepper;2
italian style breadcrumb;2
hummu;2
low fat mayonnaise;2
red grapefruit juice;2
celery leaf;2
gin;2
sumac;2
sweet corn kernel;2
aubergine;2
duck;2
swiss cheese;2
wok oil;2
medium grain rice;2
meyer lemon;2
beefsteak tomato;2
raw prawn;2
less sodium chicken broth;2
ginger ale;2
fillet steak;2
aioli;2
pandan essence;2
mango juice;2
wonton;2
chilli powder;2
low sodium teriyaki sauce;2
coriander cilantro;2
bottom;2
bittersweet chocolate;2
turkey thigh;2
ham;2
cabbage head;2
cane juice;2
hour;2
cracker;2
culantro;2
tender midsection;2
aisle;2
black eyed pea;2
clear honey;2
cutlet;2
winter melon;2
stew meat;2
fennel bulb;2
frond;2
stalk lemongras;2
low sodium beef broth;2
pati;2
pita;2
monterey jack cheese;2
lobster meat;2
red sockeye;2
grapefruit juice;2
gelatin;2
frank;2
chicken liver;2
chicken fillet;2
green capsicum;2
chile garl sauc;2
flat rice noodl;2
vegetable;2
low fat;2
cranberry sauce;2
direction;2
extrafirm;2
pork shoulder roast;2
cod fish;2
halibut steak;2
coconut juice;2
kohlrabi;2
tomatillo;2
yellow food;2
thyme leaf;2
bunch;2
g bean sprout;2
natural yogurt;2
parsnip;2
tough outer leaf;2
old fashioned oat;2
candy;2
tentacl;2
chicken bon;2
old ginger;2
beef rib;2
old bay;2
heart;2
wheat flour;2
whole wheat bun;2
bean curd;2
bone broth;2
g peanut;2
filet mignon;2
kangkong;2
natural sugar;2
savory;2
arbol chile;2
portobello mushroom;2
red leaf lettuce;2
wild salmon;2
green pepper sauce;2
whole wheat pizza dough;2
kirby cucumber;2
chipotle pepper;2
container reduced fat sour cream;2
frisee;2
dog bun;2
kale leaf;2
brioche bun;2
non veg;2
slider bun;2
pomegranate molass;2
groundnut;2
cr me fra che;2
white bulb;2
chicken base;2
peanut powder;2
sugar substitute;2
white rice flour;2
chicken salad;2
lettuce heart;2
thick soy sauce;2
cm;2
red grap;2
thai kitchen premium fish sauce;2
ring;2
sausage casing;2
knorr pasta side;2
enokitake;2
challa;2
whole peppercorn;2
tabasco pepper sauce;2
broad bean;2
starch;2
heinz chili sauce;2
kung pao sauce;2
eggplant bulb;2
seedless watermelon;2
pepper jack;2
tail;2
thai chili powder;2
plain bread crumb;2
butter sauce;2
key lime juice;2
vegetable stock powder;2
lemongrass paste;2
confectioners sugar;2
protein powder;2
chinese rice wine;2
nectarin;2
jaggery;2
glaze;2
bone in chicken breast;2
laksa paste;2
kimchi;2
coconut syrup;2
top sirloin steak;2
winter squash;2
chinese parsley;2
drained;2
garlic bulb;2
butterhead lettuce;2
varnish clam;2
soymilk;2
maggi fish sauce;2
rosemary;2
poppy seed;2
whole coriander seed;2
choice;2
fennel;2
boneless beef top sirloin steak;2
napa cabbage leaf;2
stalks lemon gras;2
cacao nib;2
matchstick;2
butter lettuce leaf;2
red food;2
rotisserie chicken breast;2
green cardamom;2
whole wheat spaghetti noodl;2
crusty roll;2
low sodium broth;2
brown palm sugar;2
bean thread vermicelli;2
bourbon whiskey;2
melon;2
stalk celery;2
soba;2
thai chily;2
fish paste;2
bird eye chilli;2
vanilla ice cream;2
buttery;2
sirloin tip;2
raw cacao powder;2
thai chile pepper;2
chili garlic sauce;2
lyche;2
espresso;2
dark meat;2
solid pack pumpkin;2
dinner roll;2
ml coconut milk;2
soybean paste;2
asian herb;2
crust;2
navel orang;2
chicken leg quarter;2
red chile sauce;2
marinara sauce;2
i;2
wide rice stick noodl;2
inch piece galangal;2
mace;2
heat;2
lobster;2
guajillo;2
asian pear;2
cake flour;2
dog;2
bunch cilantro;2
sausag;2
cherry;2
xanthan gum;2
pasta water;2
orange juice concentrate;2
chilli;2
loin pork roast;2
round;2
pearl onion;2
berry;2
calorie sweetener;2
wild mushroom;2
snapper fillet;2
angel hair pasta;2
caster;2
thai ginger;2
turkey mince;2
whole wheat bread;2
piece galangal;2
endive;2
chopped;2
low fat greek yogurt;2
coconut chip;2
romano cheese;2
pear;2
reduced sodium soy sauce;2
alcohol;2
white bread;2
tuna steak;2
whole star anise pod;2
grill;2
stick;2
hand;2
ciabatta;2
tapioca;2
linguini width;2
light chicken stock;2
red wine;2
runny honey;2
red beet;2
banana blossom;2
thai;2
crumbl;2
green chile pepper;2
inch piece ginger;2
masala;2
oriental radish;2
chicken stock concentrate;2
malt vinegar;2
spice powder;2
stalk lemon gras;2
brown lentil;2
nori;2
sambal;2
bragg liquid amino;2
blackberry;2
anise;2
horseradish;2
free egg;2
big handful;2
green leaf;2
pad thai rice noodl;2
dark molass;2
spanish oliv;1
tb olive oil;1
tricolor quinoa;1
chicken tender;1
soy paste;1
ripe;1
italian sausage;1
redfish fillet;1
bosc pear;1
jerk;1
cuban pepper;1
tbsp peanut butter;1
spicy asian;1
sandwich wrap;1
runner bean;1
ramen soup;1
sugar ketchup;1
tender end;1
crisco;1
kabosu;1
vegetarian bouillon;1
sun gold tomato;1
triple sec;1
whole wheat breadcrumb;1
instant yeast;1
skin on;1
huy fong;1
brand;1
sweet glutinous rice;1
bunches rice noodl;1
sorghum flour;1
sandwich bun;1
g caster sugar;1
vegan cheese;1
lemongrass syrup;1
chinese ginger;1
cashewmilk;1
green bird s eye chil;1
gluten free pretzel;1
virginia ham;1
juniper berry;1
saigon cinnamon;1
plastic food storage bag;1
macaroni;1
penne pasta;1
thai bird chile;1
table sugar;1
tbsp fish sauce;1
low sodium fat free chicken broth;1
whole kernel corn;1
knorr menu flavors rice sides thai curry;1
grey salt;1
kraft miracle whip;1
temperature;1
piece lemongras;1
sichuan pepper;1
mustard powder;1
pandan juice;1
g snow pea;1
betel leaf;1
cantaloupe;1
triangl;1
yogurt;1
flank;1
rhubarb stalk;1
coconutmilk;1
clear vegetable stock;1
white chocolate chip;1
pineappl;1
filipino eggplant;1
finger chili;1
whole shallot;1
homemade broth;1
kamaboko;1
sweet chili soy sauce;1
free rice chex;1
cres;1
cooky;1
plain breadcrumb;1
barramundi fillet;1
msg;1
whole wheat hamburger bun;1
red serrano chily;1
broccoli rabe;1
reduced fat mayonnaise;1
vietnamese coriander;1
head;1
polenta;1
espresso powder;1
free milk;1
inch piece;1
roast chicken;1
inner core;1
spoon chilli paste;1
whole grain;1
whole wheat pita bread round;1
boy choy;1
puff;1
tuong;1
mini chocolate egg;1
sprigs spring onion;1
quail egg;1
mahi mahi;1
vietnamese chile paste;1
tbsp sesame oil;1
cos lettuce;1
brown rice flour;1
french breakfast radish;1
thai beef salad noodle bowl;1
spring water;1
japanese noodl;1
cayenne chilly;1
brioche bread;1
skippy creamy peanut butter;1
squid tube;1
trout fillet;1
yolk;1
pig;1
thai rice noodl;1
rhubarb;1
tamarind sauce;1
chicken cutlet;1
brown mushroom;1
fancy snow pea;1
fat free chicken broth;1
courgette;1
chinese turnip;1
shallot peanut sauce;1
elbow macaroni;1
asian style salad;1
olive;1
cashew chop unsalt;1
philadelphia light cream cheese;1
sunsweet pineapple;1
coconut rum;1
house;1
monkfish;1
brown onion;1
brown sugar blend;1
gourd;1
pale ale;1
egg tagliatelle;1
no chicken broth;1
spicier soup;1
gyoza wrapper;1
grass fed cheese;1
whole wheat noodl;1
reduced fat coconut milk;1
head broccoli;1
puy lentil;1
tart;1
bird pepper;1
boston lettuce leaf;1
mexican oregano;1
quail;1
artichok;1
banh pho rice noodl;1
whole wheat penne;1
light;1
spare rib;1
sparerib;1
fat free low sodium chicken broth;1
black vinegar;1
dark rum;1
popcorn kernel;1
extra firm silken;1
block;1
millet;1
lima bean;1
brown muscovado sugar;1
ounce mahi mahi fillet;1
loin pork chop;1
regular lime zest;1
basa fillet;1
fenugreek seed;1
wheat bran;1
lamb loin;1
crusty bread;1
silken;1
cornish game hen;1
signature tilapia;1
plain whole milk yogurt;1
gm light palm sugar;1
sesame paste;1
free range egg;1
count;1
peppadew;1
fat chunky peanut butter;1
spice aisle;1
ml chicken stock;1
japanese style bread crumb;1
french baguette;1
poultry;1
red chori;1
french;1
tbsp water;1
bisquick;1
aquafaba;1
dark chocolate;1
ounce bottle clam juice;1
wheat sandwich roll;1
sushi nori;1
full fat;1
tamari tamari;1
color;1
red sauc;1
birds eye chilly;1
hawaiian roll;1
rocket leaf;1
beet juice;1
golden zucchini;1
sponge;1
tbsp lime juice;1
pace picante sauce;1
black soy sauce;1
condiment;1
a ai powder;1
boneless salmon fillet;1
multigrain roll;1
red chily;1
vanilla bean paste;1
healthy vegetable oil;1
chicken bouillon granul;1
teriyaki glaze;1
free panko breadcrumb;1
carcas;1
rooibo;1
pearl couscou;1
tamari;1
kit;1
coco;1
green lentil;1
vein;1
boneless pork tenderloin;1
uncook;1
kikkoman soy sauce;1
tamarind puree concentrate;1
part skim mozzarella cheese;1
king oyster mushroom;1
coconut milk yogurt;1
maitake mushroom;1
mee;1
head iceberg lettuce;1
satsuma imo;1
green tail shrimp;1
debearded;1
black cod;1
spanish onion;1
land o lakes butter;1
leg;1
round rice wrapper sheet;1
toast;1
handful button mushroom;1
green tea;1
lavender;1
sugar cane;1
malt;1
yellow bean sauce;1
tri tip;1
grainy mustard;1
basil pesto;1
white potato;1
roughy;1
whole wheat couscou;1
black mustard seed;1
taste;1
knox gelatine;1
bunches cilantro leaf;1
jello;1
leaves thai basil;1
sucanat;1
chestnut mushroom;1
urad dal;1
flat rice stick;1
bulgur;1
green string bean;1
vegetable slaw;1
flax seed;1
pint cherry tomato;1
caribbean jerk;1
sweet pickle spear;1
handful mint leaf;1
kha;1
sage leaf;1
tongue;1
whole sichuan peppercorn;1
anchovy filet;1
tamarind puree;1
turkey sausage;1
su choy;1
chile garlic sauce;1
organic chicken;1
raw tiger prawn;1
g rice vermicelli noodl;1
lamb neck fillet;1
japanese sesame oil;1
real mayonnaise;1
thai kitchen lite coconut milk;1
gochugaru;1
cracker crumb;1
adobo;1
florida grapefruit rind;1
catsup;1
tough outer layer;1
sodium vegetable broth;1
sucralose;1
maple sugar;1
ml vegetable stock;1
mini mozzarella ball;1
fish bouillon;1
ml lime juice;1
maraschino cherry;1
potato peeler;1
chicken breasts cubed;1
easiest;1
cherimoya;1
head leaf lettuce;1
raw king prawn;1
thai garlic chile paste;1
flatout flatbread;1
sage;1
chicken boullion;1
green appl;1
low fat buttermilk;1
punnet cherry tomato;1
asian chile pepper sauce;1
gala appl;1
dark chocolate cocoa powder;1
russet;1
spanish chorizo;1
quinoa pasta;1
mizuna;1
grap;1
coriander paste;1
pie pumpkin;1
puff pastry;1
cauliflower floweret;1
relish;1
beef bon;1
turkey meatball;1
taco shell;1
cashew milk;1
chinese chili oil;1
skewer;1
boat;1
curry creamier;1
semi ripe mango;1
cane vinegar;1
purslane;1
tom yum marinade;1
jalapeno;1
cranberry;1
handful pak choi;1
roast;1
preference;1
thai chilli;1
sweet gherkin;1
kiwi fruit;1
chinese sesame paste;1
chop;1
broccoli raab;1
waffle;1
gluten free oat;1
tbsp vegetable oil;1
golden caster sugar;1
yellow capsicum;1
rice paper round;1
regular green bean;1
vegetarian oyster sauce;1
kielbasa;1
table syrup;1
chicken noodle soup;1
pork pork mince;1
black trumpet mushroom;1
pork roast;1
ginger syrup;1
thai pepper garlic sauce;1
gluten free bun;1
flora cuisine;1
sriracha sauce;1
yellow tomato;1
bitter;1
squid ring;1
thai chili pepper;1
pickle juice;1
pork neck;1
chinese duck sauce;1
carton chicken broth;1
korean barbecue sauce;1
red chili paste;1
use;1
regular basil;1
big chunk;1
adzuki bean;1
orange bitter;1
century egg;1
fat mayonnaise;1
oat flour;1
wild rice;1
thai bird chily;1
brown ale;1
raw cashew nut;1
bird s eye chily;1
spicy brown mustard;1
honey mustard sauce;1
aleppo pepper;1
bottle clam juice;1
peter pan peanut butter;1
french fry;1
lipton;1
boneless lamb;1
thai anise basil leaf;1
beef eye fillet;1
whole milk yoghurt;1
potato starch;1
slider roll;1
ounce tamarind paste;1
free vegetarian chicken bouillon;1
white inner bulb;1
knorr asian side thai sesam noodl;1
butternut pumpkin;1
pigeon pea;1
mexican chil;1
ranch;1
flat green bean sprout;1
bouillon powder;1
tallow;1
short grain rice;1
pita bread;1
chipotle chile pepper;1
wheel;1
cauliflower head;1
crab leg;1
essence;1
grain;1
loin;1
konjac foods brand;1
duck sauce;1
bag;1
sweet potato flour;1
turmeric powder;1
sweet chile sauce;1
strong black coffee;1
knife blade;1
matchstick cut carrot;1
g alfalfa sprout;1
dungeness crab;1
beef sirloin tip;1
watermelon pur e;1
lb chicken breast;1
organic soy sauce;1
snapper head;1
everclear;1
potato flour;1
chinese spice;1
ml fish sauce;1
corriander;1
wine vinegar;1
chicken breast tenderloin;1
apple juice concentrate;1
coffee bean;1
english hothouse cucumber;1
store bought low sodium chicken stock;1
thai kitchen fish sauce;1
chinese style egg noodl;1
buffalo mozzarella;1
bread flour;1
rosemary sprig;1
granola;1
pork sparerib;1
green top;1
grams shrimp;1
pam;1
daun ketumbar;1
kway teow;1
dal;1
flat;1
sprigs cilantro;1
sweet chili;1
tout;1
bird chil;1
original ranch;1
salmon steak;1
tabasco;1
twist;1
white pepper powder;1
butter oil;1
fry oil;1
holland chile;1
vegan ice cream;1
head red leaf lettuce;1
nakano rice vinegar;1
ml tin coconut milk;1
crisco canola oil;1
chicken sausage;1
sugar cane vinegar;1
spicy mayonnaise;1
ginger nut;1
beef oxtail;1
filet mignon steak;1
pearl rice;1
red shallot;1
meal;1
steak sauce;1
rice vermicelli noodl;1
annatto paste;1
doughnut;1
french bean;1
japanese peanut;1
turkey tenderloin;1
old bread;1
black bean garlic sauce;1
black quinoa;1
ginger flower;1
red jalape o chil;1
green papaya strand;1
spanish paprika;1
grass fed butter;1
bocconcini;1
basil sprig;1
mellow;1
brandy;1
root ginger;1
spicy barbecue sauce;1
ancho chile pepper;1
thai curry paste;1
lot;1
section;1
oriental flavor;1
soy curl;1
corncob;1
red boat;1
cocktail cherry;1
yellow mustard;1
rice pasta;1
handfuls spinach;1
cream style corn;1
imitation crab meat;1
yellow cornmeal;1
pkt;1
rotini;1
piece ginger;1
coconut milk powder;1
shrimp uncook;1
whole chicken leg;1
tangerine juice;1
naan bread;1
spanish peanut;1
boneless rib eye steak;1
soft flour tortilla;1
mild italian sausage;1
opo squash;1
white quinoa;1
heinz tomato ketchup;1
inner bulb;1
soup noodl;1
thai style rice noodl;1
don t;1
free coconut ice cream;1
lamb chop;1
cornish hen;1
sesame peanut oil;1
italian basil leaf;1
pork leg;1
bean thread noodl;1
konbu;1
tamarind pod;1
phyllo pastry;1
pappadam;1
elderflower liqueur;1
dandelion green;1
guacamole;1
sweet asian rice;1
snow crab;1
tom yum soup paste;1
eyeball;1
wasabi powder;1
red jalape o chile;1
slab bacon;1
turkey stock;1
asian rice noodl;1
organic cane sugar;1
mango salsa;1
lite;1
tbsps fish sauce;1
root;1
bit;1
organic low sodium chicken broth;1
outer leaf;1
italian cheese;1
bream;1
alaska cod;1
red grapefruit;1
amaretto;1
sodium chicken stock;1
pectin;1
counter;1
thick coconut milk;1
bartlett pear;1
dill seed;1
uncle ben;1
millimeter;1
honeydew melon;1
worchestershire sauce;1
beef rump;1
indian prawn;1
boneless chicken thigh fillet;1
red swiss chard;1
jack cheese;1
habanero;1
soy bean paste;1
work;1
wedge;1
broiler fryer chicken;1
silver tequila;1
fettucine style rice noodl;1
cookie sheet;1
venison;1
barberry;1
canton ginger liqueur;1
agar;1
brown dark firmli pack sugar;1
t caster sugar;1
tender;1
brown rice pasta;1
round roast;1
custard;1
ounc cans coconut milk;1
seamless crescent dough;1
paleo mayonnaise;1
whole wheat angel hair pasta;1
lemon verbena;1
watermelon juice;1
beef soup bon;1
litres oil;1
sodium fish sauce;1
seltzer;1
sultana;1
green tea powder;1
whole okra;1
arbol chil;1
skim milk;1
calamansi;1
bunch shallot;1
choy sum;1
stick lemon gras;1
anchovy;1
green curry;1
english muffin;1
tonkotsu;1
hamburger roll;1
sodium free chicken stock;1
shrimp prawn;1
grain salt;1
thai style peanut sauce;1
cajun;1
inch chunk;1
white jasmine rice;1
kaffir lime rind;1
onion salt;1
nuoc cham;1
currant;1
jackfruit;1
ramen noodle soup;1
pork cheek;1
stalks celery;1
jeera;1
settl;1
thai chilly;1
giblet;1
beef bone;1
red thai chil;1
almond syrup;1
grams rice noodl;1
moon;1
tb fish sauce;1
japanese breadcrumb;1
branzini;1
fresno chily;1
flat iron steak;1
yu choy;1
ragu sauce;1
pandan;1
dark soy;1
green tomato chutney;1
g rice noodl;1
sandwich roll;1
manzanilla sherry;1
red tomato;1
queso fresco;1
pot sticker;1
bulb;1
green onion top;1
grain rice;1
creamer;1
sesame chili oil;1
wish bone italian;1
fettuccini;1
macadamia oil;1
stir fry noodl;1
sugar cane juice;1
lime wedge;1
citrus juice;1
thyme sprig;1
littleneck clam;1
wood ear mushroom;1
g coconut cream;1
wheat berry;1
whole allspice;1
young ginger;1
red quinoa;1
handful;1
sugar syrup;1
tbsp rice wine vinegar;1
inner seed;1
spelt;1
mincemeat;1
pliable block;1
spring green;1
moonshine;1
classic pizza crust;1
idaho potato;1
braggs liquid amino;1
yellow curry powder;1
fat milk;1
shiso;1
winter gourd;1
pumpkin pie spice;1
fatback;1
swanson chicken stock;1
g salmon;1
garlic chile sauce;1
sweet chilli sauce;1
good quality coconut milk;1
petite pea;1
pork sirloin;1
acorn;1
rutabaga;1
pork sirloin roast;1
raspberry vinegar;1
pork meat;1
lamb fillet;1
ginger beer;1
pearl barley;1
fajita size flour tortilla;1
grand marnier;1
firm silken;1
turkey dog;1
vidalia;1
sea bas;1
browny;1
cassia cinnamon;1
spin;1
g chicken thigh fillet;1
thai lemon basil leaf;1
outer layer;1
blue cheese;1
thai peanut sauce;1
whole star anise;1
pumpkin soup;1
carrot juice;1
calamari ring;1
chicken broth stock;1
spelt flour;1
market;1
pink salt;1
semi soft cheese;1
sauvignon blanc;1
cane syrup;1
coriander root;1
flax seed meal;1
beef mince;1
galangal root;1
rice syrup;1
plum;1
crispy chow mein noodl;1
matzo;1
thai naam pla;1
smokey barbecue sauce;1
pork shoulder boston butt;1
slender eggplant;1
belacan;1
salad onion;1
amount;1
ros wine;1
sea salt several grinds pepper;1
petrale;1
g;1
gomashio;1
chicken carcas;1
crisp;1
ripe hass avocado;1
brisket;1
italian parsley leaf;1
celery seed;1
splenda granular;1
flat inch wide stir fry rice noodl;1
glutinous rice powder;1
g cod;1
yoplait;1
bean sauce;1
chutney;1
palm oil;1
penne;1
barbecue;1
steak salt;1
size shallot;1
julienne;1
mezcal;1
onion top;1
ml coconut cream;1
strip steak;1
size broccoli;1
lemonade concentrate;1
maggi;1
italian pizza crust;1
oreo cooky;1
corn syrup;1
panela;1
sticks lemongras;1
chicken wingett;1
brine;1
size;1
young coconut meat;1
sea bass fillet;1
sel;1
handful cilantro sprig;1
splash fish sauce;1
mesclun;1
fish steak;1
homemade beef stock;1
microplane grater;1
tiparos fish sauce;1
non dairy milk;1
vegetable peeler;1
haddock fillet;1
ton wrapper;1
lengthway;1
pizza topping;1
ginger liqueur;1
garlic oil;1
ripe avocado;1
julienne zucchini;1
japanese rice wine vinegar;1
dijon style mustard;1
pancetta;1
soft brown sugar;1
red delicious appl;1
chinkiang vinegar;1
bunch spring onion;1
tbsp soy sauce;1
pumpkinseed;1
vegan veggie burger;1
peppermint;1
non stick;1
fettuccine;1
stir fry rice noodl;1
bone in chicken;1
balsamic reduction;1
red vinegar;1
hazelnut;1
orange flower water;1
demerara sugar;1
turmeric root;1
roast breast;1
knorr chicken flavor bouillon;1
g pork fillet;1
italian eggplant;1
serrano chil;1
green chil;1
sriracha chili paste;1
lamb stock;1
crispy bacon;1
vital wheat gluten;1
soybean oil;1
flathead;1
margarine;1
burro banana;1
light kind;1
real peanut butter;1
beet green;1
reduced fat sour cream;1
mustard oil;1
lipton recipe secrets onion soup;1
star fruit;1
coconut lime cilantro;1
black oliv;1
fat firm;1
sturgeon;1
quarter size;1
caper;1
thai kitchen;1
maggi chicken stock;1
vine tomato;1
annatto seed;1
seafood sauce;1
puffball mushroom;1
stor;1
duck fat;1
olive oil mayonnaise;1
perilla;1
spaghettini;1
supermarket;1
gluten free flour;1
food stor;1
white chocolate;1
dough;1
large flake coconut;1
fontina cheese;1
red fresno chily;1
yellow corn;1
wild garlic;1
mushroom bouillon;1
sprite;1
sweet pickle juice;1
chinese bun;1
calv;1
parsley sprig;1
whole wheat wrap;1
kala namak;1
dozen cherry tomato;1
light beer;1
g cilantro;1
lager beer;1
yellow lentil;1
maesri brand;1
light pancake syrup;1
thinli;1
white bread flour;1
whole egg;1
mozzarella;1
ml water;1
pine nut;1
can;1
angle;1
riblet;1
head butter lettuce;1
clementine juice;1
oelek;1
equal sweetener;1
salt cod;1
pacific chai;1
topping;1
